{"type":"FeatureCollection","attribution":"geoBoundaries, India ADM1 (2011) and ADM2 (2021), CC BY 2.5 IN / ODbL 1.0","features":[{"type":"Feature","properties":{"shapeName":"Manipur","shapeISO":"IN-MN","shapeID":"1811400B97532436596698","shapeGroup":"IND","shapeType":"ADM1","layer":"state-outline"},"geometry":{"type":"Polygon","coordinates":[[[93.45389382726688,25.324915826952036],[93.45333483171672,25.321564714680232],[93.46653191957196,25.311925058081783],[93.47040459988094,25.30516118384988],[93.4672043723425,25.30176456338686],[93.46306328890135,25.301572976314475],[93.45525758395421,25.293574870076128],[93.4452224392366,25.29144503528443],[93.4439903324508,25.289947117032337],[93.43596139705383,25.287924045766413],[93.43067677712064,25.28304695143006],[93.42742523691486,25.283341515627068],[93.42660447947745,25.279740014194072],[93.42043309479804,25.277561965993684],[93.41583662300005,25.26436999572548],[93.40657850213859,25.260878715205102],[93.4010639584084,25.260717322734298],[93.3935631722114,25.254841773555555],[93.39249415726036,25.25006966433299],[93.38649912354931,25.242879664967784],[93.383238569648,25.242378918231182],[93.38102004710319,25.23972947565501],[93.38086107404399,25.238045863140684],[93.38258800253271,25.237346180207478],[93.38154076004922,25.23440782723598],[93.38416081425466,25.233622314133314],[93.38454766115535,25.231460245942884],[93.38117303199273,25.227456873142028],[93.3816788616511,25.223001911281475],[93.37551603701804,25.220244153635964],[93.37660757093664,25.217978339743],[93.37327822854242,25.214940626214513],[93.3737296957531,25.21192557325983],[93.3688377069727,25.211067798389966],[93.370618971858,25.207994101854684],[93.36600495506417,25.20620199439565],[93.36552426565733,25.198176655880143],[93.35927868103377,25.195413773134387],[93.35988925874587,25.19195180304804],[93.35661517711466,25.19197852464189],[93.35727060052238,25.187699672729586],[93.35606495900313,25.189058129369087],[93.35402139234307,25.187766913531085],[93.35485999032208,25.18603385999266],[93.35123933685765,25.183297956152654],[93.35139871056546,25.179763807441493],[93.34970725295402,25.17959656053161],[93.34577104917805,25.16990942210274],[93.343908713135,25.159234230057965],[93.34646814633011,25.157185506658852],[93.345083807443,25.15083611076391],[93.34604154179158,25.140681266854678],[93.34740962746028,25.13887401534515],[93.34228241122948,25.13758614397899],[93.34523927258101,25.130437068591128],[93.341665447394,25.126513906161776],[93.34515656918437,25.123562647163162],[93.34107629629808,25.123164611184517],[93.3421034174175,25.119991685583514],[93.33922906722316,25.115590148289172],[93.34123239923996,25.113690358139987],[93.33664733335111,25.111703164600964],[93.33797642584824,25.11000186996686],[93.33235768652828,25.100832974280753],[93.3334392015365,25.098088936256193],[93.33160088913907,25.096147506293885],[93.33206279297669,25.09334014453227],[93.32744305660944,25.093501256835992],[93.32177858944824,25.090921971761418],[93.31482248684232,25.08471747009918],[93.31263928605449,25.07945354730825],[93.30601214470896,25.071736649151898],[93.30620727585666,25.068355908372247],[93.30233475365117,25.063438616542282],[93.30545996018527,25.057527074032826],[93.30412798589269,25.055716434585356],[93.30068894932083,25.055958538949305],[93.30199803004838,25.054343274713048],[93.29985726477625,25.046140726109755],[93.29744397400314,25.046681172770796],[93.29930536412024,25.049453500672758],[93.29869924295024,25.052048616141608],[93.29469614792328,25.051166340191987],[93.29357934259912,25.04643529420181],[93.2912590274579,25.048740608298257],[93.28886782176605,25.045782701713307],[93.28707814775136,25.04711324077425],[93.28336347301602,25.045097853651903],[93.28259754515028,25.049110142928896],[93.2795614766452,25.047325250191566],[93.27997487325409,25.051099011166052],[93.27720608588538,25.049675420007123],[93.27441044427957,25.051045713843262],[93.27204891802639,25.048543543214933],[93.2703524837483,25.050866928260017],[93.2641053863618,25.04946317132103],[93.2621711132308,25.04601318608627],[93.26595345266658,25.043939659173695],[93.2620865718811,25.04082226463369],[93.2595197212967,25.04130782496049],[93.25824927082128,25.038124605516842],[93.25979290526277,25.03507451335315],[93.25368678947697,25.02726538656228],[93.25125436099502,25.02724534744839],[93.25106743955072,25.02594975265616],[93.25393609712114,25.02557289160856],[93.25240290469651,25.02303041474978],[93.25384673810657,25.02067990454373],[93.24898259260841,25.02018844968821],[93.24718152885426,25.018092515607233],[93.24378308625174,25.018387458750528],[93.243636665352,25.01622524796778],[93.24757111381994,25.015000864002648],[93.24462278376862,25.011814985552036],[93.2416845777306,25.00402663712636],[93.24409776250252,25.003361078001657],[93.24428812629101,24.9981897641176],[93.24676242884159,24.99748163723591],[93.2487809423867,24.99900724693968],[93.24868279245877,25.003087641456077],[93.25040012514363,25.004420632354503],[93.25224110194418,25.001032280621796],[93.25691316787166,25.00483667833758],[93.25967986306405,25.001692690721807],[93.25853269917488,24.999579370628762],[93.2540595094715,25.00033410354052],[93.25267390934972,24.999010449018],[93.25287857611417,24.997439844417457],[93.25694107493425,24.99617474110033],[93.25130976728514,24.98611346029949],[93.25333413155768,24.982170029774995],[93.24957262674829,24.979986765075907],[93.2490996278186,24.977603128883604],[93.25189299039852,24.977176645830916],[93.24951757888599,24.97323566406444],[93.25233769509171,24.974386499536557],[93.25705547179243,24.973724883300534],[93.2608229270423,24.971559779095855],[93.26290499908868,24.96143739763229],[93.26076939284124,24.958646969355296],[93.24989978239498,24.955240340840117],[93.24526204468773,24.95090776776127],[93.2490270717914,24.948273099061993],[93.24722189285491,24.94521877602973],[93.25086889300832,24.943509497766065],[93.25116802121813,24.94074227435739],[93.24751852554489,24.939901232892698],[93.24481694204088,24.941293660459326],[93.23671400971904,24.937264642623298],[93.23703157046019,24.93263318390208],[93.24253475589192,24.936208440098955],[93.24500423808267,24.935488707148444],[93.24460539058812,24.932604710511963],[93.23839146169685,24.92578018297971],[93.23924158595925,24.924470498486013],[93.24587040625603,24.925349959600975],[93.2487358092302,24.914947760724505],[93.24395530766478,24.910654483590697],[93.23893176869583,24.910726184865158],[93.2364139571428,24.91237106608166],[93.23509666401691,24.911509953133844],[93.23768001126318,24.905924404188635],[93.24021829092999,24.905227350590287],[93.2407016519265,24.90345751924351],[93.23838614816196,24.898800993154094],[93.23190829334189,24.89914433965253],[93.22950702831548,24.89792276870029],[93.23201581269825,24.891980758101845],[93.22748372136003,24.893035737386434],[93.22591416603099,24.892030160062905],[93.22789058272525,24.888440299038518],[93.23144788789418,24.88763890644666],[93.23268737344173,24.884762680121064],[93.22763544231994,24.885136408004296],[93.22482078876946,24.880285874720776],[93.2214125266826,24.881624227302297],[93.22185981672716,24.877764590850834],[93.22634368919589,24.872936261054456],[93.22025834066282,24.8736219453382],[93.22135358552184,24.86961290449176],[93.21679852156684,24.865453991402536],[93.21461165565266,24.865396655812596],[93.21350979649822,24.86072997354625],[93.20992967232446,24.856182080762512],[93.20677315770608,24.85586340539403],[93.2039699954047,24.85115239751036],[93.20229301953398,24.851342906326963],[93.1994509601808,24.85524886132575],[93.19472560080078,24.853951158245437],[93.19801992776354,24.8531144665438],[93.20115852638187,24.848644125929063],[93.20144629180169,24.842157584973876],[93.19986795544075,24.841621253717864],[93.19532854013802,24.844431059694756],[93.19220629265445,24.842861728678624],[93.19165077987267,24.84012650048054],[93.19600672865167,24.836793259664184],[93.19958474986935,24.83958558709576],[93.2004938943442,24.838054901286803],[93.19769197800615,24.834260121480224],[93.19317174712461,24.835675160920335],[93.19150913172201,24.83450676298974],[93.19155290393088,24.83309393175848],[93.19580551231621,24.83101106203622],[93.18995744208735,24.81874498721297],[93.19685238649046,24.81146088233428],[93.19102258170628,24.804056257347778],[93.17984615436964,24.803167070694315],[93.17924513203724,24.797308217528197],[93.1760493287016,24.793951017224508],[93.17459059224096,24.793897356644386],[93.17348881752812,24.796100541479813],[93.17346626622123,24.8013321374217],[93.17058356438966,24.801951408847913],[93.1609883794639,24.796329777200874],[93.15976622331651,24.793481798703],[93.15413787831119,24.788815589623688],[93.14936122243348,24.78747588186666],[93.14840230859694,24.789182233162578],[93.15105336905272,24.792382147614454],[93.15106867005694,24.794779087553863],[93.14615408505391,24.797542400204918],[93.14164934561944,24.79738040451244],[93.14100212652524,24.801361764769815],[93.13460882293637,24.808228021616042],[93.13846642502328,24.810096424637848],[93.13473269432583,24.810679086485028],[93.13165623397232,24.805312195750986],[93.12693368272586,24.808860263604554],[93.11876404330766,24.807758816347448],[93.11779471081043,24.809356698546594],[93.12183999072316,24.816723465250725],[93.1212711334678,24.819323438730116],[93.10932803446038,24.811576868956603],[93.11129736075209,24.800684981311818],[93.10787603895763,24.794970022341303],[93.10828682506234,24.791945745530505],[93.1047119003374,24.791381074251206],[93.10600784679721,24.788542073832986],[93.10419850686434,24.78641577704687],[93.10512380664127,24.781215794038726],[93.10041719240627,24.779522400815335],[93.10017597858284,24.77370397408539],[93.10350967870448,24.767301885671518],[93.10228202756247,24.7593181028033],[93.09814943320076,24.75447203353863],[93.10101936009067,24.74968432450381],[93.0982284921323,24.746851566951992],[93.09977543596733,24.743273015138946],[93.10149436765336,24.742876234136695],[93.1026180370046,24.74694968634735],[93.10765904551086,24.7415435871855],[93.09699595235851,24.732053436027677],[93.09578826447708,24.724310394866965],[93.09055205205958,24.725179989541395],[93.0902702011476,24.72149279150421],[93.09314450103633,24.719008115707496],[93.09069133494606,24.718282411823704],[93.08999883986323,24.714424612216856],[93.08652177041886,24.709634214887426],[93.08241353118113,24.70891663173012],[93.07727551540395,24.713058136678185],[93.07344541254452,24.707907869230386],[93.0817338927866,24.70225904077096],[93.09115525370487,24.6881326824049],[93.09218345819254,24.68558697656231],[93.09000696422665,24.677276295427205],[93.0921807039579,24.676960833897436],[93.10180835220136,24.68080399028384],[93.1040521623214,24.674259017821324],[93.096367676937,24.66435863338277],[93.09526367619891,24.652928909796895],[93.08614593686355,24.652836579140494],[93.08308465264842,24.649915259553428],[93.08752355186077,24.6370921090224],[93.0871798600263,24.629770359354946],[93.08511123755636,24.628275641489452],[93.07861722114602,24.6289509262168],[93.07557693594899,24.624639068353574],[93.07703524930312,24.620179657522026],[93.08316946439103,24.615866081815657],[93.08410830986412,24.61370418488545],[93.07384115096991,24.60571123543978],[93.0710486840103,24.60074484197207],[93.0801661601393,24.59021200991073],[93.08910594681016,24.592484963018723],[93.09348503080099,24.591804291232407],[93.1014734926028,24.5876934820669],[93.10425843168031,24.5824846979929],[93.1017362839594,24.580895390966454],[93.09310738893699,24.5816069968187],[93.0890617344268,24.57347183211699],[93.08429420363578,24.571236184749033],[93.08186067651424,24.571280698894164],[93.07563991863017,24.57515179146856],[93.06205522749278,24.576342957021687],[93.05818146022231,24.574161098999205],[93.05948616705277,24.571037935791097],[93.06907068628114,24.561986563524446],[93.07070594618668,24.558150233570913],[93.06451718808968,24.546889842722187],[93.0615953367797,24.547412239081464],[93.06041771461251,24.553686269926633],[93.05690335969396,24.55451081805372],[93.04989126419804,24.544310248480205],[93.04708779018125,24.52867211915179],[93.05044617960019,24.523306645805924],[93.05002893820183,24.519537199970788],[93.04120773274177,24.515669789463644],[93.03863612917118,24.512974664061822],[93.03711084731093,24.509494950780613],[93.04262748591233,24.50645615332315],[93.04266764958867,24.50489606874096],[93.03245185995564,24.495400311090723],[93.04013836385451,24.486417299880387],[93.04626259416801,24.473668240806656],[93.04546002042854,24.463380169140102],[93.04355235449793,24.461875938364315],[93.03800907096687,24.462030867333603],[93.03561866657225,24.459858237577627],[93.03632106288616,24.442321294221916],[93.03281979282805,24.428853573468984],[93.03717686629777,24.42371911280456],[93.04254775324434,24.420652463853994],[93.04298420780997,24.416608045855384],[93.03980742630047,24.411920642949934],[93.02454393481402,24.40687802474056],[93.01606348190074,24.40880878634772],[93.01389226284216,24.41705906333957],[93.0105457374732,24.415995725805768],[93.00869769991453,24.411779175653148],[93.00906574866958,24.40658914054727],[93.01682680195721,24.401172273691195],[93.02494457534587,24.39136090702508],[93.02294444582306,24.386461891178595],[93.0184182115005,24.383473553534376],[93.02153589105085,24.373305301551493],[93.0176545321179,24.36435524737659],[93.0177324735452,24.349946665636637],[93.02063254969269,24.347464156441024],[93.02906284517206,24.344611954224266],[93.03494062807725,24.345856477716808],[93.03990963481685,24.34349493746054],[93.04034237035721,24.341369589694015],[93.03423725170136,24.322378903788557],[93.02310594045329,24.302158378078524],[93.01872235769952,24.29614908943771],[93.00812671275365,24.287244576082553],[93.00680931182991,24.2826150288602],[93.00765837428364,24.27660165503737],[93.0121893867452,24.270968146329157],[93.00475524566079,24.262219779108623],[93.0041953724566,24.257579722100385],[93.00927378860793,24.243442322065373],[93.0164602237443,24.235865371781667],[93.02397944426924,24.233750230336074],[93.01986540191479,24.23116204887866],[93.01596727502877,24.224822332900786],[93.02192914114288,24.21786866648989],[93.01974549299403,24.209463918857843],[93.01671019524345,24.205731402153134],[93.01491431027691,24.200032575652912],[93.01144451988128,24.19778123744918],[93.00040778775787,24.197945622502473],[92.99920354850879,24.19625182438165],[92.99942538028169,24.19362908193598],[93.00767574320963,24.182117643356403],[93.00313402821978,24.173785083427173],[93.00596378424682,24.161762184237986],[93.00330641761774,24.15792844680564],[92.98832526303183,24.14935423241036],[92.98759243359274,24.146215782072805],[92.99057207262662,24.137124062237287],[92.98351506136648,24.125544947510853],[92.97491193092475,24.125526524676534],[92.97098068944243,24.121070107333907],[92.97284510957692,24.112612754076842],[92.98040482705322,24.11276605915447],[92.99099709613023,24.115562279970497],[93.00619839635127,24.10735448122077],[93.00963739429558,24.106797933962294],[93.01277203403848,24.10143733270463],[93.02224681147848,24.099809106625994],[93.02686726110805,24.100806548231912],[93.03442874287553,24.097043178172704],[93.03805854298618,24.09204575348068],[93.04166004975869,24.09289450113043],[93.04667118568847,24.090023189545057],[93.05278229341229,24.089543033706782],[93.06058377358266,24.09188234090143],[93.06972646991326,24.099326738154474],[93.07475236606149,24.101877505009597],[93.07841110899227,24.101774553038645],[93.08246837063426,24.089411295195845],[93.08768668501803,24.081408861405322],[93.09203166985897,24.080283710172623],[93.09762977936846,24.07308232851761],[93.09789414187848,24.065597705118464],[93.09949139406436,24.063232821195413],[93.09750211439355,24.061125590601115],[93.09707644589953,24.056378815563843],[93.100944323815,24.05275708787089],[93.09728135161586,24.049752869457805],[93.09691459284153,24.04405275778201],[93.09937244095107,24.04324880348596],[93.10331418284078,24.04674768984205],[93.10379804150395,24.049742215776288],[93.10650614947184,24.04854360902786],[93.11225124941295,24.054379960226242],[93.11402017324288,24.053925972454316],[93.11410838690544,24.055739195447032],[93.11789136504343,24.055808611337348],[93.11688317951186,24.057066423423777],[93.1191955733089,24.058046170283983],[93.11821378836518,24.05908501046499],[93.1210983604892,24.058736970751475],[93.1196929704817,24.060492412720293],[93.1241994813939,24.06066847031241],[93.12604989589484,24.06218046972532],[93.13177861505673,24.07139571907181],[93.13085586110532,24.07282752627109],[93.13362288328447,24.076478095234098],[93.13343357501645,24.078627858382568],[93.13984480269019,24.084661989653288],[93.14046300620072,24.087919167774608],[93.14332307228379,24.085794454688063],[93.15104496441491,24.084047760263697],[93.15069349856,24.08289103780141],[93.15394270853594,24.081430532568064],[93.15583292379384,24.077662757578896],[93.16119487699493,24.07332557633242],[93.16586423899338,24.073661769139125],[93.16656601277481,24.07136601977423],[93.16281875075423,24.05988064075194],[93.16353361837925,24.055032241072997],[93.16747543752403,24.051442562342494],[93.18741196781343,24.05379733339333],[93.20966815837221,24.0482182019184],[93.21266782714197,24.049257104411534],[93.22044359483398,24.061268527663874],[93.22264246763024,24.070852651442152],[93.21899666672776,24.07798305755789],[93.22032701057807,24.083448689468327],[93.22469652751116,24.08463875672502],[93.23257937887658,24.082178661112593],[93.23803620495146,24.083173129248255],[93.25025142252306,24.080237059833724],[93.26100617078382,24.07016755674727],[93.2608912008005,24.062478919920743],[93.26308033226583,24.058283440521464],[93.2594331829921,24.055768920510044],[93.25715464759641,24.051384728704843],[93.2507674884841,24.03297990072374],[93.25147121071137,24.030177731340196],[93.25521547146059,24.027990310007414],[93.25312899497436,24.021273363847314],[93.25597799920298,24.0248258328837],[93.2712933432443,24.03393861163497],[93.27375126950724,24.036602769534625],[93.2738087482107,24.039420604622848],[93.28218661172188,24.04298106945811],[93.28345249606068,24.04604240378245],[93.28650816939853,24.047685454609784],[93.28643324541227,24.052552259957604],[93.2937720914147,24.048879494334138],[93.30285673142511,24.05280015604521],[93.31521675023399,24.051933309253297],[93.31772673296933,24.05322581504339],[93.32262145891642,24.048847761124126],[93.32617422040661,24.048524906049494],[93.32601964999061,24.051979731992656],[93.32852801575847,24.05385416926976],[93.3322762380781,24.053579074567388],[93.33597435416779,24.060293716342507],[93.33836210763404,24.061793572981273],[93.33796788107328,24.06334701116486],[93.33605270792184,24.063562727021512],[93.3370200461591,24.06770355483366],[93.33326320091108,24.070004762599606],[93.33430804489278,24.074541708424277],[93.33071479184115,24.073179487611387],[93.32836778505789,24.07727458461614],[93.32846535916572,24.081022519662355],[93.33113034261008,24.08238190481135],[93.33085776590511,24.08549442099731],[93.33635169958772,24.09064895906439],[93.34508308699412,24.091531213251585],[93.34743132536764,24.087567398614276],[93.35051950514236,24.090587950557833],[93.35405090200015,24.090924315415194],[93.34928482558156,24.095427720058623],[93.34640443242027,24.09459958878382],[93.34539566388207,24.096889096560805],[93.3428310375263,24.09742086869246],[93.34253311126233,24.102932505587503],[93.34692225728266,24.10303463089423],[93.34879620045749,24.104946581442675],[93.34994094338698,24.101771690413255],[93.34859885765756,24.10135844586521],[93.35073241574615,24.100244214396763],[93.34836415841656,24.099061757521262],[93.35130480607553,24.098114032752193],[93.35444369305311,24.098962176027385],[93.3545272812903,24.095995237180635],[93.35916515554142,24.093923812128676],[93.35837499382424,24.091063240285315],[93.36383394531306,24.09214786368514],[93.36762380185115,24.09007672988483],[93.37228185046695,24.090864843853545],[93.38364917069974,24.08543356011639],[93.38378728038649,24.086970666781923],[93.38649166304089,24.085945101109044],[93.38977255030868,24.082844225206898],[93.3960950522801,24.083537816670333],[93.39850264683604,24.085391006442897],[93.4011927498707,24.084005945874075],[93.40273103843793,24.08134398075659],[93.40667053813269,24.07969485963054],[93.40653279495861,24.076656520019977],[93.40949250127467,24.077128871105845],[93.41016475731413,24.073323444675296],[93.41387454701096,24.0741716954217],[93.41662300460649,24.07185815781907],[93.416189297089,24.068860350327206],[93.42155990016795,24.064117811716674],[93.42577115730413,24.051368811140186],[93.4249805167849,24.045362859282037],[93.42740982092626,24.04317449874549],[93.4278834783211,24.03744600332272],[93.43001698969728,24.036605373542184],[93.42847745786169,24.03577570568331],[93.42975988916803,24.034809233268053],[93.4290493945418,24.03323171445278],[93.43339414582081,24.02746120130577],[93.43303745446589,24.024540797243937],[93.43789868762592,24.0169138680486],[93.44312129865166,24.0139667144659],[93.44988935512256,24.015407513666158],[93.45302737881913,24.013197972873183],[93.4540756408905,24.010588162949208],[93.4526802608102,23.999590193183828],[93.46094709345059,23.99871949719266],[93.46336987672132,23.993953361088362],[93.4627795632054,23.983791237953874],[93.46048263210935,23.980739034882777],[93.46335653134946,23.97361093859915],[93.46640265200257,23.973239466102687],[93.4713416397403,23.96477613566445],[93.47463938569102,23.961948907301238],[93.477066785404,23.961660563744445],[93.48201797855151,23.957277092562112],[93.48568657600097,23.957325036160444],[93.48947756261971,23.954793007417074],[93.48955048156627,23.951459258011308],[93.4914726768483,23.95063580923432],[93.4941219406735,23.953832018181945],[93.49590889548783,23.953154951045708],[93.49895007540687,23.9459579657577],[93.50021829087383,23.94467773419472],[93.50275534344196,23.945032050410518],[93.50552766568134,23.942384469124764],[93.511048473364,23.943650551975587],[93.51499153128557,23.942834055800297],[93.51953571484583,23.950788455520488],[93.52498339607108,23.95607391354869],[93.53018331744941,23.954270784337403],[93.5344845705057,23.959067226556392],[93.53982761596669,23.96100403149147],[93.54361904545482,23.960595546732513],[93.5451767780564,23.95848003541794],[93.5503392280093,23.959547779727597],[93.55032629855742,23.961904728403134],[93.55280790710619,23.96205455635689],[93.55148432577332,23.963808312287142],[93.55351648472761,23.96474967881805],[93.55377824032664,23.969474196090257],[93.55549522716012,23.97031923744585],[93.55428330641706,23.97225397966425],[93.55578284705282,23.974713811494627],[93.5551287208124,23.976786585728465],[93.5574755712888,23.978348575539847],[93.55729765276027,23.98133239365628],[93.5595443078448,23.982026520154278],[93.56197090805718,23.981332694879175],[93.56277605816486,23.979206896440722],[93.56488939158312,23.980405315694043],[93.56986320161454,23.976857904183692],[93.57093846794164,23.977580391093948],[93.57057022694715,23.97052408636615],[93.5737271511973,23.969287444370703],[93.573591060025,23.96698331609537],[93.57653737515513,23.96690358654029],[93.57995137657834,23.962928697590396],[93.5852655412029,23.960161057672906],[93.59185325638893,23.960692163688403],[93.59293795143329,23.964040062799576],[93.59692055499028,23.9661242496847],[93.59924092223382,23.97264916867208],[93.60852581019577,23.9719125489522],[93.60920944878823,23.977672258514175],[93.60797807951927,23.98064145705404],[93.6138490522963,23.992505101926284],[93.61198126258115,23.997176482165816],[93.61673018566941,24.00709254772898],[93.62375862152032,24.01137256448659],[93.62605256571806,24.011436215987178],[93.62772553869588,24.009546674764948],[93.63596971851973,24.010513816347856],[93.64215605296211,24.009126254148505],[93.65235690540858,24.00970572242638],[93.65405086662466,24.008832930976833],[93.65449559736902,24.002728632185004],[93.65642432519978,24.00200654816561],[93.65894959456634,24.003407990976218],[93.66268610824453,24.00193363190336],[93.66792482785999,24.003282853850063],[93.67075078670833,24.002584560700388],[93.67581413451906,24.0063584670666],[93.68113118183737,24.007819090256046],[93.68342729726315,24.00637794181235],[93.69043256196967,24.009097619530298],[93.69292577944687,24.006918249125402],[93.7168722436375,24.000660507617503],[93.72332489891718,23.997537461500738],[93.72757633050952,23.999359955906986],[93.73514877172346,23.999680255876097],[93.74010506460685,24.002559477157423],[93.74121049636119,23.997156978945313],[93.74481284755002,24.0035888183358],[93.74663805532408,24.002783416908297],[93.7543018516092,24.005539799657768],[93.75745999127993,24.003218115902477],[93.75904630647722,24.00379384657364],[93.7614819419447,23.999614872723058],[93.76355156962946,23.994814862362336],[93.76218912717742,23.994487630252294],[93.76331697189808,23.993536958518455],[93.76229548770705,23.991349328420846],[93.76479874385755,23.99004109593387],[93.76482056034256,23.986389523193857],[93.76878640403132,23.982233613309752],[93.76794328393319,23.981148058241153],[93.77128744493633,23.97615974595274],[93.77053240734676,23.974744018231004],[93.773787407863,23.970931387206427],[93.77225326232585,23.97086927526791],[93.77329695376903,23.969853368286948],[93.77196655422314,23.96902017858251],[93.78004591654856,23.964441009189144],[93.77969804754802,23.962776815146416],[93.78156268776982,23.961337241895475],[93.7852596692873,23.96152138154698],[93.79270217638195,23.95127071102171],[93.79786369298523,23.947347405525484],[93.79809083829305,23.94171629598278],[93.80061865348512,23.93810459109648],[93.79954115753947,23.932719672697544],[93.80776267556365,23.926760203086634],[93.81603046221488,23.926012969376192],[93.81964572129601,23.923610530865236],[93.8246007215037,23.926429313365002],[93.83145010066063,23.926440074967665],[93.83498166999497,23.930807916680767],[93.83993347040361,23.932295832798122],[93.85913248653969,23.932101803343304],[93.86966142259257,23.93848121423557],[93.87191220274092,23.941256647023412],[93.88275690200602,23.941708096424808],[93.89189129970003,23.949490520803504],[93.8933823512564,23.952934665261978],[93.90214617772602,23.949914901077936],[93.91908446487199,23.951474339886808],[93.93010819208503,23.950039532614426],[93.94408637675792,23.946250010163634],[93.95073962673887,23.940728360851423],[93.95512539329711,23.934394843878415],[93.95455099163979,23.93242513688841],[93.96036471837706,23.928407951875144],[93.96434237760674,23.929536112869485],[93.97524956368302,23.924724609495726],[93.9802574782542,23.928939191075898],[93.98456317078465,23.927234026849828],[93.98866742689238,23.928640445041484],[93.99815764277888,23.921787349652185],[94.01673290561257,23.926910951273406],[94.02443449312337,23.919110764283047],[94.02523778282008,23.915644306386284],[94.0372588915268,23.913002429289413],[94.04048803224096,23.910733421336065],[94.04088088258268,23.903704082075464],[94.04297204827472,23.903195095661278],[94.04118583007894,23.900720354951236],[94.04588862647395,23.89668774462404],[94.04481773673892,23.8941497424499],[94.04921029006914,23.892156186221516],[94.04902576263503,23.887240166515717],[94.05394492545278,23.888739982329124],[94.0573660559061,23.886841253921304],[94.06190771699703,23.890567882673164],[94.06689998740754,23.889053255973483],[94.06814687776797,23.889973747586794],[94.06872699360879,23.887871593470262],[94.07446923870393,23.883467102191066],[94.07947594683768,23.88396566806245],[94.08169005416285,23.88211553601605],[94.08598963275948,23.887357855545595],[94.08869563417801,23.888160497722346],[94.08992257654927,23.88682500636344],[94.0922354033343,23.887051014055313],[94.09606395659985,23.889188013616856],[94.09863757329501,23.88586508016816],[94.09819036050553,23.883074674382964],[94.10088685146019,23.884661132279764],[94.10248205638553,23.88326171263718],[94.09932039981047,23.88059842087896],[94.10294399166419,23.875879867963253],[94.1048883025702,23.875365436774437],[94.10312684374028,23.87013288679361],[94.1092489423516,23.8673350408234],[94.1084190418612,23.863921080855324],[94.11308368950108,23.86297376523898],[94.11251534159051,23.856239584063072],[94.1094426631443,23.85478946014691],[94.11610781939605,23.852380308893423],[94.11065409071229,23.84932598803428],[94.1139137211455,23.84601763510304],[94.11345853670622,23.843331857942164],[94.117070030948,23.84375253521133],[94.11705970750876,23.83798844034968],[94.12246552903841,23.835928345483232],[94.12509875703748,23.836659805425693],[94.12606123269413,23.833477972645277],[94.12915910259585,23.83471778622535],[94.13284788968129,23.83288602680811],[94.1439159119227,23.835809956467955],[94.14183035620964,23.842514771763245],[94.14260154550799,23.84711400972268],[94.14478109554251,23.849750505760987],[94.15164420455024,23.849962744795178],[94.1536940010268,23.84763696076806],[94.15664060631273,23.848169686126855],[94.16761754297758,23.902166986399944],[94.16969044232663,23.928414952639663],[94.17251369095773,23.92583103467127],[94.17688959401416,23.925933152913245],[94.1854417396736,23.929429449397052],[94.18984354026134,23.93363982622853],[94.19072449919584,23.938685410100966],[94.18746389139558,23.94585191189951],[94.18840831001675,23.959668336814477],[94.20424566057804,23.986983743148738],[94.20931448541705,23.99207634146024],[94.23730958742297,24.035378808772307],[94.22778956004547,24.05691527797569],[94.22958728835499,24.059740866746576],[94.23317496017376,24.057716498820888],[94.23499400730161,24.05285726306691],[94.23928749442224,24.052918320695674],[94.25451056261925,24.082483497835508],[94.2516018491703,24.126404800078344],[94.25965853172973,24.165309886544946],[94.276431601627,24.17337568246366],[94.29152806036952,24.23299012897747],[94.29792587978932,24.237160674953547],[94.30164724787183,24.236679464863972],[94.30661050898688,24.241417729226406],[94.30888763402756,24.250191234253727],[94.32164759178404,24.276305558911837],[94.32172028076192,24.328896220749947],[94.35049473775207,24.335082920646304],[94.37845075675489,24.37970077483006],[94.36095875435599,24.394476266396058],[94.39477066971041,24.409479235392403],[94.40832696330507,24.439886468741715],[94.39683360225138,24.454591767305168],[94.39986982347007,24.461891117771398],[94.39834558545216,24.48234862796317],[94.4259791631669,24.48167923272475],[94.45453239295037,24.565996854106288],[94.46759106928498,24.572283702873225],[94.47303206794282,24.571407702229276],[94.4788264485621,24.57864597944195],[94.49659037279413,24.59036002695946],[94.51495474353847,24.610744334267682],[94.52564164384248,24.626324466361005],[94.5347679611905,24.642932451447763],[94.54492510700517,24.66882390705657],[94.54715113497416,24.68668500551652],[94.5408408042765,24.70138786430056],[94.5452280386819,24.710458052899565],[94.55090007504768,24.713103354329423],[94.55671053461224,24.712222463608917],[94.56482178353697,24.705438818107623],[94.570756296849,24.705905982078793],[94.56764492347196,24.71587715339166],[94.57181486888484,24.724047098215717],[94.5758799054456,24.725177585718075],[94.58001116221587,24.723860029800573],[94.5806992025532,24.7161688346627],[94.57870930034991,24.708694312478205],[94.58516913047379,24.704738953512912],[94.60501397241707,24.715869876100736],[94.60656149027555,24.727322733931768],[94.61185688011071,24.737825961351113],[94.61922750132136,24.747756765220867],[94.62845291003173,24.75602839051731],[94.62893820330443,24.75815614343257],[94.62782756581302,24.763687031542716],[94.61790237488617,24.780570647821826],[94.6182258168975,24.78553087367896],[94.62237009205283,24.79063072429489],[94.62961372651661,24.805350335291752],[94.62896573756619,24.817844886442696],[94.6322955381012,24.82417135939305],[94.63320342493468,24.83618695744201],[94.6318301461053,24.839622538107502],[94.64483159167146,24.849436968620388],[94.64986947493885,24.855167628583892],[94.64832918941671,24.86083543058811],[94.65227102383288,24.86328228517776],[94.65692905897396,24.87131316100818],[94.66065213834707,24.872668625362362],[94.66287302795266,24.87112498533763],[94.6654601337501,24.874390022816165],[94.67323623741203,24.875411858228702],[94.67520284899494,24.880236770405478],[94.68089581071693,24.886416410019724],[94.68764498370226,24.889338430872943],[94.68655899867717,24.8928525124745],[94.690431271151,24.90074390172388],[94.69012176290809,24.904295700915224],[94.69251620522991,24.906164315314808],[94.69522425211237,24.916771970665387],[94.70142469818953,24.9230593628298],[94.70179475288262,24.929577692743695],[94.71024293920917,24.928982735592868],[94.71360261052402,24.935002558444904],[94.70742843927061,24.942915655358192],[94.70576357448655,24.950660069336934],[94.7020172646802,24.952983886450248],[94.70169119240173,24.955829913969136],[94.69659685361198,24.960180291217004],[94.69768565755042,24.96502639600749],[94.69634849997868,24.96826069738945],[94.7011638202445,24.97446121742453],[94.70250574427716,24.98185598891333],[94.70711728172083,24.98711880257075],[94.72697021299324,25.000039004687384],[94.72638677787744,25.001949647351086],[94.72848932522413,25.005856907347834],[94.72746544163294,25.010019932643893],[94.73876684977841,25.023596000053374],[94.73747519457072,25.0267228658154],[94.74123163378026,25.0344724895992],[94.74408122999866,25.037007641089374],[94.74205104643971,25.039391407398092],[94.74347763309463,25.04370787686531],[94.74255544059027,25.044992594993147],[94.74450740424417,25.047400870207742],[94.74212309761371,25.05343943097851],[94.74461135010235,25.060085203635445],[94.74170822327613,25.06425328379587],[94.73769370437368,25.065592307132672],[94.74467192889183,25.080128072999457],[94.73995497055634,25.092202891831192],[94.74114475411587,25.103588789875925],[94.73632009855758,25.110133482839988],[94.74090560102766,25.1211881646983],[94.74094483225277,25.126575704683027],[94.73789140021155,25.128690132371453],[94.73856341729916,25.131003089181796],[94.73647672072569,25.13505256426853],[94.72971849272233,25.134401629130203],[94.71805223921412,25.13894018358773],[94.71464469667778,25.138060986757665],[94.70729274605198,25.14425805592305],[94.70238183515846,25.145519478058365],[94.70105194765226,25.15106800730577],[94.69745102298812,25.154940993499704],[94.69186316864594,25.15549984751073],[94.68947069632952,25.15761196920742],[94.68774210326258,25.153571949443176],[94.68014113245351,25.148907635663832],[94.67778898820512,25.15086376917242],[94.67742313044104,25.154419695944835],[94.6696417401937,25.156872267911478],[94.66419298548169,25.16275827881694],[94.65311188556637,25.165429742741836],[94.64825435705859,25.16834618297447],[94.64006269544122,25.166096601768572],[94.63507115895426,25.171590486975735],[94.62907811860485,25.17535469302733],[94.62002676476898,25.186824337455256],[94.61101401962571,25.181867798950517],[94.60598369657976,25.18137286159607],[94.60330729015823,25.186778163464588],[94.59622308419952,25.191286130023308],[94.59206021212117,25.19227945817263],[94.5914725001263,25.198119457681667],[94.58892930847153,25.203210869948578],[94.58137637417397,25.211381119724564],[94.57563994477198,25.21386287805357],[94.57913820277895,25.216197923070514],[94.58274154211459,25.223004048593967],[94.58288504887955,25.227273373161328],[94.58577781992715,25.22910313695079],[94.58539401741695,25.23869446281752],[94.58781977680621,25.24534687837946],[94.58619914147351,25.24836446810077],[94.58948163762396,25.25535597428494],[94.58511962072522,25.2667544426455],[94.59186229978934,25.279047949492288],[94.59352853899577,25.285949236054588],[94.5998654813854,25.29472923622276],[94.60366859705708,25.305508385932857],[94.60622049967519,25.306515482206123],[94.604391664504,25.309178167506325],[94.60738704741155,25.316144172262618],[94.61867332613102,25.32978943473995],[94.62379838191355,25.343292557974035],[94.62235306358832,25.345824738499495],[94.62954396424996,25.348947803097776],[94.63123445886737,25.353340086309313],[94.63437322726733,25.355691919904487],[94.63470739695975,25.358143494348255],[94.63261002480743,25.360303944932518],[94.63406109055387,25.37098336420699],[94.63195027152008,25.380872492071628],[94.63233011605313,25.388795458568293],[94.63474079542371,25.395189525624772],[94.64066804944993,25.397951097801165],[94.64908683032395,25.405831435731475],[94.65658033208233,25.404398429472444],[94.6603325078875,25.405685446104798],[94.67042032622011,25.418725446059454],[94.67011823356984,25.421344541106958],[94.67314160618503,25.424430548224343],[94.67123982691446,25.442268463730528],[94.67545193565354,25.445610547355752],[94.66838546333686,25.44849703910579],[94.65570317930967,25.449742600174044],[94.6458666646778,25.456929547894855],[94.63731739901718,25.4558282828774],[94.6307253216121,25.458969881517536],[94.62597658537345,25.459066273814273],[94.62294942366442,25.46110581367334],[94.61597476994953,25.46246914396395],[94.61034585092074,25.46974943730682],[94.60171710501871,25.476603772300464],[94.59530677655856,25.478331317591383],[94.59267546286937,25.483976213889797],[94.58557458507728,25.48536447003986],[94.58152007856827,25.488482183042773],[94.57677332760636,25.49573078223963],[94.5679324921607,25.50093229597177],[94.55905225121678,25.500675764296705],[94.55388861009783,25.502621380478242],[94.5531653252586,25.510321213548078],[94.55593809036742,25.510768585209963],[94.55689301658242,25.51909458906909],[94.56005378741861,25.521436898888588],[94.55591294831922,25.523514352349878],[94.55448645239414,25.52852003598116],[94.55677837268755,25.531602710261893],[94.56193625650384,25.533720687662527],[94.56048487544874,25.536069750876194],[94.55771756580866,25.536691452348013],[94.55777241604159,25.53931564351523],[94.56661404649628,25.548011276957535],[94.5650588579236,25.5510386403278],[94.5571198268186,25.55321156310026],[94.55588499274758,25.554686023103326],[94.5642934438942,25.563446919470152],[94.55839799112736,25.565821336579567],[94.56096962883394,25.573129051045136],[94.55088403472998,25.579508454427092],[94.5583476351658,25.583089051221865],[94.5598588314424,25.587826399338322],[94.5564692345505,25.59069964940731],[94.56073376357969,25.59432455972383],[94.5596332438133,25.597836883010096],[94.56620365205704,25.59715175067476],[94.56521201349304,25.60316141633367],[94.5718969569355,25.60533786405907],[94.57087048080642,25.60688785585143],[94.57245055630578,25.61094733536528],[94.57512807124836,25.612806603018587],[94.57666333428973,25.61641002813815],[94.5757709020724,25.623421040084338],[94.58016697320525,25.625600429175172],[94.57957568322064,25.628152222302],[94.58106848379686,25.62962018664245],[94.58405581061292,25.630509473413934],[94.58361700785115,25.634243053009723],[94.58589015066016,25.635432814514022],[94.58651692499681,25.63290583781191],[94.58988407568472,25.636605210016814],[94.59178305041497,25.6343444359756],[94.59342434879584,25.635585420321984],[94.59337211715197,25.63745366184764],[94.58913325388879,25.640274063143675],[94.58114253641727,25.63991344627637],[94.5734161338451,25.637454513837227],[94.57210172610792,25.64122669969004],[94.57592363992522,25.64372765200695],[94.57338822947742,25.647753634773604],[94.57631127195349,25.65005262719594],[94.58006737519307,25.650542423147545],[94.57602198209264,25.655303030031785],[94.5836385925708,25.656304121784302],[94.57836962937469,25.66168145280828],[94.58643976690045,25.6638374645758],[94.58415637521236,25.66631406708656],[94.58059952908256,25.665808168135552],[94.58041953814066,25.66875842917581],[94.58512384819691,25.67030066067443],[94.58839750672163,25.67510706929258],[94.58970057322837,25.681480035831385],[94.59543249218933,25.681809103386723],[94.59638938840973,25.6829532190996],[94.59499951949374,25.684930056334526],[94.5895074192726,25.687027473299963],[94.58389636144662,25.684854462615125],[94.57866545178425,25.689983694939556],[94.57176078401653,25.691797741941613],[94.56373221513225,25.687313992440465],[94.56051591493674,25.68308223326644],[94.56326848232469,25.674685296780808],[94.55917597618084,25.67182484714657],[94.55764551463466,25.673078237941176],[94.55625720339737,25.672336086045803],[94.55519494557389,25.668387091791065],[94.55169259124922,25.666028379197993],[94.55120335976234,25.662797471482865],[94.54827192702153,25.661445688844886],[94.55003090470463,25.657727918508062],[94.54372462630725,25.654632854737358],[94.54348017315887,25.653185981517705],[94.54550853044285,25.652564536226894],[94.54346751050662,25.649978844726505],[94.53934540756912,25.650557140219725],[94.53404565731157,25.64194098645338],[94.52925093811015,25.642543391819732],[94.52927963119865,25.637344275890207],[94.52457731180901,25.637174576618335],[94.52072960466495,25.63882964545797],[94.5209290872519,25.634353540838813],[94.518174360314,25.6296564058596],[94.51386210648873,25.628293132998458],[94.51286473128327,25.625013062715993],[94.50685556707283,25.62387897991882],[94.50516776829957,25.61356384436006],[94.50219000854129,25.612397484348172],[94.49541335878638,25.613066413550435],[94.49449676548116,25.609564928325852],[94.49247520125738,25.608536101485694],[94.48802928350771,25.611645235251917],[94.48710282131081,25.61422587121881],[94.48414678101943,25.612967350306036],[94.47897384323561,25.61518548089468],[94.46875832848704,25.61411375685347],[94.46117720595417,25.607940094308706],[94.45878501660708,25.60415985228827],[94.4528108381837,25.601646737921527],[94.45104659457641,25.598762878748712],[94.44519157767544,25.596787303675242],[94.44519105485594,25.591592983438254],[94.43799844829357,25.592477658066656],[94.4249839888339,25.586523612037638],[94.42116249003826,25.576686166919377],[94.4223641115966,25.573809041784024],[94.42019457418422,25.57297366796727],[94.42129387403844,25.571816182195573],[94.4190569477084,25.56994917479938],[94.42179013484244,25.5689655734813],[94.4224558430618,25.55332901702193],[94.41664959210438,25.536589864218918],[94.41401002469432,25.53716868139486],[94.41329947706754,25.536093891857668],[94.4106967854999,25.538411182172926],[94.39987171352543,25.534113793228894],[94.38529903098404,25.532501276487686],[94.37793570589011,25.528108047421195],[94.3736244006858,25.522188841732007],[94.35508209614153,25.51224122810041],[94.34803446868285,25.51216127127812],[94.34364101434245,25.509211105873796],[94.33725717809833,25.508650485647667],[94.32898362336469,25.504574755072852],[94.32578484750378,25.504919475955646],[94.32158707497832,25.502932421231435],[94.30967418721222,25.5036951141894],[94.29902366149071,25.507414461899355],[94.29336529299196,25.505662766781505],[94.28618328654996,25.505713106540945],[94.28462968080878,25.50791955053886],[94.27403870979734,25.49947048789562],[94.26126102917857,25.49798389554347],[94.25519791125386,25.500641719543722],[94.24975510698226,25.494314820085048],[94.24003103627112,25.495947532015855],[94.23188725396007,25.49309914230619],[94.22793061081641,25.49453404548699],[94.22157331350078,25.490807335215695],[94.21861231181407,25.49158604834132],[94.21419638881177,25.495585671071556],[94.20841544878576,25.49604155542175],[94.20739260185046,25.498620993861984],[94.20859425035825,25.50381021749996],[94.20504197844986,25.506524346500502],[94.2005317781568,25.515080409070272],[94.19744732279726,25.516411082878115],[94.19508946795862,25.520922228314983],[94.18659787054595,25.52402467080828],[94.18772533258432,25.529189745194458],[94.18594518340659,25.531602204452046],[94.19119963881089,25.539677908412177],[94.19204321435484,25.548684908638087],[94.18363591215348,25.548267879274857],[94.17809904349186,25.550610720842155],[94.17684815293349,25.546603091399973],[94.16490796356923,25.541278334476242],[94.16273341535424,25.542444392321862],[94.16123228020884,25.547788176233844],[94.15624796797343,25.551123699835564],[94.1536129092078,25.5455664806684],[94.1498634472131,25.54316335333272],[94.14602610572905,25.53214185534444],[94.14351276329455,25.529269866574488],[94.14384164370657,25.522648733480008],[94.14042532193498,25.519431820593443],[94.13290224943408,25.51865422677039],[94.12256028153796,25.522863275094455],[94.11158922075339,25.523349755152214],[94.10807142888054,25.521922869960896],[94.10737173020743,25.52417597091603],[94.10350435804347,25.526304829991997],[94.08811784946539,25.530822391451547],[94.08464849834596,25.530388783157086],[94.09083136169802,25.532437198785413],[94.09416908357721,25.537277692901316],[94.09222610307614,25.54427153967347],[94.08476136986475,25.554725760427427],[94.07981775131171,25.558055465046564],[94.07572265712155,25.558252300638696],[94.0747490917627,25.55571421320862],[94.07111486834759,25.55604589407668],[94.06728628004772,25.55230774230561],[94.06559486914871,25.55697463549539],[94.06102340465158,25.558270383372477],[94.05980966302343,25.56411458917447],[94.05387113783533,25.567728618637997],[94.05324935184345,25.57081808162755],[94.05030835204488,25.57132391050258],[94.04808921056085,25.575588181381406],[94.04457718587216,25.575198488695616],[94.04295293661704,25.57670786642507],[94.0381771844445,25.57005471581749],[94.03676754899898,25.579012601360297],[94.03463564111556,25.579676935912186],[94.02984229364158,25.57733826694985],[94.03068357039672,25.580424826747592],[94.02666919342812,25.57924477082118],[94.02660017676315,25.585609253647178],[94.02202035703554,25.584913976854573],[94.02173138697498,25.59024486861321],[94.01335853696139,25.59123352890258],[94.01283821298587,25.592601546003877],[94.00233522836324,25.586412041283406],[94.00408654521364,25.581704547698685],[94.01072106711752,25.5735960806848],[94.00727481258235,25.567226968146898],[94.00467012405986,25.56543838593964],[93.99374019982709,25.569238019225512],[93.98314770976452,25.568265720428393],[93.97877702502157,25.564719902967205],[93.97479084347479,25.564586987014426],[93.97411540650087,25.560106605012464],[93.97195999060476,25.55729453667607],[93.970163717566,25.555703871314616],[93.96557211104357,25.55516494645318],[93.96338645965167,25.551512320002182],[93.96044452291027,25.550730419054695],[93.95787180003882,25.551794876170955],[93.95501454927586,25.550232824280364],[93.94572033590292,25.55679141128093],[93.93946277763496,25.558275812325178],[93.93043189730271,25.559747229350542],[93.91834280140037,25.55949307715287],[93.91339313718547,25.563318626123248],[93.90775773232036,25.56452065580564],[93.90379828822965,25.562218114406427],[93.88869753464175,25.5651252552345],[93.88482087479609,25.56414351137935],[93.88221696690955,25.560812927312732],[93.87990065016966,25.560812745784215],[93.87107078045867,25.555073108101883],[93.86135138817353,25.553249985558832],[93.85106818896159,25.55447552009842],[93.84784386411567,25.5567261698265],[93.84136590509104,25.55612003844212],[93.83440865982807,25.560604251171007],[93.82980445802704,25.558302994363974],[93.83061675063954,25.555701281991436],[93.82760215007312,25.552726786168314],[93.82103818544488,25.55316535790755],[93.81915284534404,25.550042218550697],[93.82030811113876,25.54487931794773],[93.81699437068438,25.544273211749577],[93.81650609769991,25.540295421791445],[93.8047663817644,25.54152974601007],[93.79776573889004,25.54013052421563],[93.79411918160606,25.53740904073303],[93.79169712327578,25.538378391501446],[93.78588433348139,25.53735461610728],[93.77991270268012,25.533673762458733],[93.77612772848562,25.534737258916813],[93.77034343594698,25.53368766793596],[93.76674454327197,25.538202233587064],[93.7649255473481,25.538483513718084],[93.76511520685743,25.535740166781572],[93.76732421175177,25.53359148544758],[93.76356161638759,25.523037586985847],[93.76635169832014,25.518171196592892],[93.76476348318602,25.516758796906963],[93.7614505916396,25.51686722785786],[93.76264640828455,25.51380502898335],[93.75917136813443,25.512512757744126],[93.75795559272049,25.507687347500042],[93.76127908618389,25.495805617419077],[93.76648291253873,25.49353328666869],[93.78030495294726,25.501202980390318],[93.78748911354936,25.503209954704015],[93.79052703438055,25.500268150130154],[93.80023860683112,25.49684102667696],[93.80432617763076,25.49158394090852],[93.8047291537824,25.487581964765813],[93.80997683229616,25.483815505979127],[93.80784577062573,25.476347133545588],[93.80844440703278,25.47215239362656],[93.80498854321898,25.463309590692614],[93.79396522024783,25.45458158189522],[93.78648318278911,25.44610048019463],[93.78545623324788,25.442084971186638],[93.7824307271339,25.43966695869046],[93.78329992891798,25.43308042474506],[93.78031165437926,25.429768301244284],[93.77268174344502,25.426162734186022],[93.77513541169354,25.422057856135527],[93.77407949417935,25.41965147400513],[93.76796923626176,25.420000721359834],[93.76782515906659,25.417693524397066],[93.76536784994623,25.415444432181197],[93.76046861625309,25.41478008054587],[93.7520024429596,25.407928456108827],[93.74220077307926,25.404040788706258],[93.73474930169643,25.39429906942624],[93.73589173146405,25.385159193241982],[93.73134187773772,25.37998359976256],[93.72573461888707,25.378316761841017],[93.71582089046326,25.37184318869859],[93.70934543145007,25.357182353935002],[93.70200769756197,25.358107000807486],[93.69681167936356,25.356142566864598],[93.68657143579186,25.360086585767892],[93.68762425501666,25.35540313291369],[93.68513003142631,25.351082295621826],[93.68718475785715,25.345575049976446],[93.68285215539406,25.341180641000527],[93.6808989817095,25.334159009884512],[93.68158903337476,25.328925700426804],[93.6777572012584,25.326666027462906],[93.67339112487288,25.32770445939959],[93.66988095071366,25.324764597245483],[93.66470124951407,25.325739494376997],[93.66771468586388,25.3184584896647],[93.66762840088421,25.310838661852483],[93.65817432152666,25.303964598865473],[93.66051770540437,25.298805261210557],[93.65222729108947,25.284179806883113],[93.64489367418034,25.276020766911266],[93.64380277447233,25.27157281218288],[93.64598162561757,25.266363656914844],[93.64119025623381,25.26600184829488],[93.63721648850593,25.263659625427614],[93.63494938956215,25.255407283744994],[93.62885023122821,25.248200587381824],[93.62783617340963,25.241853399141007],[93.62207125034514,25.23557491314804],[93.62271870749292,25.23144400024603],[93.61903613944416,25.227541712372005],[93.6148522009741,25.218285625256055],[93.60893541771081,25.213054837404005],[93.60823221740472,25.21062092133339],[93.61086705877806,25.204895295476764],[93.60517885992367,25.19901455206996],[93.59838969573855,25.201777896885417],[93.59541650930338,25.198599972434153],[93.59332713395368,25.203517815613157],[93.58791223045652,25.201090950180248],[93.58857465713018,25.205712250435653],[93.59139129056756,25.20805927677789],[93.58950896251784,25.21338864174932],[93.58597994439893,25.214244370073438],[93.58675427780078,25.217635838259785],[93.5845504615755,25.219112531955005],[93.5841318637211,25.22177607267553],[93.58084898758327,25.221204775757997],[93.57856688048601,25.22349997315316],[93.57180042121973,25.224346207595342],[93.5691159991309,25.226265005726063],[93.56852972444051,25.229772218511496],[93.56445120865891,25.231125693202177],[93.56283064249646,25.24099267046767],[93.55597743741475,25.245972836612538],[93.55096309000781,25.24779297924408],[93.54379585995389,25.24789897884395],[93.53513293585023,25.243639478914638],[93.53313790426665,25.24592170029543],[93.52673199551772,25.244727972043002],[93.52100522210674,25.24737830908438],[93.51697188439739,25.246651472231363],[93.51241566071738,25.242795823670143],[93.50849870783794,25.244712903025043],[93.50435082415011,25.24228808957874],[93.50125199933929,25.24238018010091],[93.50106986501712,25.25601545689191],[93.50623618401391,25.269326542736923],[93.48976791518751,25.27483170155231],[93.48119079007496,25.26994182167521],[93.4719567737075,25.27133144496136],[93.47013276069278,25.28260852750157],[93.47371912276787,25.293705776220715],[93.47198157170095,25.30351493763073],[93.46686332784321,25.311683922216083],[93.4534045966783,25.321624814523577],[93.45389382726688,25.324915826952036]]]}},{"type":"Feature","properties":{"shapeName":"Chandel","shapeISO":"","shapeID":"76128533B59855617266389","shapeGroup":"IND","shapeType":"ADM2","layer":"district"},"geometry":{"type":"Polygon","coordinates":[[[94.00790269300006,24.451460981000025],[94.00224,24.4512],[93.9991,24.45419],[94.00094,24.45941],[94.00723,24.46546],[94.00497,24.46872],[93.99803,24.47125],[93.99098,24.4681],[93.98569,24.46875],[93.98155,24.47895],[93.98375,24.4842],[93.98331,24.48824],[93.97962,24.49099],[93.96988,24.49019],[93.96905,24.48796],[93.97163,24.47244],[93.96807,24.46569],[93.96849,24.45969],[93.96359,24.45252],[93.95854,24.44853],[93.96106,24.44453],[93.96066,24.44165],[93.95727,24.439],[93.94507,24.43431],[93.94677,24.43049],[93.95507,24.42389],[93.95584,24.41921],[93.95167,24.41839],[93.94718,24.42144],[93.93989,24.4174],[93.93807,24.41251],[93.94355,24.40616],[93.94168,24.40241],[93.93672,24.40309],[93.93104,24.40789],[93.92622,24.40784],[93.92427,24.38873],[93.91905,24.37767],[93.91707,24.37693],[93.91514,24.37935],[93.91107,24.38067],[93.90983,24.37914],[93.90558,24.36636],[93.907,24.36021],[93.90101,24.35026],[93.90717,24.33626],[93.90831,24.32863],[93.908,24.32576],[93.90402,24.32342],[93.90263,24.31913],[93.9037,24.31521],[93.9087,24.30889],[93.90994,24.30379],[93.9049,24.29719],[93.89497,24.29817],[93.89534,24.28524],[93.90085,24.2816],[93.89646,24.27735],[93.89715,24.27331],[93.91142,24.26151],[93.92138,24.24618],[93.92168,24.23494],[93.91512,24.23366],[93.911,24.23921],[93.90673,24.25102],[93.89818,24.25437],[93.8873,24.2479],[93.88782,24.24568],[93.89181,24.24498],[93.89635,24.24141],[93.89571,24.23711],[93.89348,24.23478],[93.88818,24.23457],[93.87701,24.23989],[93.87612,24.26294],[93.88292,24.28174],[93.88315,24.28593],[93.87471,24.29115],[93.8713,24.28894],[93.86921,24.27135],[93.86479,24.26616],[93.8628,24.25687],[93.8566,24.24239],[93.85554,24.23414],[93.857,24.22887],[93.86769,24.22285],[93.86827,24.21627],[93.85873,24.20586],[93.8487,24.20645],[93.84459,24.20395],[93.8415,24.19711],[93.83269,24.18649],[93.82841,24.17855],[93.80964,24.16801],[93.80191,24.15705],[93.79997,24.15027],[93.79442,24.14517],[93.78449,24.13979],[93.77798,24.1291],[93.77289,24.12517],[93.76905,24.10753],[93.77047,24.09829],[93.76662,24.07741],[93.75936,24.06687],[93.76088,24.05946],[93.75857,24.05233],[93.7529,24.04568],[93.75458,24.03652],[93.75342,24.03175],[93.74905,24.02774],[93.7475,24.024],[93.74806,24.01661],[93.74364,24.00793],[93.74344,24.00021],[93.74563,23.99983],[93.7484,24.00601],[93.75225,24.00478],[93.7535,24.00944],[93.75811,24.0048],[93.76102,24.00662],[93.76311,24.00562],[93.76279,24.00037],[93.76643,23.99603],[93.76585,23.98773],[93.7713,23.985],[93.77025,23.97988],[93.77497,23.97706],[93.77352,23.97177],[93.7803,23.96954],[93.78017,23.96419],[93.78418,23.96283],[93.78746,23.96438],[93.7915,23.96166],[93.78972,23.95803],[93.79117,23.95515],[93.79629,23.95436],[93.80042,23.9512],[93.79927,23.94594],[93.80397,23.93967],[93.80047,23.9343],[93.80065,23.93174],[93.80798,23.93022],[93.80873,23.92586],[93.81341,23.92463],[93.8168,23.92779],[93.81865,23.92738],[93.82102,23.92351],[93.82431,23.92313],[93.82745,23.92495],[93.82805,23.92827],[93.84087,23.92884],[93.84515,23.93308],[93.84788,23.93284],[93.84831,23.93099],[93.8511,23.93023],[93.86147,23.93322],[93.87582,23.94262],[93.88599,23.94427],[93.89559,23.95369],[93.91406,23.95264],[93.92316,23.95515],[93.92718,23.95382],[93.92808,23.95063],[93.93067,23.95039],[93.93616,23.95368],[93.94262,23.94694],[93.94668,23.94785],[93.94897,23.94635],[93.95229,23.9386],[93.95741,23.93736],[93.95542,23.93239],[93.95794,23.9294],[93.96587,23.93177],[93.96786,23.93024],[93.96838,23.92691],[93.97096,23.92591],[93.97832,23.92959],[93.98694,23.92707],[93.98858,23.9302],[93.99146,23.93072],[93.99316,23.92927],[93.99303,23.92519],[93.99795,23.92205],[94.00418,23.92623],[94.00608,23.92582],[94.00669,23.92222],[94.01095,23.92219],[94.01399,23.9237],[94.0146,23.92675],[94.01671,23.92772],[94.01972,23.92568],[94.0186,23.92071],[94.02312,23.91758],[94.0237,23.91555],[94.03001,23.91654],[94.03219,23.91244],[94.03624,23.9125],[94.03904,23.91499],[94.04094,23.91449],[94.04046,23.90847],[94.04436,23.90256],[94.04003,23.89845],[94.04148,23.89615],[94.04548,23.89586],[94.04839,23.89268],[94.04733,23.8891],[94.0497,23.88576],[94.0529,23.88933],[94.05497,23.88968],[94.06539,23.88664],[94.06898,23.88895],[94.07306,23.88699],[94.07283,23.88309],[94.07736,23.88144],[94.07933,23.88372],[94.08869,23.88442],[94.09389,23.88819],[94.09755,23.88812],[94.09975,23.88205],[94.10215,23.88365],[94.10527,23.88241],[94.10422,23.87949],[94.10019,23.87598],[94.10696,23.87395],[94.10821,23.87174],[94.10321,23.86851],[94.10353,23.86617],[94.10523,23.86553],[94.1074,23.86767],[94.11138,23.86508],[94.11136,23.86356],[94.10793,23.86156],[94.11132,23.85708],[94.11424,23.8563],[94.11432,23.8541],[94.10947,23.85274],[94.10897,23.8504],[94.11047,23.84886],[94.11541,23.85017],[94.11681,23.84922],[94.11219,23.84463],[94.11402,23.84138],[94.11688,23.83983],[94.11665,23.83529],[94.12584,23.83055],[94.13619,23.83124],[94.14207,23.83245],[94.14414,23.83423],[94.14077,23.83982],[94.14637,23.84851],[94.14895,23.848],[94.14931,23.84495],[94.1518,23.84403],[94.15459,23.84441],[94.15623,23.84754],[94.16647,23.89442],[94.17245,23.93434],[94.17596,23.93459],[94.17915,23.9299],[94.18606,23.93205],[94.18595,23.93519],[94.19425,23.93495],[94.19583,23.9366],[94.19883,23.95467],[94.20666,23.97667],[94.22924,24.0176],[94.2466,24.04216],[94.24673,24.04599],[94.23812,24.06052],[94.2372,24.06703],[94.23902,24.06778],[94.24106,24.06642],[94.24116,24.06175],[94.24358,24.05936],[94.24667,24.06014],[94.25269,24.06538],[94.2643,24.08672],[94.26500519300004,24.09792380500005],[94.25094301200005,24.114811213000053],[94.24252715700004,24.115761761000044],[94.22540104200004,24.120562552000024],[94.21486315500005,24.125288385000033],[94.20228811000004,24.12765659400003],[94.20770586900005,24.13416110600008],[94.20589147500004,24.14077540900007],[94.20669035800006,24.150432872000067],[94.20234293600004,24.168911901000058],[94.19737461400007,24.177375391000055],[94.19146337700005,24.195274665000056],[94.19137417900004,24.203717150000045],[94.19438664200004,24.216780311000036],[94.19804193300007,24.223780413000043],[94.20248660700008,24.239517876000036],[94.20261296600006,24.250461357000063],[94.19972038300006,24.262786410000047],[94.19335241700009,24.272289649000072],[94.17618496000006,24.281887741000048],[94.15705700400008,24.29853067600004],[94.15455932100008,24.30333994500006],[94.15380012300005,24.313217932000043],[94.15604144000008,24.33556684000007],[94.15485796300004,24.35770418800007],[94.15037227100004,24.36888170900005],[94.13693367000008,24.383814452000024],[94.12805784200003,24.38731510300005],[94.11832300100008,24.395205842000053],[94.10807451500006,24.41339411200005],[94.10184417000005,24.42078035700007],[94.07603694400007,24.42217065400007],[94.06573277200005,24.432204033000062],[94.05475317500009,24.446222927000065],[94.05197184800005,24.447406070000056],[94.03435097200008,24.447415744000068],[94.02066802700006,24.44209188700006],[94.01314320400007,24.44648629900007],[94.00639872500005,24.44582472600007],[94.00790269300006,24.451460981000025]]]}},{"type":"Feature","properties":{"shapeName":"Tamenglong","shapeISO":"","shapeID":"76128533B11421856387892","shapeGroup":"IND","shapeType":"ADM2","layer":"district"},"geometry":{"type":"Polygon","coordinates":[[[93.21237,24.85874],[93.21789,24.85855],[93.23189,24.84822],[93.234,24.84401],[93.23531,24.83405],[93.22449,24.81511],[93.22257,24.80543],[93.21335,24.78593],[93.20254,24.77856],[93.18578,24.77678],[93.17468,24.77805],[93.16298,24.77326],[93.16008,24.76931],[93.15724,24.75713],[93.15158,24.74472],[93.14706,24.72897],[93.1378,24.7179],[93.13197,24.70498],[93.133,24.70273],[93.1374,24.702],[93.17724,24.70234],[93.19179,24.70421],[93.20296,24.69523],[93.20574,24.68976],[93.21643200500006,24.693417733000047],[93.22696918800006,24.68676094800003],[93.23276825700003,24.686155272000065],[93.24336758900006,24.67482732800005],[93.24603876900005,24.66586865100004],[93.25188001000004,24.66299960300006],[93.26219466800006,24.664315482000063],[93.26611414000007,24.671112995000044],[93.28033284300005,24.676509513000042],[93.28721052700007,24.67471972100003],[93.29118549000003,24.676524992000054],[93.29870410500007,24.684648192000054],[93.29873956500006,24.68632111000005],[93.29298574100005,24.692468577000056],[93.29401031000003,24.700159865000046],[93.29949699400004,24.703730705000055],[93.30270726700007,24.700393890000043],[93.30746042600003,24.69888452500004],[93.31413162500007,24.700580692000074],[93.32076266000007,24.706567504000077],[93.31790812900005,24.71180131400007],[93.31972274900005,24.714801376000025],[93.33044682100007,24.72287321500005],[93.33679448300006,24.722781535000024],[93.33999632800004,24.72434830900005],[93.34078183800005,24.727876648000063],[93.33853832300008,24.73184268800003],[93.33296041400007,24.73460245800004],[93.32493081000007,24.736077372000068],[93.32248527000007,24.739443943000026],[93.32401401200008,24.74219314000004],[93.32844043900008,24.74307951000003],[93.33098969400004,24.74774468100003],[93.33926270700005,24.749582028000077],[93.33565389800003,24.753356491000034],[93.34436965500004,24.76019898900006],[93.34702345300008,24.764103010000042],[93.35696825700006,24.770857845000023],[93.36347780700004,24.773099389000038],[93.36458032300004,24.78740126400004],[93.36023604800005,24.79189857600005],[93.36078142200006,24.80640246400003],[93.36756974900004,24.807295485000054],[93.37184416400004,24.814034794000065],[93.38294144200006,24.815123640000024],[93.39340396300008,24.81275570500003],[93.40315761300008,24.816752464000047],[93.40950297100005,24.815929217000075],[93.41466938200006,24.82371786300007],[93.41446048400007,24.82831843200006],[93.41249886000008,24.83177571400006],[93.42734965100004,24.829091127000027],[93.43796596000004,24.83076890600006],[93.47020642000007,24.82772368600007],[93.49506181600003,24.82941775200004],[93.51291791100005,24.822566419000054],[93.52229670200006,24.822710906000054],[93.53365417000003,24.81762248900003],[93.53777877400006,24.812283798000067],[93.54503916100003,24.810266527000067],[93.55260814100006,24.81230596200004],[93.55182989600007,24.817080521000037],[93.55965051000004,24.82959192800007],[93.56724380700007,24.831880583000043],[93.56839274500004,24.839661481000064],[93.57036979700007,24.841744083000037],[93.57489780700007,24.84222200100004],[93.58893576000008,24.83764303600003],[93.59575691500004,24.829542767000078],[93.61275119200008,24.81856050400006],[93.64087967300009,24.803479545000073],[93.66093461500003,24.79754681600008],[93.68025857000003,24.794534057000078],[93.68728,24.80199],[93.69526,24.80745],[93.70518,24.81257],[93.72142,24.81729],[93.72855,24.82586],[93.73278,24.83649],[93.73588,24.85699],[93.73552,24.86732],[93.73197,24.87455],[93.72517,24.8784],[93.7162,24.88774],[93.71291,24.91366],[93.71644,24.91891],[93.72496,24.92674],[93.75762,24.94642],[93.76762,24.96016],[93.7746,24.97881],[93.77561,25.00808],[93.77836,25.0196],[93.7785,25.03126],[93.78242,25.04801],[93.78298,25.06016],[93.78882,25.08011],[93.79152,25.08228],[93.79297,25.1144],[93.78837,25.12787],[93.78294,25.13184],[93.78051,25.13519],[93.78067,25.13926],[93.77596,25.14576],[93.77311,25.14683],[93.77045,25.15323],[93.77147,25.15769],[93.76925,25.1629],[93.76614,25.16458],[93.7664,25.16788],[93.76775,25.17108],[93.77196,25.17377],[93.77457,25.18383],[93.77948,25.18914],[93.78337,25.18984],[93.78587,25.19875],[93.79052,25.20184],[93.79616,25.20325],[93.79896,25.20656],[93.80063,25.2131],[93.80882,25.21699],[93.81823,25.22903],[93.82255,25.22949],[93.82614,25.23235],[93.8275,25.23776],[93.83118,25.24099],[93.84238,25.24481],[93.84542,25.25035],[93.85089,25.25324],[93.86101,25.25572],[93.86619,25.26129],[93.87386,25.26333],[93.88448,25.27547],[93.89131,25.27774],[93.90176,25.28499],[93.90868,25.28597],[93.91371,25.28376],[93.92078,25.28493],[93.92218,25.28914],[93.92791,25.29293],[93.9272,25.30053],[93.91646,25.31034],[93.9096,25.31471],[93.89337,25.31814],[93.89035,25.31999],[93.88627,25.32642],[93.88495,25.33442],[93.89478,25.35753],[93.90676,25.36507],[93.91703,25.37654],[93.92006,25.38949],[93.91829,25.3928],[93.89141,25.40181],[93.88494,25.40598],[93.88305,25.4095],[93.87909,25.41208],[93.87106,25.41168],[93.86624,25.41922],[93.86291,25.42293],[93.86156,25.42439],[93.85756723700007,25.42406],[93.85574,25.42476],[93.85265,25.42928],[93.85245,25.43376],[93.84101,25.44416],[93.83925,25.44966],[93.82721,25.45212],[93.81831,25.45899],[93.81038,25.46228],[93.80099,25.45742],[93.78931,25.44343],[93.77816,25.43479],[93.77396,25.43684],[93.7621,25.42329],[93.76072,25.41651],[93.7494,25.40028],[93.74748,25.39945],[93.74405,25.40061],[93.7321,25.3949],[93.72741,25.38754],[93.72879,25.38181],[93.72634,25.37339],[93.72368,25.36735],[93.71849,25.36195],[93.71593,25.36113],[93.71194,25.36294],[93.702,25.35297],[93.6931,25.34827],[93.69157,25.34303],[93.68182,25.33983],[93.67774,25.33071],[93.67283,25.32987],[93.67022,25.32766],[93.66089,25.31332],[93.66087,25.31009],[93.66294,25.30814],[93.65808,25.28798],[93.65309,25.28569],[93.6499,25.27814],[93.64018,25.26869],[93.64014,25.26088],[93.63051,25.24525],[93.62222,25.24063],[93.62025,25.23289],[93.61507,25.22253],[93.6151,25.21945],[93.61889,25.21357],[93.61518,25.20382],[93.59855,25.18953],[93.59107,25.18772],[93.58477,25.18873],[93.57428,25.21026],[93.57154,25.21278],[93.55377,25.21849],[93.54454,25.23185],[93.5394,25.23634],[93.53289,25.23848],[93.52589,25.23865],[93.50325,25.23654],[93.48913,25.23327],[93.48696,25.23688],[93.48781,25.25442],[93.48619,25.26236],[93.48058,25.26628],[93.46763,25.26357],[93.46454,25.26447],[93.46216,25.26697],[93.45855,25.27687],[93.45664,25.2862],[93.45258,25.29117],[93.44311,25.28876],[93.43694,25.28301],[93.42473,25.27754],[93.42161,25.2744],[93.42161,25.26864],[93.41902,25.26274],[93.41037,25.25995],[93.40188,25.25959],[93.3929,25.24684],[93.38702,25.24247],[93.38542,25.23894],[93.38591,25.22858],[93.38308,25.22227],[93.37779,25.21734],[93.37639,25.21265],[93.36786,25.20463],[93.36884,25.20015],[93.36681,25.19662],[93.3605,25.19219],[93.35135,25.17839],[93.34563,25.16049],[93.34923,25.14113],[93.3451,25.13429],[93.34713,25.13138],[93.3443,25.12645],[93.34743,25.122],[93.34466,25.12168],[93.34257,25.11792],[93.34256,25.11274],[93.33868,25.11103],[93.33398,25.09245],[93.32183,25.0883],[93.32055,25.08501],[93.31093,25.0746],[93.30429,25.06107],[93.30713,25.05516],[93.30243,25.0527],[93.30278,25.04465],[93.30064,25.04485],[93.30061,25.0486],[93.29827,25.04927],[93.29518,25.04434],[93.2901,25.04377],[93.28508,25.04349],[93.28271,25.04824],[93.2664,25.0464],[93.26769,25.04331],[93.26659,25.04082],[93.26115,25.03858],[93.26204,25.03266],[93.25384,25.02543],[93.25659,25.02195],[93.256,25.01848],[93.24706,25.01556],[93.24992,25.01277],[93.24738,25.00992],[93.24515,25.00039],[93.24884,24.99991],[93.25167,25.00312],[93.25466,24.99985],[93.25809,25.00318],[93.26065,25.00277],[93.2615,25.00098],[93.25961,24.99765],[93.2553,24.99768],[93.25388,24.99895],[93.25514,24.99276],[93.2502,24.98556],[93.2512,24.97941],[93.2497,24.97817],[93.25251,24.97566],[93.25106,24.9719],[93.25107,24.96938],[93.25687,24.96938],[93.26136,24.96312],[93.25873,24.9556],[93.26052,24.9481],[93.25761,24.94811],[93.25169,24.95183],[93.24739,24.95183],[93.24924,24.94309],[93.25225,24.93935],[93.24223,24.9406],[93.23813,24.93561],[93.23959,24.93436],[93.24663,24.93685],[93.24118,24.92809],[93.24263,24.92684],[93.24834,24.92684],[93.25138,24.91556],[93.24856,24.9118],[93.23997,24.91179],[93.23853,24.91305],[93.23711,24.91179],[93.24087,24.90576],[93.24147,24.90048],[93.24005,24.89797],[93.23431,24.89922],[93.23147,24.89546],[93.23147,24.89168],[93.22861,24.89168],[93.23291,24.88665],[93.23148,24.88162],[93.22719,24.88162],[93.22433,24.87785],[93.22719,24.87408],[93.21716,24.86652],[93.2133,24.86007],[93.21286815200006,24.859446219000063],[93.21285,24.85942],[93.21237,24.85874]]]}},{"type":"Feature","properties":{"shapeName":"Ukhrul","shapeISO":"","shapeID":"76128533B44190672061408","shapeGroup":"IND","shapeType":"ADM2","layer":"district"},"geometry":{"type":"Polygon","coordinates":[[[94.68116,25.43172],[94.68249,25.4483],[94.68087,25.45089],[94.66698,25.45424],[94.66457,25.45799],[94.65901,25.4603],[94.65014,25.46112],[94.64306,25.45945],[94.63213,25.4628],[94.63112,25.46823],[94.62348,25.47356],[94.61189,25.47454],[94.61013,25.47577],[94.60102,25.48506],[94.60197,25.49011],[94.59419,25.49984],[94.59194,25.50121],[94.58722,25.49992],[94.57259,25.5029],[94.57064,25.50513],[94.56997,25.52141],[94.56601,25.52523],[94.56488,25.52927],[94.56578,25.53432],[94.57084,25.5435],[94.57213,25.55142],[94.57204,25.55588],[94.56764,25.55964],[94.56521,25.56999],[94.57041,25.58611],[94.56892,25.5968],[94.57489,25.60709],[94.58325,25.61109],[94.58949,25.61958],[94.589,25.62339],[94.58671,25.62606],[94.5904,25.63588],[94.59303,25.63994],[94.6005,25.64353],[94.60425,25.6503],[94.60365,25.65395],[94.59863,25.65525],[94.58562,25.64828],[94.57993,25.64785],[94.57975,25.65291],[94.58598,25.66814],[94.58508,25.67443],[94.58858,25.68281],[94.58655,25.69077],[94.57912,25.69024],[94.57445,25.68824],[94.56763,25.67109],[94.56396,25.66879],[94.56138,25.66335],[94.55619,25.65955],[94.55545,25.65581],[94.55104,25.64925],[94.54672,25.64543],[94.54233,25.64502],[94.53394,25.63804],[94.53191,25.63097],[94.52516,25.62375],[94.51502,25.62034],[94.50378,25.61369],[94.49936,25.60707],[94.49261,25.60207],[94.48572,25.59947],[94.48625,25.5945],[94.48315,25.58889],[94.47871,25.58567],[94.47558,25.57903],[94.47664,25.57636],[94.47465,25.57147],[94.46733,25.56666],[94.46424,25.56047],[94.46539,25.55566],[94.46103,25.54844],[94.45762,25.54651],[94.45729,25.5347],[94.45208,25.52883],[94.44843,25.52928],[94.44585,25.52666],[94.44403,25.51692],[94.44151,25.51349],[94.43756,25.51211],[94.43283,25.50744],[94.42802,25.49531],[94.42276,25.49213],[94.41951,25.48507],[94.42132,25.48161],[94.41712,25.47309],[94.41264,25.47109],[94.41069,25.46663],[94.41059,25.45844],[94.40898,25.45424],[94.40092,25.4464],[94.40007,25.4393],[94.39602,25.4313],[94.38548,25.42046],[94.38478,25.41188],[94.37877,25.40853],[94.37582,25.40257],[94.37233,25.40126],[94.37114,25.3992],[94.37221,25.39053],[94.37025,25.38867],[94.3697,25.3839],[94.37134,25.38247],[94.37142,25.37857],[94.36932,25.37526],[94.36917,25.37083],[94.3711,25.36803],[94.37101,25.36379],[94.36841,25.36075],[94.36834,25.34995],[94.36483,25.34847],[94.36112,25.33944],[94.35763,25.33845],[94.35493,25.33572],[94.35465,25.33087],[94.34759,25.32303],[94.34589,25.31699],[94.34002,25.31343],[94.3376,25.30381],[94.33354,25.30206],[94.33047,25.29671],[94.32388,25.29224],[94.32159,25.28823],[94.32147,25.28159],[94.31611,25.27638],[94.31646,25.2726],[94.3142,25.26914],[94.31147,25.268],[94.30818,25.26143],[94.29671,25.25038],[94.26755,25.23042],[94.26372,25.22867],[94.25712,25.22859],[94.24286,25.22154],[94.2309,25.22143],[94.2162,25.21053],[94.21266,25.20996],[94.20978,25.20441],[94.20995,25.19793],[94.20797,25.19332],[94.19755,25.18007],[94.18995943900006,25.174026269000024],[94.18954,25.17169],[94.18568,25.16851],[94.17909,25.16643],[94.17766,25.1647],[94.17367,25.15936],[94.17434,25.15567],[94.17079,25.14936],[94.16613,25.14761],[94.16012,25.1419],[94.16169,25.13771],[94.15543,25.1332],[94.15105,25.13475],[94.14543,25.13181],[94.14425,25.12975],[94.14602,25.12519],[94.14208,25.11993],[94.13822,25.12276],[94.13107,25.11928],[94.13026,25.11113],[94.12669,25.10607],[94.12242,25.10432],[94.11934,25.09838],[94.12016,25.0802],[94.12511,25.07082],[94.12594,25.05885],[94.1282,25.05622],[94.13571,25.0541],[94.13888,25.05121],[94.1434,25.03852],[94.14689,25.03536],[94.1475,25.02749],[94.1457,25.02194],[94.14664,25.01669],[94.14971,25.01405],[94.15024,25.006],[94.14775,24.99872],[94.14955,24.98064],[94.15128,24.97119],[94.15654681300003,24.960563474000026],[94.17056433300007,24.965353107000055],[94.17571568100004,24.955800874000033],[94.17533550500008,24.948334801000044],[94.16893216100004,24.926468357000033],[94.17621400800004,24.93109878100006],[94.18901436700008,24.92914746300005],[94.19408533700005,24.93611706300004],[94.21227518800004,24.933492449000028],[94.22602960100005,24.938112889000024],[94.24010025500007,24.94045598500003],[94.26154039400006,24.948067398000035],[94.30323062700006,24.977576011000053],[94.31456391300009,24.981942411000034],[94.33056730200008,24.990846515000044],[94.34678119100005,24.992314708000038],[94.36777492200008,24.989886927000043],[94.40697074100007,24.99420179400005],[94.43421954000007,25.00233942600005],[94.46801402200003,25.00753109900006],[94.48343239900004,25.013023928000052],[94.50753828100005,25.015634908000038],[94.51817540000008,25.019986996000057],[94.53283108100004,25.03106457100006],[94.54302105800008,25.04188654400008],[94.55792509500009,25.053879548000054],[94.56799987100004,25.06590575000007],[94.59026600400006,25.083593594000035],[94.61497053700003,25.093184207000036],[94.67239947300004,25.09622706500005],[94.69147283200004,25.099910752000028],[94.70747052400009,25.09991784700003],[94.73321826400007,25.103633967000064],[94.73639841700003,25.105572221000045],[94.73989551500006,25.109003335000068],[94.74031829800003,25.11320304900005],[94.73829650800008,25.121002197000053],[94.73349761900005,25.12925910900003],[94.72265624900007,25.137512207000043],[94.70228072900005,25.14703478100006],[94.71140034500007,25.15015085300007],[94.69853,25.15907],[94.68555,25.15879],[94.66477,25.17095],[94.64643,25.17624],[94.6289,25.1912],[94.61473,25.19136],[94.59991,25.2006],[94.58535,25.2172],[94.5853,25.22177],[94.58737,25.22295],[94.58752,25.22692],[94.59198,25.23682],[94.59446,25.26403],[94.59857,25.28327],[94.60419,25.29067],[94.61304,25.30966],[94.62075,25.33222],[94.64391,25.36429],[94.64142,25.38505],[94.64166,25.39658],[94.65723,25.40989],[94.66452,25.4126],[94.67332,25.41896],[94.68039,25.42768],[94.68116,25.43172]]]}},{"type":"Feature","properties":{"shapeName":"Bishnupur","shapeISO":"","shapeID":"76128533B14403163214152","shapeGroup":"IND","shapeType":"ADM2","layer":"district"},"geometry":{"type":"Polygon","coordinates":[[[93.86213,24.31525],[93.86465,24.31791],[93.86569,24.32192],[93.8657,24.32263],[93.86478,24.32523],[93.86595,24.33197],[93.86378,24.33419],[93.86303,24.34203],[93.86096,24.34314],[93.86079,24.3498],[93.85813,24.35282],[93.8592,24.35753],[93.85433,24.36149],[93.85187,24.3672],[93.85147,24.36733],[93.85135,24.37108],[93.85162,24.37144],[93.85215,24.37399],[93.85048,24.37689],[93.85008,24.37815],[93.84968,24.37956],[93.8498,24.37996],[93.8507,24.38125],[93.84887,24.39129],[93.84629,24.39397],[93.84625,24.40095],[93.84427,24.40231],[93.84978,24.41395],[93.84682,24.42076],[93.85141,24.42885],[93.85445,24.43045],[93.85677,24.43737],[93.85938,24.43919],[93.85997,24.45155],[93.85888,24.4545],[93.86183,24.45901],[93.86293,24.46614],[93.86527,24.46824],[93.86491,24.47515],[93.8665,24.47714],[93.86207,24.48896],[93.85811,24.49173],[93.85804,24.49719],[93.85523,24.50217],[93.8563,24.51023],[93.86011,24.51905],[93.85619,24.5215],[93.85521,24.52865],[93.85873,24.54218],[93.8595,24.55385],[93.86238,24.55855],[93.85935,24.56313],[93.85933,24.57046],[93.86601,24.58171],[93.86602,24.58532],[93.8634,24.58756],[93.86091,24.58724],[93.85611,24.57511],[93.85048,24.57061],[93.84804,24.57033],[93.84316,24.57823],[93.83829,24.57954],[93.8284,24.58545],[93.82668,24.59379],[93.82979,24.59936],[93.8269,24.6051],[93.81934,24.60651],[93.81175,24.60428],[93.80119,24.60655],[93.79641,24.6098],[93.79564,24.61616],[93.80125,24.63033],[93.7995,24.63151],[93.79891,24.63665],[93.79489,24.64014],[93.79447,24.64466],[93.79232,24.64598],[93.79648,24.65488],[93.79264,24.65506],[93.7955,24.6603],[93.79556,24.66578],[93.79796,24.66781],[93.8135,24.67157],[93.82067,24.67027],[93.82424,24.67371],[93.82844,24.67129],[93.83112,24.66201],[93.83385,24.659],[93.8596,24.6539],[93.86232,24.65536],[93.8713,24.65609],[93.87851,24.6661],[93.87853,24.67347],[93.8837,24.68319],[93.88309,24.69137],[93.87769,24.69317],[93.87428,24.68824],[93.87121,24.68931],[93.87428,24.69531],[93.87163,24.70522],[93.86502,24.70868],[93.85453,24.70891],[93.85253,24.71752],[93.85614,24.72385],[93.85277,24.72466],[93.85205,24.72639],[93.83703,24.7156],[93.83265,24.71781],[93.83049,24.71677],[93.82577,24.71155],[93.82551,24.70757],[93.81728,24.71573],[93.81014,24.71934],[93.80074,24.71915],[93.79524,24.72271],[93.7887,24.72246],[93.78108,24.7248],[93.77867,24.72382],[93.76663,24.72485],[93.76163,24.7234],[93.75621,24.72799],[93.75398,24.7255],[93.7553,24.72015],[93.76637,24.70624],[93.76795,24.69908],[93.76721,24.68707],[93.75383,24.65776],[93.7564,24.63986],[93.75286,24.63818],[93.73817,24.63841],[93.73783,24.63597],[93.74227,24.62959],[93.73863,24.62737],[93.73338,24.62727],[93.72868,24.62189],[93.72787,24.61574],[93.72304,24.60678],[93.72508,24.59006],[93.72791,24.58363],[93.7236,24.56782],[93.72464,24.56239],[93.72236,24.55125],[93.72784,24.52749],[93.72742,24.52147],[93.72389,24.51244],[93.72521,24.5038],[93.72528,24.50347],[93.72607,24.49401],[93.72151,24.47743],[93.72103,24.46457],[93.71789,24.46372],[93.71053,24.46605],[93.70639,24.46505],[93.70341,24.46153],[93.70357,24.45903],[93.7102,24.45752],[93.71275,24.45244],[93.70863,24.43567],[93.71001,24.42962],[93.71355,24.42614],[93.7225,24.42264],[93.73008,24.41681],[93.73914,24.40758],[93.74,24.39985],[93.74164,24.39784],[93.74755,24.39904],[93.75392,24.40623],[93.76206,24.40617],[93.76664,24.40997],[93.77254,24.40654],[93.77569,24.40642],[93.7852,24.41238],[93.78714,24.41637],[93.79003,24.41674],[93.79217,24.41634],[93.79645,24.4139],[93.79712,24.40965],[93.79676,24.40744],[93.79799,24.40132],[93.79956,24.40026],[93.80297,24.40052],[93.81003,24.4062],[93.81432,24.40625],[93.81633,24.40308],[93.81235,24.38733],[93.80207,24.38621],[93.79818,24.38878],[93.7968,24.38977],[93.79262,24.39077],[93.79073,24.38897],[93.79557,24.38414],[93.79668,24.37744],[93.79882,24.37593],[93.79962,24.37555],[93.80641,24.37291],[93.8069,24.36538],[93.80854,24.36282],[93.81166,24.35917],[93.81305,24.35758],[93.81555,24.35639],[93.81913,24.35697],[93.82032,24.36103],[93.82842,24.36465],[93.83425,24.37088],[93.83799,24.37138],[93.84107,24.35828],[93.83995,24.33065],[93.842,24.31702],[93.84763,24.31117],[93.84803,24.30768],[93.85002,24.30591],[93.85369,24.30694],[93.86213,24.31525]]]}},{"type":"Feature","properties":{"shapeName":"Churachandpur","shapeISO":"","shapeID":"76128533B50969226102213","shapeGroup":"IND","shapeType":"ADM2","layer":"district"},"geometry":{"type":"Polygon","coordinates":[[[93.8713,24.28894],[93.87125,24.29131],[93.86932,24.29225],[93.87181,24.29643],[93.86909,24.30053],[93.87051,24.3019],[93.86754,24.31281],[93.86493,24.3151],[93.86213,24.31525],[93.85369,24.30694],[93.85002,24.30591],[93.84803,24.30768],[93.84763,24.31117],[93.842,24.31702],[93.83995,24.33065],[93.84107,24.35828],[93.83799,24.37138],[93.83425,24.37088],[93.82842,24.36465],[93.82032,24.36103],[93.81913,24.35697],[93.81555,24.35639],[93.81305,24.35758],[93.81166,24.35917],[93.80854,24.36282],[93.8069,24.36538],[93.80641,24.37291],[93.79962,24.37555],[93.79882,24.37593],[93.79668,24.37744],[93.79557,24.38414],[93.79073,24.38897],[93.79262,24.39077],[93.7968,24.38977],[93.79818,24.38878],[93.80207,24.38621],[93.81235,24.38733],[93.81633,24.40308],[93.81432,24.40625],[93.81003,24.4062],[93.80297,24.40052],[93.79956,24.40026],[93.79799,24.40132],[93.79676,24.40744],[93.79712,24.40965],[93.79645,24.4139],[93.79217,24.41634],[93.79003,24.41674],[93.78714,24.41637],[93.7852,24.41238],[93.77569,24.40642],[93.77254,24.40654],[93.76664,24.40997],[93.76206,24.40617],[93.75392,24.40623],[93.74755,24.39904],[93.74164,24.39784],[93.74,24.39985],[93.73914,24.40758],[93.73008,24.41681],[93.7225,24.42264],[93.71355,24.42614],[93.71001,24.42962],[93.70863,24.43567],[93.71275,24.45244],[93.7102,24.45752],[93.70357,24.45903],[93.70341,24.46153],[93.70639,24.46505],[93.71053,24.46605],[93.71789,24.46372],[93.72103,24.46457],[93.72151,24.47743],[93.72607,24.49401],[93.72528,24.50347],[93.72521,24.5038],[93.72389,24.51244],[93.72742,24.52147],[93.72784,24.52749],[93.72236,24.55125],[93.72464,24.56239],[93.7236,24.56782],[93.72791,24.58363],[93.72508,24.59006],[93.72304,24.60678],[93.72787,24.61574],[93.72868,24.62189],[93.73338,24.62727],[93.72138,24.62963],[93.71185,24.626],[93.70807,24.62615],[93.69983,24.6226],[93.6784,24.61975],[93.65098,24.61157],[93.6392,24.60504],[93.61386,24.594],[93.60067,24.59032],[93.59514,24.58686],[93.56833,24.58192],[93.5498,24.58193],[93.52145,24.58519],[93.50088,24.59081],[93.49008,24.59226],[93.47073,24.6019],[93.4652,24.60606],[93.44344,24.62835],[93.42899,24.63397],[93.42193,24.62592],[93.41565,24.62205],[93.41627,24.61514],[93.40386,24.6077],[93.39814,24.60815],[93.39452,24.59146],[93.39778,24.58494],[93.39102,24.5716],[93.39560900800006,24.57060063800003],[93.39510087600007,24.557571091000057],[93.39150032200007,24.551480378000065],[93.39020864300005,24.54303107000004],[93.39202563400005,24.537259903000063],[93.39121657400005,24.533544359000075],[93.39340035500004,24.528257823000047],[93.39257101800007,24.525689987000078],[93.39906946700006,24.522794435000037],[93.40811083800008,24.52422646100007],[93.41185518700007,24.52047290400003],[93.41286751000007,24.516997864000075],[93.40252514200006,24.50578778700003],[93.40209612900009,24.49968591100003],[93.39151576700004,24.480755857000077],[93.39306887200007,24.47706898900003],[93.39049311200006,24.46960462800007],[93.38235526100004,24.464754689000074],[93.37761121800008,24.459079092000025],[93.37650788600007,24.453127193000057],[93.37022419800007,24.446534889000077],[93.36661407300005,24.445116277000068],[93.36570762100007,24.43524056600006],[93.36792618500004,24.430019103000063],[93.36509001700006,24.42475311900006],[93.35588654000009,24.418276178000042],[93.35592703300006,24.411483100000055],[93.35924287200004,24.409575802000063],[93.36624432400004,24.400750668000057],[93.36771695400006,24.394614041000068],[93.37668745500008,24.389665810000054],[93.39003096500005,24.385064148000026],[93.42440859300007,24.38393259700007],[93.47385506800003,24.38672666700006],[93.49593425100005,24.38190350600007],[93.50089242900003,24.375699583000028],[93.49996825800008,24.362891366000042],[93.50404640500005,24.35776502400006],[93.50500780700008,24.351158088000034],[93.50260368800008,24.346753541000055],[93.50068554600006,24.33686107500006],[93.50062762900006,24.33505719900006],[93.50317550600005,24.332934958000067],[93.50253777300009,24.324652023000056],[93.49791736700007,24.31866096400006],[93.49720974900004,24.311478369000042],[93.50024389200007,24.307671345000074],[93.49851204000004,24.29932969500004],[93.49469513200006,24.293675402000076],[93.49452497000004,24.28681800100003],[93.49725152400003,24.282178135000038],[93.49528206000008,24.277186785000026],[93.48396220000006,24.268288124000037],[93.48302659700005,24.261400997000067],[93.45137512500008,24.23692361800005],[93.44314896100008,24.228439069000046],[93.42825820500008,24.219121526000038],[93.42432836700004,24.21398212300005],[93.41231146100006,24.20404104100004],[93.41181554800005,24.18860348800007],[93.40631018800008,24.169440141000052],[93.38953093300006,24.13581177100008],[93.38146387600005,24.11046986200006],[93.38340255100007,24.09915577000004],[93.38358655200005,24.08473508000003],[93.40202753000005,24.07810199100004],[93.4007,24.07316],[93.40297,24.07111],[93.40649,24.07071],[93.40648,24.06615],[93.40778,24.0653],[93.41304,24.06582],[93.41481,24.06325],[93.41312,24.06033],[93.41841,24.05724],[93.41895,24.05108],[93.42197,24.04888],[93.42269,24.03282],[93.42673,24.02833],[93.42491,24.02486],[93.42536,24.02165],[93.42946,24.01845],[93.42865,24.01356],[93.4313,24.01057],[93.43593,24.00847],[93.4374,24.00571],[93.44124,24.00606],[93.44357,24.00881],[93.44672,24.00803],[93.44649,24.0025],[93.44868,23.99825],[93.4471,23.991],[93.45293,23.99193],[93.45601,23.9908],[93.45405,23.98369],[93.45696,23.98194],[93.4572,23.97967],[93.45283,23.9769],[93.45168,23.97405],[93.45714,23.9646],[93.46186,23.96221],[93.46327,23.95607],[93.47127,23.95401],[93.4736,23.94877],[93.48133,23.94978],[93.48308,23.94453],[93.48972,23.94409],[93.49075,23.93824],[93.49262,23.93604],[93.50674,23.93511],[93.50979,23.94272],[93.51451,23.94475],[93.51727,23.94945],[93.52408,23.949],[93.52689,23.95343],[93.53016,23.95486],[93.53399,23.9518],[93.53789,23.95157],[93.547,23.95691],[93.54703,23.96424],[93.5494,23.96702],[93.54985,23.97314],[93.55364,23.97588],[93.55704,23.9722],[93.56257,23.97261],[93.56639,23.97009],[93.56591,23.96749],[93.56328,23.96596],[93.56394,23.96301],[93.56971,23.96174],[93.57132,23.95812],[93.5849,23.95349],[93.58764,23.9556],[93.58855,23.96004],[93.60539,23.96988],[93.60542,23.97373],[93.60361,23.97659],[93.60903,23.98165],[93.6086,23.9907],[93.61179,23.99335],[93.61215,23.99948],[93.62277,24.00501],[93.62654,24.00494],[93.62984,24.0022],[93.64065,24.00413],[93.64529,24.00157],[93.6515,24.00124],[93.65539,23.99663],[93.65762,23.99607],[93.66161,23.99828],[93.67093,23.99731],[93.67939,24.00217],[93.69352,24.0031],[93.70153,23.99904],[93.7074,23.99932],[93.71399,23.99552],[93.71932,23.99549],[93.72472,23.99318],[93.72776,23.99564],[93.73815,23.99522],[93.74344,24.00021],[93.74364,24.00793],[93.74806,24.01661],[93.7475,24.024],[93.74905,24.02774],[93.75342,24.03175],[93.75458,24.03652],[93.7529,24.04568],[93.75857,24.05233],[93.76088,24.05946],[93.75936,24.06687],[93.76662,24.07741],[93.77047,24.09829],[93.76905,24.10753],[93.77289,24.12517],[93.77798,24.1291],[93.78449,24.13979],[93.79442,24.14517],[93.79997,24.15027],[93.80191,24.15705],[93.80964,24.16801],[93.82841,24.17855],[93.83269,24.18649],[93.8415,24.19711],[93.84459,24.20395],[93.8487,24.20645],[93.85873,24.20586],[93.86827,24.21627],[93.86769,24.22285],[93.857,24.22887],[93.85554,24.23414],[93.8566,24.24239],[93.8628,24.25687],[93.86479,24.26616],[93.86921,24.27135],[93.8713,24.28894]]]}},{"type":"Feature","properties":{"shapeName":"Thoubal","shapeISO":"","shapeID":"76128533B44197302080139","shapeGroup":"IND","shapeType":"ADM2","layer":"district"},"geometry":{"type":"Polygon","coordinates":[[[94.12965,24.62696],[94.13085,24.63172],[94.1299,24.63403],[94.12167,24.63903],[94.10788,24.65375],[94.1033,24.66489],[94.10587,24.66565],[94.11167,24.66177],[94.11513,24.66212],[94.11602,24.66649],[94.11363,24.67368],[94.1185,24.68616],[94.12384,24.69211],[94.13526,24.69789],[94.15195,24.7136],[94.15824,24.72112],[94.15931,24.72464],[94.15749,24.72662],[94.13934,24.71824],[94.13172,24.71842],[94.12884,24.72234],[94.12809,24.73471],[94.12322,24.74533],[94.12334,24.74051],[94.11804,24.7358],[94.11846,24.73247],[94.11389,24.72901],[94.11599,24.72565],[94.1134,24.72243],[94.11418,24.71625],[94.11149,24.71594],[94.10973,24.71822],[94.1037,24.71664],[94.09952,24.71154],[94.09431,24.70066],[94.08782,24.69437],[94.08619,24.69436],[94.08497,24.69884],[94.08284,24.6991],[94.07823,24.69629],[94.077,24.69345],[94.06957,24.68996],[94.06791,24.6927],[94.06501,24.69316],[94.06052,24.68913],[94.05196,24.68631],[94.04789,24.68642],[94.03978,24.68033],[94.03463,24.67874],[94.03192,24.67162],[94.02956,24.67207],[94.03004,24.67603],[94.02734,24.67527],[94.02706,24.66996],[94.02287,24.67441],[94.02049,24.67505],[94.01896,24.66739],[94.01376,24.66914],[94.013,24.6621],[94.01067,24.666],[94.01401,24.67768],[94.01302,24.67835],[94.00896,24.67431],[94.00606,24.67819],[94.00027,24.68025],[94.01518,24.68311],[94.01711,24.68618],[94.01697,24.69038],[94.01319,24.68761],[94.00846,24.69134],[94.00523,24.69145],[94.00211,24.68815],[93.9994,24.68974],[93.99792,24.68897],[93.99643,24.68441],[93.99168,24.6845],[93.98683,24.68232],[93.98698,24.68702],[93.99214,24.69371],[93.99174,24.69519],[93.98956,24.69558],[93.98197,24.69151],[93.97944,24.68718],[93.97395,24.68545],[93.96807,24.68682],[93.96569,24.68454],[93.96347,24.68462],[93.96409,24.68674],[93.96922,24.68849],[93.96995,24.69101],[93.97533,24.69007],[93.98059,24.69399],[93.98093,24.69766],[93.97817,24.69811],[93.97752,24.70038],[93.98075,24.70164],[93.98604,24.70804],[93.98452,24.7098],[93.97835,24.70653],[93.97797,24.71609],[93.97593,24.71827],[93.96992,24.71918],[93.96687,24.7172],[93.96575,24.71472],[93.96817,24.71229],[93.96484,24.70831],[93.96725,24.70234],[93.96158,24.70271],[93.95641,24.69631],[93.95096,24.69624],[93.9466,24.70285],[93.9411,24.70415],[93.93821,24.71317],[93.93429,24.70783],[93.93008,24.70424],[93.92217,24.70168],[93.91745,24.69401],[93.90954,24.69366],[93.90587,24.69042],[93.89964,24.69099],[93.89764,24.68921],[93.90019,24.68376],[93.89861,24.67535],[93.90201,24.67173],[93.89905,24.6678],[93.90187,24.66584],[93.9093,24.66489],[93.91156,24.65571],[93.92733,24.65527],[93.93011,24.65194],[93.9304,24.64136],[93.92835,24.64075],[93.92363,24.64309],[93.92143,24.64269],[93.91354,24.63129],[93.90018,24.62381],[93.89816,24.62044],[93.89745,24.61266],[93.88749,24.60818],[93.89547,24.60176],[93.89842,24.60239],[93.90357,24.60791],[93.90899,24.60539],[93.90945,24.58844],[93.90468,24.58525],[93.90412,24.5834],[93.91033,24.57433],[93.90935,24.5637],[93.90862152200003,24.562230484000054],[93.91484011500006,24.557629532000078],[93.92718420700004,24.555324417000065],[93.93508164600007,24.55199724000005],[93.94987353300007,24.54957918100007],[93.94905857500004,24.54033295800008],[93.94668249800009,24.535816184000055],[93.94970413500005,24.533573198000056],[93.95429238300005,24.533088967000026],[93.96284225300008,24.52756002700005],[93.97352494300009,24.535267728000065],[93.98490146800003,24.527179113000045],[94.00525200700008,24.523591458000055],[94.01375399100004,24.51858235700007],[94.03164835800004,24.512717463000058],[94.03608,24.51705],[94.03608,24.52022],[94.03276,24.52569],[94.0379,24.53864],[94.04576,24.5459],[94.05334,24.53421],[94.0568,24.53167],[94.06223,24.53035],[94.06949,24.52115],[94.07498,24.52375],[94.0811,24.5241],[94.084,24.52302],[94.08746,24.51894],[94.09242,24.5201],[94.099,24.5183],[94.10297,24.52408],[94.10236,24.52675],[94.09964,24.52881],[94.09366,24.52919],[94.09057,24.53093],[94.08748,24.54233],[94.07718,24.54972],[94.07341,24.5598],[94.07538,24.56332],[94.08048,24.56295],[94.08536,24.55425],[94.08881,24.55275],[94.09283,24.55631],[94.08933,24.56559],[94.08976,24.56887],[94.09211,24.57104],[94.09801,24.57075],[94.10049,24.57268],[94.10635,24.56964],[94.11759,24.55343],[94.11945,24.55206],[94.12168,24.55253],[94.1211,24.55926],[94.11627,24.57437],[94.11068,24.57946],[94.09869,24.58634],[94.09608,24.59251],[94.09638,24.59661],[94.10078,24.59855],[94.10332,24.60618],[94.0966,24.61565],[94.10057,24.62926],[94.09861,24.64445],[94.10041,24.6456],[94.10419,24.64427],[94.10838,24.63689],[94.1154,24.63557],[94.12114,24.62586],[94.12852,24.62581],[94.12965,24.62696]]]}},{"type":"Feature","properties":{"shapeName":"Imphal East","shapeISO":"","shapeID":"76128533B30779259886340","shapeGroup":"IND","shapeType":"ADM2","layer":"district"},"geometry":{"type":"Polygon","coordinates":[[[94.12322,24.74533],[94.12165,24.74879],[94.11807,24.75001],[94.11762,24.75156],[94.1216,24.75481],[94.1267,24.76602],[94.12737,24.7713],[94.13192,24.77125],[94.12853,24.77349],[94.12759,24.77752],[94.12162,24.77965],[94.12844,24.7806],[94.13259,24.784],[94.1366,24.79379],[94.13833,24.80646],[94.14051,24.80961],[94.13911,24.81333],[94.1444,24.8104],[94.14955,24.81139],[94.14683,24.81409],[94.13957,24.81726],[94.14386,24.82037],[94.14277,24.82308],[94.14677,24.82578],[94.1489,24.83036],[94.14652,24.84166],[94.14975,24.84439],[94.15043,24.84986],[94.1472,24.85278],[94.14555,24.85172],[94.1437,24.84425],[94.14078,24.83978],[94.14142,24.8352],[94.13781,24.83303],[94.13661,24.82854],[94.13367,24.82774],[94.13403,24.82163],[94.12974,24.81026],[94.12633,24.80833],[94.12549,24.80325],[94.12348,24.80295],[94.12069,24.80681],[94.12056,24.80424],[94.116,24.80575],[94.1229,24.80042],[94.12535,24.79326],[94.12405,24.78826],[94.12225,24.78685],[94.12048,24.78773],[94.11907,24.79616],[94.11782,24.79568],[94.11773,24.78965],[94.11665,24.78986],[94.11276,24.79972],[94.11423,24.80914],[94.11953,24.81383],[94.12042,24.8192],[94.11299,24.80943],[94.1106,24.798],[94.10649,24.79859],[94.10369,24.79695],[94.11091,24.79583],[94.11383,24.78976],[94.11169,24.78809],[94.10285,24.788],[94.10327,24.78412],[94.10761,24.78709],[94.10993,24.78555],[94.11622,24.78658],[94.11549,24.78091],[94.12054,24.7734],[94.12199,24.76628],[94.11963,24.76499],[94.12018,24.76243],[94.11354,24.75695],[94.11333,24.74918],[94.11539,24.74463],[94.1137,24.74426],[94.11664,24.73753],[94.11145,24.73374],[94.11033,24.72175],[94.10268,24.72394],[94.10168,24.72256],[94.10665,24.72166],[94.10861,24.71975],[94.10319,24.7178],[94.09656,24.72184],[94.09641,24.71886],[94.10158,24.71624],[94.09742,24.71222],[94.09466,24.70595],[94.08958,24.70389],[94.08867,24.70743],[94.0921,24.70851],[94.09206,24.71129],[94.08838,24.7115],[94.08705,24.71307],[94.08872,24.71563],[94.0847,24.71684],[94.08477,24.71831],[94.08838,24.72058],[94.08364,24.72078],[94.07709,24.71703],[94.07614,24.71827],[94.07201,24.71849],[94.08358,24.723],[94.0737,24.72128],[94.07296,24.72302],[94.07495,24.72626],[94.08174,24.7261],[94.08498,24.72869],[94.07451,24.72784],[94.07497,24.73049],[94.07256,24.73382],[94.07652,24.73529],[94.07537,24.73811],[94.07776,24.73722],[94.08077,24.73838],[94.0765,24.73932],[94.07519,24.74154],[94.08317,24.75096],[94.08283,24.75249],[94.07825,24.74986],[94.08188,24.75487],[94.08273,24.76335],[94.08862,24.77484],[94.08712,24.776],[94.08444,24.76804],[94.0806,24.76495],[94.0805,24.75851],[94.07777,24.75674],[94.07875,24.75519],[94.07677,24.75507],[94.07725,24.75081],[94.07421,24.75051],[94.07662,24.74726],[94.0727,24.744],[94.07256,24.73957],[94.06887,24.73877],[94.06993,24.73367],[94.06872,24.73276],[94.06388,24.73384],[94.07102,24.72817],[94.06992,24.72492],[94.06787,24.72542],[94.06684,24.71992],[94.06499,24.71941],[94.05494,24.72518],[94.05683,24.72031],[94.06496,24.7154],[94.06475,24.71328],[94.06086,24.71348],[94.0579,24.71589],[94.05357,24.7154],[94.05264,24.71388],[94.05416,24.70869],[94.05093,24.69784],[94.04418,24.69844],[94.04414,24.7007],[94.04058,24.70262],[94.04348,24.70438],[94.04153,24.7092],[94.04635,24.71155],[94.04792,24.71404],[94.04672,24.71499],[94.03967,24.71295],[94.03854,24.71492],[94.03952,24.72054],[94.04049,24.72162],[94.04892,24.72113],[94.04745,24.72256],[94.04254,24.72271],[94.04228,24.7248],[94.05078,24.72806],[94.04513,24.73014],[94.04521,24.73324],[94.04952,24.73318],[94.05166,24.73517],[94.05542,24.73438],[94.05538,24.73946],[94.06049,24.73767],[94.06088,24.74032],[94.05818,24.74195],[94.06161,24.7424],[94.0618,24.74478],[94.064,24.74615],[94.0617,24.74983],[94.06347,24.75485],[94.06526,24.7555],[94.0647,24.75776],[94.06673,24.75887],[94.06653,24.76267],[94.06903,24.76718],[94.06435,24.76794],[94.06328,24.77521],[94.06613,24.77946],[94.06708,24.77814],[94.06982,24.77848],[94.06767,24.78436],[94.07111,24.78759],[94.06937,24.79011],[94.0721,24.7905],[94.07681,24.78673],[94.07592,24.7898],[94.07761,24.79137],[94.07329,24.79236],[94.07161,24.79426],[94.07377,24.79545],[94.07314,24.79835],[94.07725,24.79891],[94.07537,24.80137],[94.07614,24.8028],[94.08524,24.80281],[94.07575,24.80695],[94.08163,24.8076],[94.08599,24.8132],[94.09615,24.80874],[94.09839,24.81198],[94.10049,24.81223],[94.09477,24.81539],[94.09782,24.81867],[94.10054,24.81882],[94.09963,24.8223],[94.09482,24.82151],[94.09409,24.81872],[94.09038,24.81812],[94.08234,24.82285],[94.08218,24.82486],[94.0845,24.82719],[94.08148,24.82918],[94.08212,24.83327],[94.07848,24.83675],[94.0782,24.83842],[94.07996,24.83893],[94.07544,24.84285],[94.07515,24.84651],[94.07806,24.84652],[94.08393,24.84161],[94.08962,24.8393],[94.08531,24.84352],[94.08597,24.84471],[94.08849,24.84453],[94.09455,24.83795],[94.09943,24.84219],[94.09506,24.84641],[94.09799,24.8486],[94.09368,24.85072],[94.08915,24.85032],[94.08739,24.85336],[94.08958,24.85503],[94.09905,24.85447],[94.09445,24.85732],[94.0978,24.86035],[94.09396,24.85865],[94.09109,24.85926],[94.09516,24.86654],[94.09604,24.87259],[94.09777,24.8708],[94.09867,24.8647],[94.10132,24.8659],[94.1054,24.86519],[94.09913,24.87],[94.10158,24.87222],[94.10837,24.87172],[94.10384,24.87516],[94.10718,24.87838],[94.10332,24.87706],[94.10477,24.88673],[94.11587,24.87803],[94.11777,24.87226],[94.1191,24.87232],[94.11832,24.8759],[94.11987,24.87672],[94.12686,24.87138],[94.127,24.8744],[94.11812,24.87887],[94.11775,24.88452],[94.11657,24.88455],[94.11612,24.87982],[94.11413,24.88399],[94.10882,24.88496],[94.10562,24.88816],[94.1099,24.88921],[94.1109,24.89542],[94.11241,24.89637],[94.11751,24.8944],[94.12521,24.88799],[94.11911,24.89483],[94.11876,24.89772],[94.12331,24.89727],[94.12351,24.89994],[94.12632,24.90224],[94.12832,24.90073],[94.13352,24.90256],[94.13581,24.90528],[94.12956,24.90282],[94.1272,24.90401],[94.13659,24.91389],[94.13612,24.91487],[94.12972,24.91112],[94.12493,24.90317],[94.12401,24.90506],[94.12604,24.91019],[94.12506,24.91188],[94.12177,24.90531],[94.1198,24.90484],[94.1192,24.90606],[94.12192,24.91288],[94.12213,24.92148],[94.12012,24.9247],[94.1233,24.92838],[94.11979,24.93153],[94.12311,24.94052],[94.12594,24.94164],[94.12247,24.94287],[94.12943,24.9487],[94.12695,24.94945],[94.12688,24.95076],[94.13474,24.96069],[94.13086,24.95961],[94.13095,24.95754],[94.12649,24.95254],[94.12242,24.95544],[94.12394,24.95278],[94.11992,24.94441],[94.12116,24.94098],[94.11596,24.93366],[94.1161,24.92608],[94.11319,24.92479],[94.11399,24.91773],[94.1105,24.91821],[94.10479,24.92422],[94.10349,24.92407],[94.10617,24.91842],[94.11174,24.91364],[94.10991,24.90788],[94.10439,24.90485],[94.101,24.90743],[94.10226,24.91085],[94.10004,24.91551],[94.09733,24.90945],[94.09319,24.91496],[94.09344,24.91002],[94.09628,24.90753],[94.09712,24.90234],[94.09475,24.89925],[94.09519,24.89611],[94.0911,24.8958],[94.091,24.89017],[94.08406,24.89368],[94.07626,24.89261],[94.0767,24.89032],[94.08161,24.88865],[94.08267,24.88655],[94.07828,24.88245],[94.07689,24.8782],[94.07279,24.87603],[94.06769,24.87577],[94.06417,24.87243],[94.06035,24.87259],[94.05757,24.86979],[94.05423,24.86994],[94.04826,24.87683],[94.04793,24.88217],[94.04354,24.88615],[94.04388,24.88797],[94.04729,24.88743],[94.0527,24.88997],[94.04903,24.89249],[94.0506,24.89522],[94.04644,24.89794],[94.05381,24.89897],[94.05417,24.90043],[94.04834,24.90345],[94.04791,24.90577],[94.05042,24.90869],[94.05499,24.90895],[94.05792,24.90717],[94.06195,24.90836],[94.06306,24.90662],[94.06987,24.90476],[94.07025,24.90776],[94.06626,24.91022],[94.06619,24.9122],[94.07535,24.91414],[94.07701,24.91576],[94.06469,24.91847],[94.06946,24.9229],[94.0696,24.92603],[94.06519,24.92067],[94.05966,24.92003],[94.0591,24.91576],[94.05428,24.91763],[94.05118,24.91667],[94.05328,24.92873],[94.05173,24.92932],[94.04743,24.92651],[94.04582,24.93254],[94.05031,24.93471],[94.05843,24.93326],[94.05731,24.9403],[94.06404,24.94285],[94.06777,24.94802],[94.0715,24.94799],[94.07488,24.94579],[94.07737,24.94769],[94.08164,24.94706],[94.07846,24.9497],[94.0715,24.95107],[94.07197,24.95231],[94.08747,24.95856],[94.09236,24.9591],[94.09781,24.96222],[94.0926,24.9611],[94.08926,24.9629],[94.08504,24.95946],[94.07983,24.96031],[94.07441,24.9576],[94.07522,24.96225],[94.07253,24.96295],[94.07127,24.95716],[94.067,24.95731],[94.06227,24.95087],[94.05892,24.95135],[94.05675,24.95457],[94.04961,24.95579],[94.04828,24.95422],[94.04904,24.95084],[94.04465,24.95011],[94.0369,24.94159],[94.0343,24.94256],[94.03351,24.94525],[94.03663,24.95452],[94.02545,24.94984],[94.02614,24.95312],[94.03099,24.95712],[94.02998,24.95879],[94.0211,24.95361],[94.02223,24.9603],[94.02581,24.96639],[94.02903,24.96821],[94.03329,24.96648],[94.03556,24.96839],[94.03459,24.96951],[94.03572,24.9716],[94.02531,24.97471],[94.03052,24.97592],[94.03016,24.97986],[94.03137,24.98077],[94.03674,24.98001],[94.03865,24.97716],[94.04328,24.97775],[94.043,24.98127],[94.04534,24.98234],[94.04593,24.98499],[94.04826,24.98552],[94.04397,24.98674],[94.03907,24.98382],[94.03536,24.98351],[94.03889,24.98864],[94.03427,24.98857],[94.03159,24.99143],[94.02647,24.98691],[94.02232,24.98591],[94.02399,24.99364],[94.02267,24.99651],[94.02977,24.99644],[94.03212,24.99974],[94.03395,25.00001],[94.03789,24.99766],[94.05054,24.99583],[94.05117,24.99815],[94.05448,24.99856],[94.05568,25.00329],[94.05486,25.00428],[94.05161,25.00291],[94.05047,25.00504],[94.04723,25.00065],[94.042,25.00064],[94.04166,25.00428],[94.04484,25.00813],[94.0445,25.01504],[94.04233,25.00993],[94.03965,25.00768],[94.03905,25.00385],[94.02775,25.00065],[94.02477,25.0062],[94.02015,25.00906],[94.0273,25.01377],[94.01804,25.01309],[94.01502,25.01923],[94.01835,25.02527],[94.01546,25.02857],[94.01874,25.03624],[94.02192,25.03819],[94.02412,25.04498],[94.02922,25.0385],[94.02604,25.03024],[94.02421,25.02831],[94.02035,25.02764],[94.02226,25.02515],[94.02131,25.02218],[94.02274,25.02171],[94.02777,25.02827],[94.0311,25.03905],[94.03441,25.04026],[94.03701,25.03641],[94.04104,25.03503],[94.03617,25.03872],[94.03611,25.04206],[94.03926,25.04495],[94.04586,25.04309],[94.04566,25.04594],[94.0505,25.04857],[94.05133,25.05277],[94.05319,25.05212],[94.05468,25.04903],[94.06051,25.04654],[94.06729,25.05009],[94.06989,25.04979],[94.07328,25.04722],[94.07268,25.04353],[94.0779,25.04632],[94.08278,25.04435],[94.08726,25.04559],[94.09021,25.04978],[94.09001,25.05243],[94.0857,25.0482],[94.07503,25.0513],[94.08229,25.05615],[94.09046,25.07384],[94.07975,25.06474],[94.07392,25.06833],[94.07895,25.0608],[94.07499,25.05751],[94.07,25.0589],[94.06599,25.0634],[94.06644,25.05665],[94.06347,25.05713],[94.05979,25.05358],[94.04928,25.06051],[94.05055,25.06535],[94.05337,25.06871],[94.05089,25.07173],[94.04816,25.06633],[94.04356,25.06883],[94.0429,25.06567],[94.04551,25.06404],[94.0459,25.06115],[94.04129,25.05945],[94.04105,25.05718],[94.03496,25.05675],[94.02819,25.05368],[94.02795,25.05098],[94.0195,25.04802],[94.01736,25.04868],[94.01508,25.05279],[94.01626,25.05772],[94.01294,25.06213],[94.01359,25.0653],[94.01052,25.06468],[94.00484,25.06639],[94.00387,25.06423],[94.0107,25.05566],[94.01048,25.0522],[94.00798,25.04904],[94.01238,25.04704],[94.01119,25.04012],[94.00999,25.03809],[94.00702,25.03747],[94.00757,25.03339],[94.0032,25.03019],[94.00274,25.02804],[93.99989,25.02811],[93.99907,25.02578],[93.99599,25.02496],[93.9925,25.02781],[93.98898,25.01972],[93.98756,25.02012],[93.98369,25.01609],[93.97863,25.01471],[93.97174,25.01844],[93.96848,25.02257],[93.96707,25.01577],[93.9611,25.01417],[93.95528,25.01524],[93.94572,25.02068],[93.94225,25.01984],[93.95735,25.01154],[93.95505,25.00692],[93.94544,24.99924],[93.94496,24.99446],[93.94072,24.99237],[93.94555,24.98484],[93.94543,24.99284],[93.96165,25.01158],[93.97286,25.0142],[93.97946,25.01089],[93.98139,25.00628],[93.98407,25.01155],[93.98941,25.01423],[93.99387,25.02024],[94.00126,25.02174],[94.00598,25.02452],[94.00439,25.01778],[94.00735,25.0137],[94.00682,25.01148],[94.01039,25.00918],[94.00724,25.00874],[94.01374,25.00446],[94.01295,24.99979],[94.01065,24.99798],[94.01108,24.99252],[94.002,24.99078],[93.99659,24.99372],[93.99683,24.98988],[93.99195,24.98578],[93.9939,24.9834],[93.98802,24.98207],[93.98322,24.97773],[93.97805,24.97747],[93.97969,24.9752],[93.98272,24.97518],[93.99344,24.97957],[93.99499,24.98239],[93.99872,24.98442],[94.01009,24.98674],[94.01347,24.98621],[94.01607,24.98211],[94.0162,24.97866],[94.01127,24.97259],[94.01236,24.96588],[94.00711,24.96458],[94.00967,24.96025],[94.00569,24.9596],[94.00703,24.95532],[94.00386,24.954],[94.00408,24.95195],[94.00091,24.94892],[94.00542,24.94753],[93.99959,24.94218],[93.99927,24.93629],[94.00371,24.93099],[94.00583,24.93065],[94.00855,24.93444],[94.01334,24.93746],[94.0138,24.94018],[94.01739,24.94124],[94.01957,24.93846],[94.01712,24.9328],[94.02017,24.93124],[94.01432,24.92854],[94.0134,24.92636],[94.01544,24.92484],[94.02048,24.92567],[94.02174,24.92462],[94.02101,24.92265],[94.0236,24.92124],[94.02712,24.92269],[94.03113,24.9223],[94.02644,24.91691],[94.02007,24.91637],[94.02637,24.91292],[94.02675,24.91095],[94.01639,24.9103],[94.02555,24.9047],[94.02421,24.90342],[94.0196,24.90388],[94.01837,24.90238],[94.02195,24.9017],[94.02428,24.89824],[94.02356,24.89653],[94.01934,24.89539],[94.0203,24.89252],[94.0226,24.89021],[94.02747,24.88989],[94.02719,24.88899],[94.01966,24.88775],[94.01479,24.88466],[94.01242,24.88795],[94.01327,24.89092],[94.00604,24.89208],[94.00599,24.90142],[94.0045,24.90222],[94.00014,24.89876],[94.00027,24.89575],[93.9983,24.89473],[93.9961,24.89571],[93.99394,24.89083],[93.99663,24.88802],[93.99656,24.88425],[94.00229,24.88194],[94.00188,24.87994],[94.00379,24.87709],[94.00193,24.87649],[93.99821,24.87827],[93.99514,24.88286],[93.99235,24.88353],[93.98929,24.88081],[93.98713,24.87562],[93.98326,24.87442],[93.98605,24.8841],[93.98556,24.88708],[93.98777,24.888],[93.98441,24.89079],[93.98971,24.8937],[93.98982,24.89837],[93.98803,24.90107],[93.99545,24.90243],[94.00075,24.90627],[93.99281,24.90757],[93.99227,24.90876],[93.99927,24.90785],[94.00798,24.90934],[94.00638,24.91115],[94.00202,24.91157],[94.00452,24.915],[94.00114,24.91466],[93.99627,24.91696],[93.99523,24.9189],[94.00457,24.9192],[94.00872,24.92193],[94.00104,24.92525],[93.99356,24.92602],[93.99369,24.93212],[93.99595,24.93408],[93.99574,24.93728],[93.99375,24.93926],[93.98827,24.93952],[93.9824,24.9448],[93.98086,24.94391],[93.98104,24.94086],[93.97231,24.94387],[93.97086,24.95481],[93.96885,24.95462],[93.96826,24.95143],[93.96447,24.94826],[93.96061,24.94938],[93.95533,24.95346],[93.95956,24.94636],[93.95506,24.94402],[93.96135,24.9429],[93.96602,24.94416],[93.96723,24.94315],[93.96505,24.94158],[93.96622,24.9395],[93.98194,24.93563],[93.98118,24.93442],[93.97763,24.9344],[93.97718,24.93178],[93.98663,24.93086],[93.98369,24.92826],[93.97907,24.92725],[93.98315,24.92516],[93.98471,24.92257],[93.98222,24.92104],[93.97817,24.92167],[93.98098,24.91954],[93.9784,24.91669],[93.98248,24.91324],[93.98021,24.91078],[93.98051,24.90881],[93.97394,24.90385],[93.97298,24.90755],[93.96955,24.9111],[93.97102,24.91306],[93.9717,24.9206],[93.96689,24.92368],[93.96875,24.92611],[93.96866,24.92978],[93.96174,24.93104],[93.96014,24.92747],[93.95867,24.92744],[93.95546,24.92875],[93.95273,24.93239],[93.95107,24.93187],[93.94865,24.92854],[93.94981,24.9266],[93.94834,24.92471],[93.95883,24.92026],[93.95988,24.91382],[93.95007,24.91454],[93.94206,24.91254],[93.9405,24.90878],[93.94185,24.90555],[93.95455,24.90765],[93.95698,24.90659],[93.9514,24.90289],[93.95,24.89985],[93.94204,24.89943],[93.94116,24.89739],[93.94713,24.89512],[93.94922,24.89558],[93.94916,24.89249],[93.95493,24.89023],[93.95069,24.88648],[93.9519,24.88511],[93.95924,24.88683],[93.96538,24.89192],[93.96851,24.8914],[93.96423,24.88668],[93.96579,24.88317],[93.95591,24.88189],[93.95368,24.87693],[93.94278,24.86877],[93.93857,24.86353],[93.93572,24.86427],[93.93624,24.86637],[93.94022,24.86902],[93.93825,24.87149],[93.94524,24.87569],[93.94457,24.87703],[93.93956,24.87818],[93.93999,24.88275],[93.94456,24.89006],[93.94034,24.89156],[93.93519,24.89033],[93.93205,24.88782],[93.92712,24.89241],[93.93047,24.89844],[93.92959,24.90003],[93.92254,24.89948],[93.91438,24.89574],[93.90852,24.89478],[93.90928,24.89764],[93.91667,24.90355],[93.92033,24.91126],[93.91629,24.91331],[93.91661,24.91686],[93.91525,24.91833],[93.91136,24.91841],[93.90777,24.91648],[93.90874,24.91439],[93.91177,24.91354],[93.90923,24.90961],[93.91193,24.90569],[93.90607,24.90387],[93.90092,24.89592],[93.8939,24.89658],[93.89396,24.8925],[93.89556,24.89022],[93.90366,24.8888],[93.90179,24.88508],[93.90143,24.87701],[93.90261,24.87528],[93.91024,24.87818],[93.91336,24.87786],[93.91493,24.87588],[93.90991,24.86444],[93.89614,24.85377],[93.89427,24.84918],[93.89793,24.849],[93.89897,24.84409],[93.90058,24.84381],[93.91374,24.85141],[93.9178,24.85095],[93.91824,24.84959],[93.91383,24.84615],[93.9141,24.84319],[93.92334,24.84083],[93.92634,24.83539],[93.93145,24.83528],[93.93187,24.8315],[93.93639,24.82642],[93.93453,24.82074],[93.93709,24.81532],[93.93494,24.79212],[93.93608,24.78476],[93.93455,24.77532],[93.93065,24.76752],[93.93393,24.75325],[93.93211,24.75166],[93.92889,24.75348],[93.92645,24.75135],[93.92758,24.74911],[93.92572,24.74743],[93.92676,24.74421],[93.92523,24.74305],[93.92637,24.74074],[93.92489,24.73798],[93.92654,24.73595],[93.92511,24.73303],[93.92716,24.73124],[93.92508,24.72932],[93.92765,24.7278],[93.92628,24.725],[93.92877,24.72271],[93.92782,24.71932],[93.93016,24.7186],[93.92922,24.71464],[93.93161,24.71457],[93.93038,24.71168],[93.93429,24.70783],[93.93821,24.71317],[93.9411,24.70415],[93.9466,24.70285],[93.95096,24.69624],[93.95641,24.69631],[93.96158,24.70271],[93.96725,24.70234],[93.96484,24.70831],[93.96817,24.71229],[93.96575,24.71472],[93.96687,24.7172],[93.96992,24.71918],[93.97593,24.71827],[93.97797,24.71609],[93.97835,24.70653],[93.98452,24.7098],[93.98604,24.70804],[93.98075,24.70164],[93.97752,24.70038],[93.97817,24.69811],[93.98093,24.69766],[93.98059,24.69399],[93.97533,24.69007],[93.96995,24.69101],[93.96922,24.68849],[93.96409,24.68674],[93.96347,24.68462],[93.96569,24.68454],[93.96807,24.68682],[93.97395,24.68545],[93.97944,24.68718],[93.98197,24.69151],[93.98956,24.69558],[93.99174,24.69519],[93.99214,24.69371],[93.98698,24.68702],[93.98683,24.68232],[93.99168,24.6845],[93.99643,24.68441],[93.99792,24.68897],[93.9994,24.68974],[94.00211,24.68815],[94.00523,24.69145],[94.00846,24.69134],[94.01319,24.68761],[94.01697,24.69038],[94.01711,24.68618],[94.01518,24.68311],[94.00027,24.68025],[94.00606,24.67819],[94.00896,24.67431],[94.01302,24.67835],[94.01401,24.67768],[94.01067,24.666],[94.013,24.6621],[94.01376,24.66914],[94.01896,24.66739],[94.02049,24.67505],[94.02287,24.67441],[94.02706,24.66996],[94.02734,24.67527],[94.03004,24.67603],[94.02956,24.67207],[94.03192,24.67162],[94.03463,24.67874],[94.03978,24.68033],[94.04789,24.68642],[94.05196,24.68631],[94.06052,24.68913],[94.06501,24.69316],[94.06791,24.6927],[94.06957,24.68996],[94.077,24.69345],[94.07823,24.69629],[94.08284,24.6991],[94.08497,24.69884],[94.08619,24.69436],[94.08782,24.69437],[94.09431,24.70066],[94.09952,24.71154],[94.1037,24.71664],[94.10973,24.71822],[94.11149,24.71594],[94.11418,24.71625],[94.1134,24.72243],[94.11599,24.72565],[94.11389,24.72901],[94.11846,24.73247],[94.11804,24.7358],[94.12334,24.74051],[94.12322,24.74533]],[[94.0096,24.85154],[94.01504,24.85342],[94.01687,24.85563],[94.01342,24.86075],[94.01736,24.86044],[94.0195,24.85531],[94.01826,24.84787],[94.02191,24.84131],[94.01922,24.8389],[94.01877,24.83609],[94.01427,24.84035],[94.00844,24.83918],[94.00876,24.83544],[94.01115,24.83349],[94.00891,24.83173],[94.01159,24.8304],[94.00878,24.82897],[94.00983,24.82617],[94.00826,24.82287],[94.0101,24.82286],[94.01293,24.82563],[94.01553,24.82308],[94.01018,24.81865],[94.01254,24.8171],[94.01323,24.81457],[94.01058,24.81146],[94.01506,24.80976],[94.01275,24.8086],[94.01259,24.8062],[94.01027,24.80389],[94.0183,24.80491],[94.02048,24.80398],[94.02249,24.79509],[94.02589,24.80444],[94.02584,24.81287],[94.02292,24.8176],[94.02501,24.82227],[94.02809,24.82225],[94.03021,24.82061],[94.02903,24.81521],[94.03041,24.81315],[94.03462,24.81252],[94.03924,24.81429],[94.03651,24.8083],[94.03735,24.80692],[94.0396,24.80739],[94.04233,24.81202],[94.04486,24.81208],[94.04512,24.80829],[94.04258,24.8051],[94.04582,24.80398],[94.04754,24.79845],[94.04945,24.79857],[94.05085,24.81161],[94.04383,24.82478],[94.04783,24.82695],[94.04893,24.83064],[94.04454,24.83203],[94.04386,24.83445],[94.04977,24.83666],[94.04962,24.83897],[94.05317,24.84223],[94.04948,24.84663],[94.05183,24.84941],[94.04948,24.85331],[94.05103,24.85629],[94.05321,24.85581],[94.05502,24.85264],[94.05769,24.85341],[94.05944,24.85631],[94.06921,24.85512],[94.06018,24.84664],[94.06248,24.84613],[94.06058,24.84254],[94.06752,24.84069],[94.06805,24.83814],[94.06661,24.83656],[94.05791,24.83602],[94.05605,24.83408],[94.05875,24.83223],[94.06215,24.83422],[94.06422,24.83367],[94.06659,24.82999],[94.06304,24.82906],[94.06203,24.82448],[94.06801,24.82491],[94.07016,24.82312],[94.0678,24.81982],[94.06259,24.81734],[94.06855,24.81727],[94.06923,24.81623],[94.06822,24.81183],[94.06552,24.81199],[94.06644,24.80941],[94.0622,24.80965],[94.06137,24.80776],[94.06259,24.80621],[94.06156,24.80347],[94.06447,24.80267],[94.06302,24.79906],[94.06471,24.79624],[94.06162,24.79129],[94.06453,24.78653],[94.06326,24.78631],[94.06105,24.78948],[94.05692,24.79032],[94.06191,24.78341],[94.05944,24.78234],[94.0594,24.78006],[94.05403,24.78201],[94.06116,24.7734],[94.06243,24.76801],[94.06164,24.76363],[94.05811,24.76265],[94.0537,24.7708],[94.05368,24.76562],[94.05583,24.76133],[94.05458,24.75884],[94.04779,24.75602],[94.04688,24.76248],[94.04439,24.7636],[94.04364,24.76137],[94.04096,24.75993],[94.04244,24.7575],[94.03771,24.75678],[94.03438,24.75832],[94.03548,24.75084],[94.03293,24.74833],[94.02827,24.74918],[94.02823,24.75448],[94.02599,24.75364],[94.02425,24.74995],[94.02678,24.74393],[94.02562,24.73908],[94.01619,24.7399],[94.01256,24.74164],[94.01663,24.73518],[94.02338,24.73391],[94.02479,24.72748],[94.02414,24.72625],[94.02022,24.72706],[94.01733,24.72273],[94.01432,24.72253],[94.01572,24.7196],[94.0142,24.71701],[94.01682,24.7138],[94.0158,24.70921],[94.01152,24.71101],[94.00895,24.70823],[94.00488,24.71525],[94.00767,24.71822],[94.00705,24.72093],[94.00945,24.7243],[94.00755,24.72594],[94.00809,24.72864],[94.00105,24.72959],[94.00045,24.72765],[93.99719,24.72638],[93.99167,24.73142],[93.9939,24.73469],[93.99776,24.7345],[93.99812,24.73632],[93.99464,24.73985],[94.00069,24.74507],[94.00159,24.74903],[93.99209,24.74925],[93.99019,24.74745],[93.98589,24.74675],[93.98146,24.7402],[93.97851,24.73911],[93.97675,24.74008],[93.9757,24.74571],[93.97606,24.74882],[93.97979,24.75072],[93.9782,24.7588],[93.97913,24.7636],[93.98208,24.76599],[93.98804,24.76557],[93.98969,24.76945],[93.98501,24.77088],[93.9816,24.77394],[93.98323,24.78098],[93.98033,24.79081],[93.98747,24.78363],[93.99303,24.78511],[93.99335,24.78889],[93.99569,24.788],[93.99673,24.79097],[93.99914,24.79237],[93.99768,24.79667],[93.99309,24.7964],[93.9891,24.79885],[93.9957,24.80184],[93.99528,24.80373],[93.9896,24.80564],[93.99842,24.81222],[93.99897,24.81939],[93.99735,24.82],[93.99056,24.81606],[93.98788,24.81611],[93.98789,24.81739],[93.99387,24.82207],[93.99927,24.82902],[93.99615,24.83644],[94.00075,24.84091],[94.00048,24.84861],[94.00663,24.84925],[94.0096,24.85154]]]}},{"type":"Feature","properties":{"shapeName":"Kangpokpi","shapeISO":"","shapeID":"76128533B56326354019534","shapeGroup":"IND","shapeType":"ADM2","layer":"district"},"geometry":{"type":"MultiPolygon","coordinates":[[[[94.0096,24.85154],[94.00663,24.84925],[94.00048,24.84861],[94.00075,24.84091],[93.99615,24.83644],[93.99927,24.82902],[93.99387,24.82207],[93.98789,24.81739],[93.98788,24.81611],[93.99056,24.81606],[93.99735,24.82],[93.99897,24.81939],[93.99842,24.81222],[93.9896,24.80564],[93.99528,24.80373],[93.9957,24.80184],[93.9891,24.79885],[93.99309,24.7964],[93.99768,24.79667],[93.99914,24.79237],[93.99673,24.79097],[93.99569,24.788],[93.99335,24.78889],[93.99303,24.78511],[93.98747,24.78363],[93.98033,24.79081],[93.98323,24.78098],[93.9816,24.77394],[93.98501,24.77088],[93.98969,24.76945],[93.98804,24.76557],[93.98208,24.76599],[93.97913,24.7636],[93.9782,24.7588],[93.97979,24.75072],[93.97606,24.74882],[93.9757,24.74571],[93.97675,24.74008],[93.97851,24.73911],[93.98146,24.7402],[93.98589,24.74675],[93.99019,24.74745],[93.99209,24.74925],[94.00159,24.74903],[94.00069,24.74507],[93.99464,24.73985],[93.99812,24.73632],[93.99776,24.7345],[93.9939,24.73469],[93.99167,24.73142],[93.99719,24.72638],[94.00045,24.72765],[94.00105,24.72959],[94.00809,24.72864],[94.00755,24.72594],[94.00945,24.7243],[94.00705,24.72093],[94.00767,24.71822],[94.00488,24.71525],[94.00895,24.70823],[94.01152,24.71101],[94.0158,24.70921],[94.01682,24.7138],[94.0142,24.71701],[94.01572,24.7196],[94.01432,24.72253],[94.01733,24.72273],[94.02022,24.72706],[94.02414,24.72625],[94.02479,24.72748],[94.02338,24.73391],[94.01663,24.73518],[94.01256,24.74164],[94.01619,24.7399],[94.02562,24.73908],[94.02678,24.74393],[94.02425,24.74995],[94.02599,24.75364],[94.02823,24.75448],[94.02827,24.74918],[94.03293,24.74833],[94.03548,24.75084],[94.03438,24.75832],[94.03771,24.75678],[94.04244,24.7575],[94.04096,24.75993],[94.04364,24.76137],[94.04439,24.7636],[94.04688,24.76248],[94.04779,24.75602],[94.05458,24.75884],[94.05583,24.76133],[94.05368,24.76562],[94.0537,24.7708],[94.05811,24.76265],[94.06164,24.76363],[94.06243,24.76801],[94.06116,24.7734],[94.05403,24.78201],[94.0594,24.78006],[94.05944,24.78234],[94.06191,24.78341],[94.05692,24.79032],[94.06105,24.78948],[94.06326,24.78631],[94.06453,24.78653],[94.06162,24.79129],[94.06471,24.79624],[94.06302,24.79906],[94.06447,24.80267],[94.06156,24.80347],[94.06259,24.80621],[94.06137,24.80776],[94.0622,24.80965],[94.06644,24.80941],[94.06552,24.81199],[94.06822,24.81183],[94.06923,24.81623],[94.06855,24.81727],[94.06259,24.81734],[94.0678,24.81982],[94.07016,24.82312],[94.06801,24.82491],[94.06203,24.82448],[94.06304,24.82906],[94.06659,24.82999],[94.06422,24.83367],[94.06215,24.83422],[94.05875,24.83223],[94.05605,24.83408],[94.05791,24.83602],[94.06661,24.83656],[94.06805,24.83814],[94.06752,24.84069],[94.06058,24.84254],[94.06248,24.84613],[94.06018,24.84664],[94.06921,24.85512],[94.05944,24.85631],[94.05769,24.85341],[94.05502,24.85264],[94.05321,24.85581],[94.05103,24.85629],[94.04948,24.85331],[94.05183,24.84941],[94.04948,24.84663],[94.05317,24.84223],[94.04962,24.83897],[94.04977,24.83666],[94.04386,24.83445],[94.04454,24.83203],[94.04893,24.83064],[94.04783,24.82695],[94.04383,24.82478],[94.05085,24.81161],[94.04945,24.79857],[94.04754,24.79845],[94.04582,24.80398],[94.04258,24.8051],[94.04512,24.80829],[94.04486,24.81208],[94.04233,24.81202],[94.0396,24.80739],[94.03735,24.80692],[94.03651,24.8083],[94.03924,24.81429],[94.03462,24.81252],[94.03041,24.81315],[94.02903,24.81521],[94.03021,24.82061],[94.02809,24.82225],[94.02501,24.82227],[94.02292,24.8176],[94.02584,24.81287],[94.02589,24.80444],[94.02249,24.79509],[94.02048,24.80398],[94.0183,24.80491],[94.01027,24.80389],[94.01259,24.8062],[94.01275,24.8086],[94.01506,24.80976],[94.01058,24.81146],[94.01323,24.81457],[94.01254,24.8171],[94.01018,24.81865],[94.01553,24.82308],[94.01293,24.82563],[94.0101,24.82286],[94.00826,24.82287],[94.00983,24.82617],[94.00878,24.82897],[94.01159,24.8304],[94.00891,24.83173],[94.01115,24.83349],[94.00876,24.83544],[94.00844,24.83918],[94.01427,24.84035],[94.01877,24.83609],[94.01922,24.8389],[94.02191,24.84131],[94.01826,24.84787],[94.0195,24.85531],[94.01736,24.86044],[94.01342,24.86075],[94.01687,24.85563],[94.01504,24.85342],[94.0096,24.85154]]],[[[93.68025857000003,24.794534057000078],[93.67086,24.77872],[93.66982,24.76208],[93.6777,24.74249],[93.67831,24.7326],[93.68254,24.71744],[93.69894,24.68137],[93.70447,24.66092],[93.70617,24.6309],[93.70807,24.62615],[93.71185,24.626],[93.72138,24.62963],[93.73338,24.62727],[93.73863,24.62737],[93.74227,24.62959],[93.73783,24.63597],[93.73817,24.63841],[93.75286,24.63818],[93.7564,24.63986],[93.75383,24.65776],[93.76721,24.68707],[93.76795,24.69908],[93.76637,24.70624],[93.7553,24.72015],[93.75398,24.7255],[93.75621,24.72799],[93.76163,24.7234],[93.76663,24.72485],[93.77261,24.73166],[93.77719,24.74544],[93.78686,24.75367],[93.78311,24.75787],[93.78334,24.7735],[93.77721,24.78524],[93.77784,24.79384],[93.78406,24.81283],[93.79346,24.81923],[93.79707,24.82437],[93.79651,24.83367],[93.79898,24.84103],[93.79431,24.84672],[93.79432,24.8491],[93.80094,24.86653],[93.81005,24.86886],[93.81406,24.87378],[93.81373,24.88123],[93.82,24.88972],[93.81909,24.89982],[93.82684,24.92293],[93.83936,24.93913],[93.84656,24.94204],[93.85022,24.94516],[93.85571,24.95644],[93.87468,24.98549],[93.88776,24.99865],[93.89125,25.00111],[93.89864,25.00321],[93.90061,25.01092],[93.92592,25.03802],[93.9293,25.0526],[93.93788,25.06328],[93.94422,25.06694],[93.95233,25.06886],[93.96181,25.06115],[93.96381,25.0677],[93.96562,25.06912],[93.97975,25.06346],[93.98536,25.06759],[93.99054,25.06614],[93.99206,25.07096],[93.9942,25.07279],[93.99831,25.0722],[94.00008,25.07046],[94.00045,25.06696],[93.98674,25.05679],[93.98234,25.05035],[93.9824,25.04712],[93.97647,25.04158],[93.97814,25.03854],[93.96889,25.03851],[93.96539,25.03559],[93.95405,25.03067],[93.94711,25.02384],[93.94175,25.02192],[93.93734,25.01777],[93.93074,25.01733],[93.92929,25.01544],[93.93028,25.01326],[93.92793,25.01431],[93.91785,25.01102],[93.91341,25.00761],[93.9061,25.00487],[93.90097,24.99881],[93.89833,24.98462],[93.90493,24.98645],[93.90279,24.98161],[93.90778,24.97889],[93.90194,24.97857],[93.90101,24.97699],[93.90507,24.97552],[93.90311,24.97142],[93.90717,24.96777],[93.89775,24.97262],[93.89583,24.97196],[93.89381,24.97508],[93.89121,24.97443],[93.88589,24.96827],[93.88568,24.96246],[93.89187,24.96334],[93.89274,24.96014],[93.89964,24.96012],[93.90155,24.95693],[93.90042,24.95569],[93.89695,24.95688],[93.89118,24.95472],[93.89564,24.95238],[93.89586,24.9509],[93.89004,24.95086],[93.89153,24.94719],[93.88833,24.94698],[93.88677,24.94401],[93.88393,24.94402],[93.88316,24.94681],[93.8709,24.93647],[93.87523,24.93653],[93.87592,24.93153],[93.87266,24.92793],[93.87374,24.92588],[93.87802,24.92453],[93.88193,24.92717],[93.88309,24.92646],[93.8836,24.92299],[93.88042,24.92037],[93.88095,24.91848],[93.88918,24.91874],[93.89315,24.91512],[93.89544,24.92438],[93.89359,24.92744],[93.89427,24.93287],[93.89866,24.93518],[93.90185,24.94174],[93.90518,24.94374],[93.90534,24.94631],[93.91212,24.95357],[93.9125,24.94929],[93.91805,24.95009],[93.91844,24.94821],[93.91551,24.94572],[93.91459,24.94221],[93.91183,24.9406],[93.91044,24.93405],[93.90742,24.92953],[93.90718,24.92306],[93.90963,24.92023],[93.90777,24.91648],[93.91136,24.91841],[93.91525,24.91833],[93.91661,24.91686],[93.91629,24.91331],[93.92033,24.91126],[93.91667,24.90355],[93.90928,24.89764],[93.90852,24.89478],[93.91438,24.89574],[93.92254,24.89948],[93.92959,24.90003],[93.93047,24.89844],[93.92712,24.89241],[93.93205,24.88782],[93.93519,24.89033],[93.94034,24.89156],[93.94456,24.89006],[93.93999,24.88275],[93.93956,24.87818],[93.94457,24.87703],[93.94524,24.87569],[93.93825,24.87149],[93.94022,24.86902],[93.93624,24.86637],[93.93572,24.86427],[93.93857,24.86353],[93.94278,24.86877],[93.95368,24.87693],[93.95591,24.88189],[93.96579,24.88317],[93.96423,24.88668],[93.96851,24.8914],[93.96538,24.89192],[93.95924,24.88683],[93.9519,24.88511],[93.95069,24.88648],[93.95493,24.89023],[93.94916,24.89249],[93.94922,24.89558],[93.94713,24.89512],[93.94116,24.89739],[93.94204,24.89943],[93.95,24.89985],[93.9514,24.90289],[93.95698,24.90659],[93.95455,24.90765],[93.94185,24.90555],[93.9405,24.90878],[93.94206,24.91254],[93.95007,24.91454],[93.95988,24.91382],[93.95883,24.92026],[93.94834,24.92471],[93.94981,24.9266],[93.94865,24.92854],[93.95107,24.93187],[93.95273,24.93239],[93.95546,24.92875],[93.95867,24.92744],[93.96014,24.92747],[93.96174,24.93104],[93.96866,24.92978],[93.96875,24.92611],[93.96689,24.92368],[93.9717,24.9206],[93.97102,24.91306],[93.96955,24.9111],[93.97298,24.90755],[93.97394,24.90385],[93.98051,24.90881],[93.98021,24.91078],[93.98248,24.91324],[93.9784,24.91669],[93.98098,24.91954],[93.97817,24.92167],[93.98222,24.92104],[93.98471,24.92257],[93.98315,24.92516],[93.97907,24.92725],[93.98369,24.92826],[93.98663,24.93086],[93.97718,24.93178],[93.97763,24.9344],[93.98118,24.93442],[93.98194,24.93563],[93.96622,24.9395],[93.96505,24.94158],[93.96723,24.94315],[93.96602,24.94416],[93.96135,24.9429],[93.95506,24.94402],[93.95956,24.94636],[93.95533,24.95346],[93.96061,24.94938],[93.96447,24.94826],[93.96826,24.95143],[93.96885,24.95462],[93.97086,24.95481],[93.97231,24.94387],[93.98104,24.94086],[93.98086,24.94391],[93.9824,24.9448],[93.98827,24.93952],[93.99375,24.93926],[93.99574,24.93728],[93.99595,24.93408],[93.99369,24.93212],[93.99356,24.92602],[94.00104,24.92525],[94.00872,24.92193],[94.00457,24.9192],[93.99523,24.9189],[93.99627,24.91696],[94.00114,24.91466],[94.00452,24.915],[94.00202,24.91157],[94.00638,24.91115],[94.00798,24.90934],[93.99927,24.90785],[93.99227,24.90876],[93.99281,24.90757],[94.00075,24.90627],[93.99545,24.90243],[93.98803,24.90107],[93.98982,24.89837],[93.98971,24.8937],[93.98441,24.89079],[93.98777,24.888],[93.98556,24.88708],[93.98605,24.8841],[93.98326,24.87442],[93.98713,24.87562],[93.98929,24.88081],[93.99235,24.88353],[93.99514,24.88286],[93.99821,24.87827],[94.00193,24.87649],[94.00379,24.87709],[94.00188,24.87994],[94.00229,24.88194],[93.99656,24.88425],[93.99663,24.88802],[93.99394,24.89083],[93.9961,24.89571],[93.9983,24.89473],[94.00027,24.89575],[94.00014,24.89876],[94.0045,24.90222],[94.00599,24.90142],[94.00604,24.89208],[94.01327,24.89092],[94.01242,24.88795],[94.01479,24.88466],[94.01966,24.88775],[94.02719,24.88899],[94.02747,24.88989],[94.0226,24.89021],[94.0203,24.89252],[94.01934,24.89539],[94.02356,24.89653],[94.02428,24.89824],[94.02195,24.9017],[94.01837,24.90238],[94.0196,24.90388],[94.02421,24.90342],[94.02555,24.9047],[94.01639,24.9103],[94.02675,24.91095],[94.02637,24.91292],[94.02007,24.91637],[94.02644,24.91691],[94.03113,24.9223],[94.02712,24.92269],[94.0236,24.92124],[94.02101,24.92265],[94.02174,24.92462],[94.02048,24.92567],[94.01544,24.92484],[94.0134,24.92636],[94.01432,24.92854],[94.02017,24.93124],[94.01712,24.9328],[94.01957,24.93846],[94.01739,24.94124],[94.0138,24.94018],[94.01334,24.93746],[94.00855,24.93444],[94.00583,24.93065],[94.00371,24.93099],[93.99927,24.93629],[93.99959,24.94218],[94.00542,24.94753],[94.00091,24.94892],[94.00408,24.95195],[94.00386,24.954],[94.00703,24.95532],[94.00569,24.9596],[94.00967,24.96025],[94.00711,24.96458],[94.01236,24.96588],[94.01127,24.97259],[94.0162,24.97866],[94.01607,24.98211],[94.01347,24.98621],[94.01009,24.98674],[93.99872,24.98442],[93.99499,24.98239],[93.99344,24.97957],[93.98272,24.97518],[93.97969,24.9752],[93.97805,24.97747],[93.98322,24.97773],[93.98802,24.98207],[93.9939,24.9834],[93.99195,24.98578],[93.99683,24.98988],[93.99659,24.99372],[94.002,24.99078],[94.01108,24.99252],[94.01065,24.99798],[94.01295,24.99979],[94.01374,25.00446],[94.00724,25.00874],[94.01039,25.00918],[94.00682,25.01148],[94.00735,25.0137],[94.00439,25.01778],[94.00598,25.02452],[94.00126,25.02174],[93.99387,25.02024],[93.98941,25.01423],[93.98407,25.01155],[93.98139,25.00628],[93.97946,25.01089],[93.97286,25.0142],[93.96165,25.01158],[93.94543,24.99284],[93.94555,24.98484],[93.94072,24.99237],[93.94496,24.99446],[93.94544,24.99924],[93.95505,25.00692],[93.95735,25.01154],[93.94225,25.01984],[93.94572,25.02068],[93.95528,25.01524],[93.9611,25.01417],[93.96707,25.01577],[93.96848,25.02257],[93.97174,25.01844],[93.97863,25.01471],[93.98369,25.01609],[93.98756,25.02012],[93.98898,25.01972],[93.9925,25.02781],[93.99599,25.02496],[93.99907,25.02578],[93.99989,25.02811],[94.00274,25.02804],[94.0032,25.03019],[94.00757,25.03339],[94.00702,25.03747],[94.00999,25.03809],[94.01119,25.04012],[94.01238,25.04704],[94.00798,25.04904],[94.01048,25.0522],[94.0107,25.05566],[94.00387,25.06423],[94.00484,25.06639],[94.01052,25.06468],[94.01359,25.0653],[94.01294,25.06213],[94.01626,25.05772],[94.01508,25.05279],[94.01736,25.04868],[94.0195,25.04802],[94.02795,25.05098],[94.02819,25.05368],[94.03496,25.05675],[94.04105,25.05718],[94.04129,25.05945],[94.0459,25.06115],[94.04551,25.06404],[94.0429,25.06567],[94.04356,25.06883],[94.04816,25.06633],[94.05089,25.07173],[94.05337,25.06871],[94.05055,25.06535],[94.04928,25.06051],[94.05979,25.05358],[94.06347,25.05713],[94.06644,25.05665],[94.06599,25.0634],[94.07,25.0589],[94.07499,25.05751],[94.07895,25.0608],[94.07392,25.06833],[94.07975,25.06474],[94.09046,25.07384],[94.08229,25.05615],[94.07503,25.0513],[94.0857,25.0482],[94.09001,25.05243],[94.09021,25.04978],[94.08726,25.04559],[94.08278,25.04435],[94.0779,25.04632],[94.07268,25.04353],[94.07328,25.04722],[94.06989,25.04979],[94.06729,25.05009],[94.06051,25.04654],[94.05468,25.04903],[94.05319,25.05212],[94.05133,25.05277],[94.0505,25.04857],[94.04566,25.04594],[94.04586,25.04309],[94.03926,25.04495],[94.03611,25.04206],[94.03617,25.03872],[94.04104,25.03503],[94.03701,25.03641],[94.03441,25.04026],[94.0311,25.03905],[94.02777,25.02827],[94.02274,25.02171],[94.02131,25.02218],[94.02226,25.02515],[94.02035,25.02764],[94.02421,25.02831],[94.02604,25.03024],[94.02922,25.0385],[94.02412,25.04498],[94.02192,25.03819],[94.01874,25.03624],[94.01546,25.02857],[94.01835,25.02527],[94.01502,25.01923],[94.01804,25.01309],[94.0273,25.01377],[94.02015,25.00906],[94.02477,25.0062],[94.02775,25.00065],[94.03905,25.00385],[94.03965,25.00768],[94.04233,25.00993],[94.0445,25.01504],[94.04484,25.00813],[94.04166,25.00428],[94.042,25.00064],[94.04723,25.00065],[94.05047,25.00504],[94.05161,25.00291],[94.05486,25.00428],[94.05568,25.00329],[94.05448,24.99856],[94.05117,24.99815],[94.05054,24.99583],[94.03789,24.99766],[94.03395,25.00001],[94.03212,24.99974],[94.02977,24.99644],[94.02267,24.99651],[94.02399,24.99364],[94.02232,24.98591],[94.02647,24.98691],[94.03159,24.99143],[94.03427,24.98857],[94.03889,24.98864],[94.03536,24.98351],[94.03907,24.98382],[94.04397,24.98674],[94.04826,24.98552],[94.04593,24.98499],[94.04534,24.98234],[94.043,24.98127],[94.04328,24.97775],[94.03865,24.97716],[94.03674,24.98001],[94.03137,24.98077],[94.03016,24.97986],[94.03052,24.97592],[94.02531,24.97471],[94.03572,24.9716],[94.03459,24.96951],[94.03556,24.96839],[94.03329,24.96648],[94.02903,24.96821],[94.02581,24.96639],[94.02223,24.9603],[94.0211,24.95361],[94.02998,24.95879],[94.03099,24.95712],[94.02614,24.95312],[94.02545,24.94984],[94.03663,24.95452],[94.03351,24.94525],[94.0343,24.94256],[94.0369,24.94159],[94.04465,24.95011],[94.04904,24.95084],[94.04828,24.95422],[94.04961,24.95579],[94.05675,24.95457],[94.05892,24.95135],[94.06227,24.95087],[94.067,24.95731],[94.07127,24.95716],[94.07253,24.96295],[94.07522,24.96225],[94.07441,24.9576],[94.07983,24.96031],[94.08504,24.95946],[94.08926,24.9629],[94.0926,24.9611],[94.09781,24.96222],[94.09236,24.9591],[94.08747,24.95856],[94.07197,24.95231],[94.0715,24.95107],[94.07846,24.9497],[94.08164,24.94706],[94.07737,24.94769],[94.07488,24.94579],[94.0715,24.94799],[94.06777,24.94802],[94.06404,24.94285],[94.05731,24.9403],[94.05843,24.93326],[94.05031,24.93471],[94.04582,24.93254],[94.04743,24.92651],[94.05173,24.92932],[94.05328,24.92873],[94.05118,24.91667],[94.05428,24.91763],[94.0591,24.91576],[94.05966,24.92003],[94.06519,24.92067],[94.0696,24.92603],[94.06946,24.9229],[94.06469,24.91847],[94.07701,24.91576],[94.07535,24.91414],[94.06619,24.9122],[94.06626,24.91022],[94.07025,24.90776],[94.06987,24.90476],[94.06306,24.90662],[94.06195,24.90836],[94.05792,24.90717],[94.05499,24.90895],[94.05042,24.90869],[94.04791,24.90577],[94.04834,24.90345],[94.05417,24.90043],[94.05381,24.89897],[94.04644,24.89794],[94.0506,24.89522],[94.04903,24.89249],[94.0527,24.88997],[94.04729,24.88743],[94.04388,24.88797],[94.04354,24.88615],[94.04793,24.88217],[94.04826,24.87683],[94.05423,24.86994],[94.05757,24.86979],[94.06035,24.87259],[94.06417,24.87243],[94.06769,24.87577],[94.07279,24.87603],[94.07689,24.8782],[94.07828,24.88245],[94.08267,24.88655],[94.08161,24.88865],[94.0767,24.89032],[94.07626,24.89261],[94.08406,24.89368],[94.091,24.89017],[94.0911,24.8958],[94.09519,24.89611],[94.09475,24.89925],[94.09712,24.90234],[94.09628,24.90753],[94.09344,24.91002],[94.09319,24.91496],[94.09733,24.90945],[94.10004,24.91551],[94.10226,24.91085],[94.101,24.90743],[94.10439,24.90485],[94.10991,24.90788],[94.11174,24.91364],[94.10617,24.91842],[94.10349,24.92407],[94.10479,24.92422],[94.1105,24.91821],[94.11399,24.91773],[94.11319,24.92479],[94.1161,24.92608],[94.11596,24.93366],[94.12116,24.94098],[94.11992,24.94441],[94.12394,24.95278],[94.12242,24.95544],[94.12649,24.95254],[94.13095,24.95754],[94.13086,24.95961],[94.13474,24.96069],[94.12688,24.95076],[94.12695,24.94945],[94.12943,24.9487],[94.12247,24.94287],[94.12594,24.94164],[94.12311,24.94052],[94.11979,24.93153],[94.1233,24.92838],[94.12012,24.9247],[94.12213,24.92148],[94.12192,24.91288],[94.1192,24.90606],[94.1198,24.90484],[94.12177,24.90531],[94.12506,24.91188],[94.12604,24.91019],[94.12401,24.90506],[94.12493,24.90317],[94.12972,24.91112],[94.13612,24.91487],[94.13659,24.91389],[94.1272,24.90401],[94.12956,24.90282],[94.13581,24.90528],[94.13352,24.90256],[94.12832,24.90073],[94.12632,24.90224],[94.12351,24.89994],[94.12331,24.89727],[94.11876,24.89772],[94.11911,24.89483],[94.12521,24.88799],[94.11751,24.8944],[94.11241,24.89637],[94.1109,24.89542],[94.1099,24.88921],[94.10562,24.88816],[94.10882,24.88496],[94.11413,24.88399],[94.11612,24.87982],[94.11657,24.88455],[94.11775,24.88452],[94.11812,24.87887],[94.127,24.8744],[94.12686,24.87138],[94.11987,24.87672],[94.11832,24.8759],[94.1191,24.87232],[94.11777,24.87226],[94.11587,24.87803],[94.10477,24.88673],[94.10332,24.87706],[94.10718,24.87838],[94.10384,24.87516],[94.10837,24.87172],[94.10158,24.87222],[94.09913,24.87],[94.1054,24.86519],[94.10132,24.8659],[94.09867,24.8647],[94.09777,24.8708],[94.09604,24.87259],[94.09516,24.86654],[94.09109,24.85926],[94.09396,24.85865],[94.0978,24.86035],[94.09445,24.85732],[94.09905,24.85447],[94.08958,24.85503],[94.08739,24.85336],[94.08915,24.85032],[94.09368,24.85072],[94.09799,24.8486],[94.09506,24.84641],[94.09943,24.84219],[94.09455,24.83795],[94.08849,24.84453],[94.08597,24.84471],[94.08531,24.84352],[94.08962,24.8393],[94.08393,24.84161],[94.07806,24.84652],[94.07515,24.84651],[94.07544,24.84285],[94.07996,24.83893],[94.0782,24.83842],[94.07848,24.83675],[94.08212,24.83327],[94.08148,24.82918],[94.0845,24.82719],[94.08218,24.82486],[94.08234,24.82285],[94.09038,24.81812],[94.09409,24.81872],[94.09482,24.82151],[94.09963,24.8223],[94.10054,24.81882],[94.09782,24.81867],[94.09477,24.81539],[94.10049,24.81223],[94.09839,24.81198],[94.09615,24.80874],[94.08599,24.8132],[94.08163,24.8076],[94.07575,24.80695],[94.08524,24.80281],[94.07614,24.8028],[94.07537,24.80137],[94.07725,24.79891],[94.07314,24.79835],[94.07377,24.79545],[94.07161,24.79426],[94.07329,24.79236],[94.07761,24.79137],[94.07592,24.7898],[94.07681,24.78673],[94.0721,24.7905],[94.06937,24.79011],[94.07111,24.78759],[94.06767,24.78436],[94.06982,24.77848],[94.06708,24.77814],[94.06613,24.77946],[94.06328,24.77521],[94.06435,24.76794],[94.06903,24.76718],[94.06653,24.76267],[94.06673,24.75887],[94.0647,24.75776],[94.06526,24.7555],[94.06347,24.75485],[94.0617,24.74983],[94.064,24.74615],[94.0618,24.74478],[94.06161,24.7424],[94.05818,24.74195],[94.06088,24.74032],[94.06049,24.73767],[94.05538,24.73946],[94.05542,24.73438],[94.05166,24.73517],[94.04952,24.73318],[94.04521,24.73324],[94.04513,24.73014],[94.05078,24.72806],[94.04228,24.7248],[94.04254,24.72271],[94.04745,24.72256],[94.04892,24.72113],[94.04049,24.72162],[94.03952,24.72054],[94.03854,24.71492],[94.03967,24.71295],[94.04672,24.71499],[94.04792,24.71404],[94.04635,24.71155],[94.04153,24.7092],[94.04348,24.70438],[94.04058,24.70262],[94.04414,24.7007],[94.04418,24.69844],[94.05093,24.69784],[94.05416,24.70869],[94.05264,24.71388],[94.05357,24.7154],[94.0579,24.71589],[94.06086,24.71348],[94.06475,24.71328],[94.06496,24.7154],[94.05683,24.72031],[94.05494,24.72518],[94.06499,24.71941],[94.06684,24.71992],[94.06787,24.72542],[94.06992,24.72492],[94.07102,24.72817],[94.06388,24.73384],[94.06872,24.73276],[94.06993,24.73367],[94.06887,24.73877],[94.07256,24.73957],[94.0727,24.744],[94.07662,24.74726],[94.07421,24.75051],[94.07725,24.75081],[94.07677,24.75507],[94.07875,24.75519],[94.07777,24.75674],[94.0805,24.75851],[94.0806,24.76495],[94.08444,24.76804],[94.08712,24.776],[94.08862,24.77484],[94.08273,24.76335],[94.08188,24.75487],[94.07825,24.74986],[94.08283,24.75249],[94.08317,24.75096],[94.07519,24.74154],[94.0765,24.73932],[94.08077,24.73838],[94.07776,24.73722],[94.07537,24.73811],[94.07652,24.73529],[94.07256,24.73382],[94.07497,24.73049],[94.07451,24.72784],[94.08498,24.72869],[94.08174,24.7261],[94.07495,24.72626],[94.07296,24.72302],[94.0737,24.72128],[94.08358,24.723],[94.07201,24.71849],[94.07614,24.71827],[94.07709,24.71703],[94.08364,24.72078],[94.08838,24.72058],[94.08477,24.71831],[94.0847,24.71684],[94.08872,24.71563],[94.08705,24.71307],[94.08838,24.7115],[94.09206,24.71129],[94.0921,24.70851],[94.08867,24.70743],[94.08958,24.70389],[94.09466,24.70595],[94.09742,24.71222],[94.10158,24.71624],[94.09641,24.71886],[94.09656,24.72184],[94.10319,24.7178],[94.10861,24.71975],[94.10665,24.72166],[94.10168,24.72256],[94.10268,24.72394],[94.11033,24.72175],[94.11145,24.73374],[94.11664,24.73753],[94.1137,24.74426],[94.11539,24.74463],[94.11333,24.74918],[94.11354,24.75695],[94.12018,24.76243],[94.11963,24.76499],[94.12199,24.76628],[94.12054,24.7734],[94.11549,24.78091],[94.11622,24.78658],[94.10993,24.78555],[94.10761,24.78709],[94.10327,24.78412],[94.10285,24.788],[94.11169,24.78809],[94.11383,24.78976],[94.11091,24.79583],[94.10369,24.79695],[94.10649,24.79859],[94.1106,24.798],[94.11299,24.80943],[94.12042,24.8192],[94.11953,24.81383],[94.11423,24.80914],[94.11276,24.79972],[94.11665,24.78986],[94.11773,24.78965],[94.11782,24.79568],[94.11907,24.79616],[94.12048,24.78773],[94.12225,24.78685],[94.12405,24.78826],[94.12535,24.79326],[94.1229,24.80042],[94.116,24.80575],[94.12056,24.80424],[94.12069,24.80681],[94.12348,24.80295],[94.12549,24.80325],[94.12633,24.80833],[94.12974,24.81026],[94.13403,24.82163],[94.13367,24.82774],[94.13661,24.82854],[94.13781,24.83303],[94.14142,24.8352],[94.14078,24.83978],[94.1437,24.84425],[94.14555,24.85172],[94.1472,24.85278],[94.15043,24.84986],[94.14975,24.84439],[94.14652,24.84166],[94.1489,24.83036],[94.14677,24.82578],[94.14277,24.82308],[94.14386,24.82037],[94.13957,24.81726],[94.14683,24.81409],[94.14955,24.81139],[94.1444,24.8104],[94.13911,24.81333],[94.14051,24.80961],[94.13833,24.80646],[94.1366,24.79379],[94.13259,24.784],[94.12844,24.7806],[94.12162,24.77965],[94.12759,24.77752],[94.12853,24.77349],[94.13192,24.77125],[94.12737,24.7713],[94.1267,24.76602],[94.1216,24.75481],[94.11762,24.75156],[94.11807,24.75001],[94.12165,24.74879],[94.12322,24.74533],[94.12809,24.73471],[94.12884,24.72234],[94.13172,24.71842],[94.13934,24.71824],[94.15749,24.72662],[94.15931,24.72464],[94.15824,24.72112],[94.15195,24.7136],[94.13526,24.69789],[94.12384,24.69211],[94.1185,24.68616],[94.11363,24.67368],[94.11602,24.66649],[94.11513,24.66212],[94.11167,24.66177],[94.10587,24.66565],[94.1033,24.66489],[94.10788,24.65375],[94.12167,24.63903],[94.1299,24.63403],[94.13085,24.63172],[94.12965,24.62696],[94.15577,24.62594],[94.16492,24.62807],[94.18965,24.62291],[94.19107,24.6294],[94.17749,24.71037],[94.17562,24.71509],[94.17086,24.72015],[94.16585,24.73714],[94.15333,24.76101],[94.1509,24.79427],[94.15241,24.84737],[94.14899,24.86336],[94.15011,24.86879],[94.15369,24.87272],[94.15643,24.88047],[94.15344,24.89117],[94.15502,24.8953],[94.15208,24.90205],[94.1478,24.90431],[94.14493,24.91041],[94.14733,24.9158],[94.14727,24.92712],[94.15654681300003,24.960563474000026],[94.15128,24.97119],[94.14955,24.98064],[94.14775,24.99872],[94.15024,25.006],[94.14971,25.01405],[94.14664,25.01669],[94.1457,25.02194],[94.1475,25.02749],[94.14689,25.03536],[94.1434,25.03852],[94.13888,25.05121],[94.13571,25.0541],[94.1282,25.05622],[94.12594,25.05885],[94.12511,25.07082],[94.12016,25.0802],[94.11934,25.09838],[94.12242,25.10432],[94.12669,25.10607],[94.13026,25.11113],[94.13107,25.11928],[94.13822,25.12276],[94.14208,25.11993],[94.14602,25.12519],[94.14425,25.12975],[94.14543,25.13181],[94.15105,25.13475],[94.15543,25.1332],[94.16169,25.13771],[94.16012,25.1419],[94.16613,25.14761],[94.17079,25.14936],[94.17434,25.15567],[94.17367,25.15936],[94.17766,25.1647],[94.17909,25.16643],[94.18568,25.16851],[94.18954,25.17169],[94.18995943900006,25.174026269000024],[94.12057250400005,25.16042060700005],[94.09050710200006,25.158893699000032],[94.04282124300005,25.176097441000024],[94.02306979100007,25.179405348000046],[94.00146122900009,25.17849258900003],[94.00808392200008,25.186358280000036],[94.02314125500004,25.211456072000033],[94.02700711700004,25.225522298000044],[94.02784283900007,25.237911385000075],[94.02472553600006,25.24800370300005],[94.01991285800005,25.253530819000048],[94.00098645800006,25.263261673000045],[93.99162656700008,25.26556410200004],[93.98215363600008,25.27326542000003],[93.97910441400006,25.278975675000027],[93.97990518900008,25.293019749000052],[93.98469794900006,25.30639227200004],[93.98983084300005,25.312478208000073],[93.99146121700005,25.323713956000063],[94.00112678600004,25.34149578800003],[93.99802792500003,25.359876360000044],[93.98062044000005,25.376919309000073],[93.96500239000005,25.382902459000036],[93.93764897800008,25.387863252000045],[93.93683052700004,25.38314280000003],[93.93318917800008,25.37752725400003],[93.92006,25.38949],[93.91703,25.37654],[93.90676,25.36507],[93.89478,25.35753],[93.88495,25.33442],[93.88627,25.32642],[93.89035,25.31999],[93.89337,25.31814],[93.9096,25.31471],[93.91646,25.31034],[93.9272,25.30053],[93.92791,25.29293],[93.92218,25.28914],[93.92078,25.28493],[93.91371,25.28376],[93.90868,25.28597],[93.90176,25.28499],[93.89131,25.27774],[93.88448,25.27547],[93.87386,25.26333],[93.86619,25.26129],[93.86101,25.25572],[93.85089,25.25324],[93.84542,25.25035],[93.84238,25.24481],[93.83118,25.24099],[93.8275,25.23776],[93.82614,25.23235],[93.82255,25.22949],[93.81823,25.22903],[93.80882,25.21699],[93.80063,25.2131],[93.79896,25.20656],[93.79616,25.20325],[93.79052,25.20184],[93.78587,25.19875],[93.78337,25.18984],[93.77948,25.18914],[93.77457,25.18383],[93.77196,25.17377],[93.76775,25.17108],[93.7664,25.16788],[93.76614,25.16458],[93.76925,25.1629],[93.77147,25.15769],[93.77045,25.15323],[93.77311,25.14683],[93.77596,25.14576],[93.78067,25.13926],[93.78051,25.13519],[93.78294,25.13184],[93.78837,25.12787],[93.79297,25.1144],[93.79152,25.08228],[93.78882,25.08011],[93.78298,25.06016],[93.78242,25.04801],[93.7785,25.03126],[93.77836,25.0196],[93.77561,25.00808],[93.7746,24.97881],[93.76762,24.96016],[93.75762,24.94642],[93.72496,24.92674],[93.71644,24.91891],[93.71291,24.91366],[93.7162,24.88774],[93.72517,24.8784],[93.73197,24.87455],[93.73552,24.86732],[93.73588,24.85699],[93.73278,24.83649],[93.72855,24.82586],[93.72142,24.81729],[93.70518,24.81257],[93.69526,24.80745],[93.68728,24.80199],[93.68025857000003,24.794534057000078]]]]}},{"type":"Feature","properties":{"shapeName":"Imphal West","shapeISO":"","shapeID":"76128533B99807650893733","shapeGroup":"IND","shapeType":"ADM2","layer":"district"},"geometry":{"type":"Polygon","coordinates":[[[93.85997,24.45155],[93.86419,24.45838],[93.86722,24.45971],[93.86805,24.46003],[93.87146,24.4601],[93.87647,24.46263],[93.88078,24.47031],[93.88381,24.47256],[93.88278,24.47871],[93.88318,24.48162],[93.88595,24.48747],[93.88359,24.49171],[93.88429,24.4978],[93.88271,24.50224],[93.87671,24.50432],[93.87606,24.50933],[93.87207,24.51417],[93.86862,24.53504],[93.87157,24.54115],[93.87143,24.54505],[93.87487,24.54788],[93.88195,24.54933],[93.88424,24.55019],[93.89119,24.55294],[93.89981,24.55104],[93.90245,24.5526],[93.90819,24.56136],[93.90862152200003,24.562230484000054],[93.90935,24.5637],[93.91033,24.57433],[93.90412,24.5834],[93.90468,24.58525],[93.90945,24.58844],[93.90899,24.60539],[93.90357,24.60791],[93.89842,24.60239],[93.89547,24.60176],[93.88749,24.60818],[93.89745,24.61266],[93.89816,24.62044],[93.90018,24.62381],[93.91354,24.63129],[93.92143,24.64269],[93.92363,24.64309],[93.92835,24.64075],[93.9304,24.64136],[93.93011,24.65194],[93.92733,24.65527],[93.91156,24.65571],[93.9093,24.66489],[93.90187,24.66584],[93.89905,24.6678],[93.90201,24.67173],[93.89861,24.67535],[93.90019,24.68376],[93.89764,24.68921],[93.89964,24.69099],[93.90587,24.69042],[93.90954,24.69366],[93.91745,24.69401],[93.92217,24.70168],[93.93008,24.70424],[93.93429,24.70783],[93.93038,24.71168],[93.93161,24.71457],[93.92922,24.71464],[93.93016,24.7186],[93.92782,24.71932],[93.92877,24.72271],[93.92628,24.725],[93.92765,24.7278],[93.92508,24.72932],[93.92716,24.73124],[93.92511,24.73303],[93.92654,24.73595],[93.92489,24.73798],[93.92637,24.74074],[93.92523,24.74305],[93.92676,24.74421],[93.92572,24.74743],[93.92758,24.74911],[93.92645,24.75135],[93.92889,24.75348],[93.93211,24.75166],[93.93393,24.75325],[93.93065,24.76752],[93.93455,24.77532],[93.93608,24.78476],[93.93494,24.79212],[93.93709,24.81532],[93.93453,24.82074],[93.93639,24.82642],[93.93187,24.8315],[93.93145,24.83528],[93.92634,24.83539],[93.92334,24.84083],[93.9141,24.84319],[93.91383,24.84615],[93.91824,24.84959],[93.9178,24.85095],[93.91374,24.85141],[93.90058,24.84381],[93.89897,24.84409],[93.89793,24.849],[93.89427,24.84918],[93.89614,24.85377],[93.90991,24.86444],[93.91493,24.87588],[93.91336,24.87786],[93.91024,24.87818],[93.90261,24.87528],[93.90143,24.87701],[93.90179,24.88508],[93.90366,24.8888],[93.89556,24.89022],[93.89396,24.8925],[93.8939,24.89658],[93.90092,24.89592],[93.90607,24.90387],[93.91193,24.90569],[93.90923,24.90961],[93.91177,24.91354],[93.90874,24.91439],[93.90777,24.91648],[93.90963,24.92023],[93.90718,24.92306],[93.90742,24.92953],[93.91044,24.93405],[93.91183,24.9406],[93.91459,24.94221],[93.91551,24.94572],[93.91844,24.94821],[93.91805,24.95009],[93.9125,24.94929],[93.91212,24.95357],[93.90534,24.94631],[93.90518,24.94374],[93.90185,24.94174],[93.89866,24.93518],[93.89427,24.93287],[93.89359,24.92744],[93.89544,24.92438],[93.89315,24.91512],[93.88918,24.91874],[93.88095,24.91848],[93.88042,24.92037],[93.8836,24.92299],[93.88309,24.92646],[93.88193,24.92717],[93.87802,24.92453],[93.87374,24.92588],[93.87266,24.92793],[93.87592,24.93153],[93.87523,24.93653],[93.8709,24.93647],[93.88316,24.94681],[93.88393,24.94402],[93.88677,24.94401],[93.88833,24.94698],[93.89153,24.94719],[93.89004,24.95086],[93.89586,24.9509],[93.89564,24.95238],[93.89118,24.95472],[93.89695,24.95688],[93.90042,24.95569],[93.90155,24.95693],[93.89964,24.96012],[93.89274,24.96014],[93.89187,24.96334],[93.88568,24.96246],[93.88589,24.96827],[93.89121,24.97443],[93.89381,24.97508],[93.89583,24.97196],[93.89775,24.97262],[93.90717,24.96777],[93.90311,24.97142],[93.90507,24.97552],[93.90101,24.97699],[93.90194,24.97857],[93.90778,24.97889],[93.90279,24.98161],[93.90493,24.98645],[93.89833,24.98462],[93.90097,24.99881],[93.9061,25.00487],[93.91341,25.00761],[93.91785,25.01102],[93.92793,25.01431],[93.93028,25.01326],[93.92929,25.01544],[93.93074,25.01733],[93.93734,25.01777],[93.94175,25.02192],[93.94711,25.02384],[93.95405,25.03067],[93.96539,25.03559],[93.96889,25.03851],[93.97814,25.03854],[93.97647,25.04158],[93.9824,25.04712],[93.98234,25.05035],[93.98674,25.05679],[94.00045,25.06696],[94.00008,25.07046],[93.99831,25.0722],[93.9942,25.07279],[93.99206,25.07096],[93.99054,25.06614],[93.98536,25.06759],[93.97975,25.06346],[93.96562,25.06912],[93.96381,25.0677],[93.96181,25.06115],[93.95233,25.06886],[93.94422,25.06694],[93.93788,25.06328],[93.9293,25.0526],[93.92592,25.03802],[93.90061,25.01092],[93.89864,25.00321],[93.89125,25.00111],[93.88776,24.99865],[93.87468,24.98549],[93.85571,24.95644],[93.85022,24.94516],[93.84656,24.94204],[93.83936,24.93913],[93.82684,24.92293],[93.81909,24.89982],[93.82,24.88972],[93.81373,24.88123],[93.81406,24.87378],[93.81005,24.86886],[93.80094,24.86653],[93.79432,24.8491],[93.79431,24.84672],[93.79898,24.84103],[93.79651,24.83367],[93.79707,24.82437],[93.79346,24.81923],[93.78406,24.81283],[93.77784,24.79384],[93.77721,24.78524],[93.78334,24.7735],[93.78311,24.75787],[93.78686,24.75367],[93.77719,24.74544],[93.77261,24.73166],[93.76663,24.72485],[93.77867,24.72382],[93.78108,24.7248],[93.7887,24.72246],[93.79524,24.72271],[93.80074,24.71915],[93.81014,24.71934],[93.81728,24.71573],[93.82551,24.70757],[93.82577,24.71155],[93.83049,24.71677],[93.83265,24.71781],[93.83703,24.7156],[93.85205,24.72639],[93.85277,24.72466],[93.85614,24.72385],[93.85253,24.71752],[93.85453,24.70891],[93.86502,24.70868],[93.87163,24.70522],[93.87428,24.69531],[93.87121,24.68931],[93.87428,24.68824],[93.87769,24.69317],[93.88309,24.69137],[93.8837,24.68319],[93.87853,24.67347],[93.87851,24.6661],[93.8713,24.65609],[93.86232,24.65536],[93.8596,24.6539],[93.83385,24.659],[93.83112,24.66201],[93.82844,24.67129],[93.82424,24.67371],[93.82067,24.67027],[93.8135,24.67157],[93.79796,24.66781],[93.79556,24.66578],[93.7955,24.6603],[93.79264,24.65506],[93.79648,24.65488],[93.79232,24.64598],[93.79447,24.64466],[93.79489,24.64014],[93.79891,24.63665],[93.7995,24.63151],[93.80125,24.63033],[93.79564,24.61616],[93.79641,24.6098],[93.80119,24.60655],[93.81175,24.60428],[93.81934,24.60651],[93.8269,24.6051],[93.82979,24.59936],[93.82668,24.59379],[93.8284,24.58545],[93.83829,24.57954],[93.84316,24.57823],[93.84804,24.57033],[93.85048,24.57061],[93.85611,24.57511],[93.86091,24.58724],[93.8634,24.58756],[93.86602,24.58532],[93.86601,24.58171],[93.85933,24.57046],[93.85935,24.56313],[93.86238,24.55855],[93.8595,24.55385],[93.85873,24.54218],[93.85521,24.52865],[93.85619,24.5215],[93.86011,24.51905],[93.8563,24.51023],[93.85523,24.50217],[93.85804,24.49719],[93.85811,24.49173],[93.86207,24.48896],[93.8665,24.47714],[93.86491,24.47515],[93.86527,24.46824],[93.86293,24.46614],[93.86183,24.45901],[93.85888,24.4545],[93.85997,24.45155]]]}},{"type":"Feature","properties":{"shapeName":"Pherzawl","shapeISO":"","shapeID":"76128533B71254158898830","shapeGroup":"IND","shapeType":"ADM2","layer":"district"},"geometry":{"type":"Polygon","coordinates":[[[93.01386,24.39972],[93.01302,24.39705],[93.0144,24.394],[93.01656,24.387],[93.01978,24.38301],[93.02065,24.38204],[93.02489,24.37499],[93.02363,24.35226],[93.02513,24.34408],[93.02562,24.3423],[93.02836,24.33589],[93.03455,24.33261],[93.03819,24.3286],[93.03841,24.32757],[93.04286,24.31574],[93.03979,24.30494],[93.03748,24.30034],[93.03104,24.29537],[93.0275,24.28683],[93.02246,24.28148],[93.02135,24.27664],[93.01621,24.27099],[93.01524,24.26349],[93.01261,24.25897],[93.01298,24.24077],[93.01557,24.23554],[93.01645,24.23369],[93.02076,24.22722],[93.02174,24.2268],[93.02589,24.22413],[93.02807,24.21874],[93.02197,24.19901],[93.0235,24.19056],[93.02273,24.18167],[93.01841,24.17411],[93.0114,24.17332],[93.00641,24.16997],[93.00536,24.15932],[93.00699,24.15221],[93.00542,24.14753],[92.99855,24.14135],[92.99195,24.13917],[92.99025,24.1386],[92.98508,24.1333],[92.98052,24.13087],[92.97702,24.12579],[92.97359,24.12137],[92.96969,24.11751],[92.9627,24.11303],[92.95752,24.11061],[92.95748,24.10544],[92.96018,24.10121],[92.96613,24.09742],[92.96878,24.09489],[92.99307,24.08603],[92.99899,24.08598],[93.0032,24.08949],[93.00652,24.08999],[93.02352,24.08336],[93.02579,24.0805],[93.02824,24.07985],[93.04382,24.08205],[93.04812,24.08837],[93.04854,24.08872],[93.05632,24.0915],[93.06274,24.09112],[93.06405,24.0904],[93.06863,24.08502],[93.06919,24.08048],[93.07571,24.07045],[93.07804,24.06793],[93.08917,24.06231],[93.09302,24.04499],[93.09576,24.04149],[93.10217,24.04012],[93.11068,24.0436],[93.11724,24.04223],[93.12062,24.04333],[93.12713,24.05005],[93.13,24.06264],[93.1303,24.06438],[93.13316,24.07844],[93.13687,24.08225],[93.14064,24.08326],[93.1415,24.08322],[93.1496,24.07812],[93.15754,24.06864],[93.16305,24.05842],[93.16777,24.055],[93.16938076900004,24.05124543200003],[93.17213,24.04456],[93.1786,24.05017],[93.19041,24.04705],[93.19918,24.04698],[93.20167,24.04837],[93.20679,24.04963],[93.21434,24.0476],[93.2162,24.04754],[93.22353,24.05101],[93.23225,24.05982],[93.23281,24.06356],[93.22833,24.07047],[93.23042,24.07642],[93.23687,24.07824],[93.24019,24.07765],[93.24573,24.07207],[93.26124,24.06587],[93.26546,24.06086],[93.26567,24.05157],[93.2592,24.04291],[93.2546,24.02863],[93.26018,24.02125],[93.27267,24.0267],[93.27663,24.02607],[93.28453,24.03056],[93.2943,24.04347],[93.30975,24.04493],[93.31524,24.04203],[93.31846,24.04476],[93.31705,24.04952],[93.3184,24.05238],[93.32884,24.05381],[93.33074,24.05574],[93.32846,24.06048],[93.32947,24.0623],[93.32521,24.06858],[93.3265,24.07295],[93.31763,24.08061],[93.31721,24.08643],[93.31901,24.08906],[93.32207,24.09042],[93.32833,24.09021],[93.33907,24.0864],[93.34128,24.08698],[93.34214,24.08946],[93.33212,24.09562],[93.33099,24.09778],[93.33441,24.10117],[93.3384,24.10181],[93.34694,24.09722],[93.35354,24.08754],[93.36107,24.08491],[93.36762109200004,24.085340657000074],[93.36821762600005,24.08540875700004],[93.3761,24.07849],[93.38346,24.07761],[93.38448,24.07361],[93.38639,24.07287],[93.3959,24.07621],[93.4007,24.07316],[93.40202753000005,24.07810199100004],[93.38358655200005,24.08473508000003],[93.38340255100007,24.09915577000004],[93.38146387600005,24.11046986200006],[93.38953093300006,24.13581177100008],[93.40631018800008,24.169440141000052],[93.41181554800005,24.18860348800007],[93.41231146100006,24.20404104100004],[93.42432836700004,24.21398212300005],[93.42825820500008,24.219121526000038],[93.44314896100008,24.228439069000046],[93.45137512500008,24.23692361800005],[93.48302659700005,24.261400997000067],[93.48396220000006,24.268288124000037],[93.49528206000008,24.277186785000026],[93.49725152400003,24.282178135000038],[93.49452497000004,24.28681800100003],[93.49469513200006,24.293675402000076],[93.49851204000004,24.29932969500004],[93.50024389200007,24.307671345000074],[93.49720974900004,24.311478369000042],[93.49791736700007,24.31866096400006],[93.50253777300009,24.324652023000056],[93.50317550600005,24.332934958000067],[93.50062762900006,24.33505719900006],[93.50068554600006,24.33686107500006],[93.50260368800008,24.346753541000055],[93.50500780700008,24.351158088000034],[93.50404640500005,24.35776502400006],[93.49996825800008,24.362891366000042],[93.50089242900003,24.375699583000028],[93.49593425100005,24.38190350600007],[93.47385506800003,24.38672666700006],[93.42440859300007,24.38393259700007],[93.39003096500005,24.385064148000026],[93.37668745500008,24.389665810000054],[93.36771695400006,24.394614041000068],[93.36624432400004,24.400750668000057],[93.35924287200004,24.409575802000063],[93.35592703300006,24.411483100000055],[93.35588654000009,24.418276178000042],[93.36509001700006,24.42475311900006],[93.36792618500004,24.430019103000063],[93.36570762100007,24.43524056600006],[93.36661407300005,24.445116277000068],[93.37022419800007,24.446534889000077],[93.37650788600007,24.453127193000057],[93.37761121800008,24.459079092000025],[93.38235526100004,24.464754689000074],[93.39049311200006,24.46960462800007],[93.39306887200007,24.47706898900003],[93.39151576700004,24.480755857000077],[93.40209612900009,24.49968591100003],[93.40252514200006,24.50578778700003],[93.41286751000007,24.516997864000075],[93.41185518700007,24.52047290400003],[93.40811083800008,24.52422646100007],[93.39906946700006,24.522794435000037],[93.39257101800007,24.525689987000078],[93.39340035500004,24.528257823000047],[93.39121657400005,24.533544359000075],[93.39202563400005,24.537259903000063],[93.39020864300005,24.54303107000004],[93.39150032200007,24.551480378000065],[93.39510087600007,24.557571091000057],[93.39560900800006,24.57060063800003],[93.39102,24.5716],[93.3852,24.57061],[93.38479,24.56762],[93.38248,24.56573],[93.37414,24.56633],[93.37028,24.56423],[93.36623504200008,24.566321911000045],[93.35538,24.56822],[93.35154,24.57417],[93.34034,24.57414],[93.33527,24.57204],[93.33139,24.56589],[93.31653,24.56182],[93.31463,24.56214],[93.31085,24.56662],[93.29591,24.56459],[93.28744,24.55861],[93.28472,24.55367],[93.2794,24.54853],[93.27766,24.54757],[93.27149,24.5493],[93.2664,24.54454],[93.26253,24.53483],[93.2648,24.52855],[93.26243,24.51982],[93.26325,24.51541],[93.25691,24.51211],[93.25438,24.50819],[93.24249,24.50777],[93.23479,24.50994],[93.22796,24.50372],[93.22063,24.50681],[93.21188,24.50245],[93.19979,24.50397],[93.19158,24.50958],[93.18815,24.51307],[93.18806,24.51923],[93.18649,24.52074],[93.18119,24.52136],[93.17551,24.51822],[93.16766,24.51748],[93.16692,24.51994],[93.17522,24.53011],[93.18434,24.53304],[93.19057,24.53894],[93.19388,24.54439],[93.19208,24.55423],[93.19564,24.56977],[93.19702,24.57084],[93.20299,24.56927],[93.20768,24.57004],[93.21302,24.57899],[93.21335,24.58435],[93.20675,24.5903],[93.20698,24.59929],[93.20475,24.60407],[93.21051,24.61049],[93.21523,24.62755],[93.21438,24.62931],[93.20938,24.63175],[93.2027,24.64875],[93.20494,24.65011],[93.21091,24.64894],[93.21326,24.65],[93.21465,24.65769],[93.21254,24.66578],[93.20668,24.67192],[93.20638,24.67981],[93.20443,24.68523],[93.20574,24.68976],[93.20296,24.69523],[93.19179,24.70421],[93.17724,24.70234],[93.1374,24.702],[93.133,24.70273],[93.13197,24.70498],[93.12127,24.69115],[93.11115,24.66541],[93.10723,24.63847],[93.10732,24.62014],[93.1103,24.60207],[93.11515,24.59583],[93.12712,24.59175],[93.13478,24.58714],[93.1434,24.58484],[93.14631,24.58257],[93.14645,24.5791],[93.13965,24.56555],[93.12876,24.55508],[93.11563,24.55496],[93.10411,24.55844],[93.09305,24.55917],[93.08057,24.56584],[93.05911,24.57193],[93.07064,24.55815],[93.06426,24.54582],[93.0635,24.54435],[93.06009,24.55028],[93.05918,24.55186],[93.05064,24.54183],[93.04643,24.52803],[93.05076,24.52177],[93.05078,24.51676],[93.03937,24.51172],[93.03796,24.50794],[93.04227,24.50292],[93.0337,24.49409],[93.04642,24.4726],[93.04614,24.46108],[93.0358,24.45829],[93.03461,24.44109],[93.03003,24.42601],[93.03719,24.41471],[93.037,24.40827],[93.02706,24.4035],[93.01386,24.39972]]]}},{"type":"Feature","properties":{"shapeName":"Noney","shapeISO":"","shapeID":"76128533B36594996191182","shapeGroup":"IND","shapeType":"ADM2","layer":"district"},"geometry":{"type":"Polygon","coordinates":[[[93.20574,24.68976],[93.20443,24.68523],[93.20638,24.67981],[93.20668,24.67192],[93.21254,24.66578],[93.21465,24.65769],[93.21326,24.65],[93.21091,24.64894],[93.20494,24.65011],[93.2027,24.64875],[93.20938,24.63175],[93.21438,24.62931],[93.21523,24.62755],[93.21051,24.61049],[93.20475,24.60407],[93.20698,24.59929],[93.20675,24.5903],[93.21335,24.58435],[93.21302,24.57899],[93.20768,24.57004],[93.20299,24.56927],[93.19702,24.57084],[93.19564,24.56977],[93.19208,24.55423],[93.19388,24.54439],[93.19057,24.53894],[93.18434,24.53304],[93.17522,24.53011],[93.16692,24.51994],[93.16766,24.51748],[93.17551,24.51822],[93.18119,24.52136],[93.18649,24.52074],[93.18806,24.51923],[93.18815,24.51307],[93.19158,24.50958],[93.19979,24.50397],[93.21188,24.50245],[93.22063,24.50681],[93.22796,24.50372],[93.23479,24.50994],[93.24249,24.50777],[93.25438,24.50819],[93.25691,24.51211],[93.26325,24.51541],[93.26243,24.51982],[93.2648,24.52855],[93.26253,24.53483],[93.2664,24.54454],[93.27149,24.5493],[93.27766,24.54757],[93.2794,24.54853],[93.28472,24.55367],[93.28744,24.55861],[93.29591,24.56459],[93.31085,24.56662],[93.31463,24.56214],[93.31653,24.56182],[93.33139,24.56589],[93.33527,24.57204],[93.34034,24.57414],[93.35154,24.57417],[93.35538,24.56822],[93.36623504200008,24.566321911000045],[93.37028,24.56423],[93.37414,24.56633],[93.38248,24.56573],[93.38479,24.56762],[93.3852,24.57061],[93.39102,24.5716],[93.39778,24.58494],[93.39452,24.59146],[93.39814,24.60815],[93.40386,24.6077],[93.41627,24.61514],[93.41565,24.62205],[93.42193,24.62592],[93.42899,24.63397],[93.44344,24.62835],[93.4652,24.60606],[93.47073,24.6019],[93.49008,24.59226],[93.50088,24.59081],[93.52145,24.58519],[93.5498,24.58193],[93.56833,24.58192],[93.59514,24.58686],[93.60067,24.59032],[93.61386,24.594],[93.6392,24.60504],[93.65098,24.61157],[93.6784,24.61975],[93.69983,24.6226],[93.70807,24.62615],[93.70617,24.6309],[93.70447,24.66092],[93.69894,24.68137],[93.68254,24.71744],[93.67831,24.7326],[93.6777,24.74249],[93.66982,24.76208],[93.67086,24.77872],[93.68025857000003,24.794534057000078],[93.66093461500003,24.79754681600008],[93.64087967300009,24.803479545000073],[93.61275119200008,24.81856050400006],[93.59575691500004,24.829542767000078],[93.58893576000008,24.83764303600003],[93.57489780700007,24.84222200100004],[93.57036979700007,24.841744083000037],[93.56839274500004,24.839661481000064],[93.56724380700007,24.831880583000043],[93.55965051000004,24.82959192800007],[93.55182989600007,24.817080521000037],[93.55260814100006,24.81230596200004],[93.54503916100003,24.810266527000067],[93.53777877400006,24.812283798000067],[93.53365417000003,24.81762248900003],[93.52229670200006,24.822710906000054],[93.51291791100005,24.822566419000054],[93.49506181600003,24.82941775200004],[93.47020642000007,24.82772368600007],[93.43796596000004,24.83076890600006],[93.42734965100004,24.829091127000027],[93.41249886000008,24.83177571400006],[93.41446048400007,24.82831843200006],[93.41466938200006,24.82371786300007],[93.40950297100005,24.815929217000075],[93.40315761300008,24.816752464000047],[93.39340396300008,24.81275570500003],[93.38294144200006,24.815123640000024],[93.37184416400004,24.814034794000065],[93.36756974900004,24.807295485000054],[93.36078142200006,24.80640246400003],[93.36023604800005,24.79189857600005],[93.36458032300004,24.78740126400004],[93.36347780700004,24.773099389000038],[93.35696825700006,24.770857845000023],[93.34702345300008,24.764103010000042],[93.34436965500004,24.76019898900006],[93.33565389800003,24.753356491000034],[93.33926270700005,24.749582028000077],[93.33098969400004,24.74774468100003],[93.32844043900008,24.74307951000003],[93.32401401200008,24.74219314000004],[93.32248527000007,24.739443943000026],[93.32493081000007,24.736077372000068],[93.33296041400007,24.73460245800004],[93.33853832300008,24.73184268800003],[93.34078183800005,24.727876648000063],[93.33999632800004,24.72434830900005],[93.33679448300006,24.722781535000024],[93.33044682100007,24.72287321500005],[93.31972274900005,24.714801376000025],[93.31790812900005,24.71180131400007],[93.32076266000007,24.706567504000077],[93.31413162500007,24.700580692000074],[93.30746042600003,24.69888452500004],[93.30270726700007,24.700393890000043],[93.29949699400004,24.703730705000055],[93.29401031000003,24.700159865000046],[93.29298574100005,24.692468577000056],[93.29873956500006,24.68632111000005],[93.29870410500007,24.684648192000054],[93.29118549000003,24.676524992000054],[93.28721052700007,24.67471972100003],[93.28033284300005,24.676509513000042],[93.26611414000007,24.671112995000044],[93.26219466800006,24.664315482000063],[93.25188001000004,24.66299960300006],[93.24603876900005,24.66586865100004],[93.24336758900006,24.67482732800005],[93.23276825700003,24.686155272000065],[93.22696918800006,24.68676094800003],[93.21643200500006,24.693417733000047],[93.20574,24.68976]]]}},{"type":"Feature","properties":{"shapeName":"Tengnoupal","shapeISO":"","shapeID":"76128533B61831576863813","shapeGroup":"IND","shapeType":"ADM2","layer":"district"},"geometry":{"type":"Polygon","coordinates":[[[94.26500519300004,24.09792380500005],[94.26433,24.11144],[94.26569,24.11219],[94.26372,24.13023],[94.27225,24.16052],[94.27425,24.1638],[94.28354,24.16687],[94.28854,24.17081],[94.30256,24.22911],[94.30524,24.23451],[94.31267,24.23775],[94.31876,24.24336],[94.33609,24.27906],[94.33459,24.32823],[94.35568,24.33239],[94.36369,24.33746],[94.39176,24.37597],[94.39118,24.37876],[94.37728,24.38894],[94.37433,24.39299],[94.40758,24.40798],[94.41115,24.41263],[94.4172,24.43798],[94.41663,24.44086],[94.41087,24.44633],[94.40608,24.45379],[94.40595,24.45904],[94.41026,24.47748],[94.40156,24.48182],[94.39427,24.48801],[94.39062,24.49677],[94.37963,24.50071],[94.37263,24.50509],[94.36786,24.51893],[94.36376,24.52319],[94.3649,24.53074],[94.3689,24.53493],[94.36805,24.54532],[94.34836,24.55259],[94.34419,24.5555],[94.34169,24.55436],[94.33075,24.55464],[94.32991,24.5566],[94.33362,24.5625],[94.33171,24.56891],[94.32792,24.56987],[94.32415,24.57357],[94.31853,24.57371],[94.31536,24.57531],[94.30851,24.58071],[94.30275,24.58159],[94.2969,24.58911],[94.29529,24.59644],[94.28585,24.59981],[94.28001,24.598],[94.27465,24.60065],[94.27112,24.60712],[94.26373,24.61275],[94.25624,24.61476],[94.2491,24.62108],[94.24783,24.62586],[94.24334,24.62761],[94.23685,24.62851],[94.23373,24.62483],[94.23051,24.62407],[94.22394,24.62538],[94.22102,24.62744],[94.21324,24.6274],[94.206,24.62283],[94.19107,24.6294],[94.18965,24.62291],[94.16492,24.62807],[94.15577,24.62594],[94.12965,24.62696],[94.12852,24.62581],[94.12114,24.62586],[94.1154,24.63557],[94.10838,24.63689],[94.10419,24.64427],[94.10041,24.6456],[94.09861,24.64445],[94.10057,24.62926],[94.0966,24.61565],[94.10332,24.60618],[94.10078,24.59855],[94.09638,24.59661],[94.09608,24.59251],[94.09869,24.58634],[94.11068,24.57946],[94.11627,24.57437],[94.1211,24.55926],[94.12168,24.55253],[94.11945,24.55206],[94.11759,24.55343],[94.10635,24.56964],[94.10049,24.57268],[94.09801,24.57075],[94.09211,24.57104],[94.08976,24.56887],[94.08933,24.56559],[94.09283,24.55631],[94.08881,24.55275],[94.08536,24.55425],[94.08048,24.56295],[94.07538,24.56332],[94.07341,24.5598],[94.07718,24.54972],[94.08748,24.54233],[94.09057,24.53093],[94.09366,24.52919],[94.09964,24.52881],[94.10236,24.52675],[94.10297,24.52408],[94.099,24.5183],[94.09242,24.5201],[94.08746,24.51894],[94.084,24.52302],[94.0811,24.5241],[94.07498,24.52375],[94.06949,24.52115],[94.06223,24.53035],[94.0568,24.53167],[94.05334,24.53421],[94.04576,24.5459],[94.0379,24.53864],[94.03276,24.52569],[94.03608,24.52022],[94.03608,24.51705],[94.03164835800004,24.512717463000058],[94.02445,24.50579],[94.02843,24.50233],[94.0282,24.48391],[94.03255,24.47299],[94.03691,24.46885],[94.04084,24.46194],[94.04164,24.45414],[94.04005,24.4529],[94.02083,24.45228],[94.01374,24.448],[94.00790269300006,24.451460981000025],[94.00639872500005,24.44582472600007],[94.01314320400007,24.44648629900007],[94.02066802700006,24.44209188700006],[94.03435097200008,24.447415744000068],[94.05197184800005,24.447406070000056],[94.05475317500009,24.446222927000065],[94.06573277200005,24.432204033000062],[94.07603694400007,24.42217065400007],[94.10184417000005,24.42078035700007],[94.10807451500006,24.41339411200005],[94.11832300100008,24.395205842000053],[94.12805784200003,24.38731510300005],[94.13693367000008,24.383814452000024],[94.15037227100004,24.36888170900005],[94.15485796300004,24.35770418800007],[94.15604144000008,24.33556684000007],[94.15380012300005,24.313217932000043],[94.15455932100008,24.30333994500006],[94.15705700400008,24.29853067600004],[94.17618496000006,24.281887741000048],[94.19335241700009,24.272289649000072],[94.19972038300006,24.262786410000047],[94.20261296600006,24.250461357000063],[94.20248660700008,24.239517876000036],[94.19804193300007,24.223780413000043],[94.19438664200004,24.216780311000036],[94.19137417900004,24.203717150000045],[94.19146337700005,24.195274665000056],[94.19737461400007,24.177375391000055],[94.20234293600004,24.168911901000058],[94.20669035800006,24.150432872000067],[94.20589147500004,24.14077540900007],[94.20770586900005,24.13416110600008],[94.20228811000004,24.12765659400003],[94.21486315500005,24.125288385000033],[94.22540104200004,24.120562552000024],[94.24252715700004,24.115761761000044],[94.25094301200005,24.114811213000053],[94.26500519300004,24.09792380500005]]]}},{"type":"Feature","properties":{"shapeName":"Kamjong","shapeISO":"","shapeID":"76128533B66815680293072","shapeGroup":"IND","shapeType":"ADM2","layer":"district"},"geometry":{"type":"Polygon","coordinates":[[[94.15654681300003,24.960563474000026],[94.14727,24.92712],[94.14733,24.9158],[94.14493,24.91041],[94.1478,24.90431],[94.15208,24.90205],[94.15502,24.8953],[94.15344,24.89117],[94.15643,24.88047],[94.15369,24.87272],[94.15011,24.86879],[94.14899,24.86336],[94.15241,24.84737],[94.1509,24.79427],[94.15333,24.76101],[94.16585,24.73714],[94.17086,24.72015],[94.17562,24.71509],[94.17749,24.71037],[94.19107,24.6294],[94.206,24.62283],[94.21324,24.6274],[94.22102,24.62744],[94.22394,24.62538],[94.23051,24.62407],[94.23373,24.62483],[94.23685,24.62851],[94.24334,24.62761],[94.24783,24.62586],[94.2491,24.62108],[94.25624,24.61476],[94.26373,24.61275],[94.27112,24.60712],[94.27465,24.60065],[94.28001,24.598],[94.28585,24.59981],[94.29529,24.59644],[94.2969,24.58911],[94.30275,24.58159],[94.30851,24.58071],[94.31536,24.57531],[94.31853,24.57371],[94.32415,24.57357],[94.32792,24.56987],[94.33171,24.56891],[94.33362,24.5625],[94.32991,24.5566],[94.33075,24.55464],[94.34169,24.55436],[94.34419,24.5555],[94.34836,24.55259],[94.36805,24.54532],[94.3689,24.53493],[94.3649,24.53074],[94.36376,24.52319],[94.36786,24.51893],[94.37263,24.50509],[94.37963,24.50071],[94.39062,24.49677],[94.39427,24.48801],[94.40156,24.48182],[94.41026,24.47748],[94.41462,24.47586],[94.41953,24.47628],[94.42836,24.47837],[94.43246,24.48113],[94.45379,24.52635],[94.47114,24.5586],[94.47595,24.573],[94.49798,24.5786],[94.52568,24.59613],[94.53752,24.61417],[94.55667,24.64773],[94.56399,24.68541],[94.55841,24.70451],[94.55843,24.71258],[94.56421,24.71576],[94.57276,24.71581],[94.57581,24.71771],[94.57927,24.71099],[94.58326,24.71026],[94.58503,24.71238],[94.58592,24.72319],[94.59118,24.72625],[94.59267,24.72458],[94.59169,24.7127],[94.59593,24.70811],[94.59826,24.70739],[94.60398,24.70954],[94.61348,24.70833],[94.61708,24.71223],[94.61804,24.72189],[94.62389,24.74124],[94.62681,24.74527],[94.63818,24.75439],[94.63967,24.75736],[94.63921,24.76302],[94.63155,24.77906],[94.63127,24.78706],[94.63475,24.7984],[94.6407,24.80835],[94.64071,24.82064],[94.64419,24.83242],[94.64523,24.84815],[94.65885,24.85938],[94.6612,24.87109],[94.66608,24.87979],[94.67979,24.88041],[94.68245,24.88176],[94.68999,24.89112],[94.69489,24.89377],[94.70332,24.92397],[94.70756,24.92958],[94.7087,24.93571],[94.71564,24.93301],[94.71974,24.93392],[94.72035,24.93998],[94.71624,24.94868],[94.71551,24.95613],[94.70625,24.97121],[94.70616,24.98093],[94.71122,24.99608],[94.71439,25.00123],[94.71922,25.00524],[94.72699,25.00819],[94.73365,25.01356],[94.7357,25.02403],[94.74415,25.03841],[94.74928,25.05264],[94.74924,25.07143],[94.75069,25.07768],[94.74533,25.08444],[94.74529,25.08651],[94.75172,25.10191],[94.74764,25.10641],[94.74419,25.11587],[94.74392,25.12132],[94.74047,25.12698],[94.74414,25.13145],[94.74431,25.1338],[94.74038,25.13923],[94.71854,25.14597],[94.71140034500007,25.15015085300007],[94.70228072900005,25.14703478100006],[94.72265624900007,25.137512207000043],[94.73349761900005,25.12925910900003],[94.73829650800008,25.121002197000053],[94.74031829800003,25.11320304900005],[94.73989551500006,25.109003335000068],[94.73639841700003,25.105572221000045],[94.73321826400007,25.103633967000064],[94.70747052400009,25.09991784700003],[94.69147283200004,25.099910752000028],[94.67239947300004,25.09622706500005],[94.61497053700003,25.093184207000036],[94.59026600400006,25.083593594000035],[94.56799987100004,25.06590575000007],[94.55792509500009,25.053879548000054],[94.54302105800008,25.04188654400008],[94.53283108100004,25.03106457100006],[94.51817540000008,25.019986996000057],[94.50753828100005,25.015634908000038],[94.48343239900004,25.013023928000052],[94.46801402200003,25.00753109900006],[94.43421954000007,25.00233942600005],[94.40697074100007,24.99420179400005],[94.36777492200008,24.989886927000043],[94.34678119100005,24.992314708000038],[94.33056730200008,24.990846515000044],[94.31456391300009,24.981942411000034],[94.30323062700006,24.977576011000053],[94.26154039400006,24.948067398000035],[94.24010025500007,24.94045598500003],[94.22602960100005,24.938112889000024],[94.21227518800004,24.933492449000028],[94.19408533700005,24.93611706300004],[94.18901436700008,24.92914746300005],[94.17621400800004,24.93109878100006],[94.16893216100004,24.926468357000033],[94.17533550500008,24.948334801000044],[94.17571568100004,24.955800874000033],[94.17056433300007,24.965353107000055],[94.15654681300003,24.960563474000026]]]}},{"type":"Feature","properties":{"shapeName":"Senapati","shapeISO":"","shapeID":"76128533B95642877176862","shapeGroup":"IND","shapeType":"ADM2","layer":"district"},"geometry":{"type":"Polygon","coordinates":[[[93.92006,25.38949],[93.93318917800008,25.37752725400003],[93.93683052700004,25.38314280000003],[93.93764897800008,25.387863252000045],[93.96500239000005,25.382902459000036],[93.98062044000005,25.376919309000073],[93.99802792500003,25.359876360000044],[94.00112678600004,25.34149578800003],[93.99146121700005,25.323713956000063],[93.98983084300005,25.312478208000073],[93.98469794900006,25.30639227200004],[93.97990518900008,25.293019749000052],[93.97910441400006,25.278975675000027],[93.98215363600008,25.27326542000003],[93.99162656700008,25.26556410200004],[94.00098645800006,25.263261673000045],[94.01991285800005,25.253530819000048],[94.02472553600006,25.24800370300005],[94.02784283900007,25.237911385000075],[94.02700711700004,25.225522298000044],[94.02314125500004,25.211456072000033],[94.00808392200008,25.186358280000036],[94.00146122900009,25.17849258900003],[94.02306979100007,25.179405348000046],[94.04282124300005,25.176097441000024],[94.09050710200006,25.158893699000032],[94.12057250400005,25.16042060700005],[94.18995943900006,25.174026269000024],[94.19755,25.18007],[94.20797,25.19332],[94.20995,25.19793],[94.20978,25.20441],[94.21266,25.20996],[94.2162,25.21053],[94.2309,25.22143],[94.24286,25.22154],[94.25712,25.22859],[94.26372,25.22867],[94.26755,25.23042],[94.29671,25.25038],[94.30818,25.26143],[94.31147,25.268],[94.3142,25.26914],[94.31646,25.2726],[94.31611,25.27638],[94.32147,25.28159],[94.32159,25.28823],[94.32388,25.29224],[94.33047,25.29671],[94.33354,25.30206],[94.3376,25.30381],[94.34002,25.31343],[94.34589,25.31699],[94.34759,25.32303],[94.35465,25.33087],[94.35493,25.33572],[94.35763,25.33845],[94.36112,25.33944],[94.36483,25.34847],[94.36834,25.34995],[94.36841,25.36075],[94.37101,25.36379],[94.3711,25.36803],[94.36917,25.37083],[94.36932,25.37526],[94.37142,25.37857],[94.37134,25.38247],[94.3697,25.3839],[94.37025,25.38867],[94.37221,25.39053],[94.37114,25.3992],[94.37233,25.40126],[94.37582,25.40257],[94.37877,25.40853],[94.38478,25.41188],[94.38548,25.42046],[94.39602,25.4313],[94.40007,25.4393],[94.40092,25.4464],[94.40898,25.45424],[94.41059,25.45844],[94.41069,25.46663],[94.41264,25.47109],[94.41712,25.47309],[94.42132,25.48161],[94.41951,25.48507],[94.42276,25.49213],[94.42802,25.49531],[94.43283,25.50744],[94.43756,25.51211],[94.44151,25.51349],[94.44403,25.51692],[94.44585,25.52666],[94.44843,25.52928],[94.45208,25.52883],[94.45729,25.5347],[94.45762,25.54651],[94.46103,25.54844],[94.46539,25.55566],[94.46424,25.56047],[94.46733,25.56666],[94.47465,25.57147],[94.47664,25.57636],[94.47558,25.57903],[94.47871,25.58567],[94.48315,25.58889],[94.48625,25.5945],[94.48572,25.59947],[94.48855,25.60979],[94.48568,25.61269],[94.48105,25.61413],[94.47953,25.61549],[94.47724,25.6187],[94.47417,25.61936],[94.46718,25.61418],[94.46519,25.60998],[94.46453,25.60877],[94.46308,25.60753],[94.45824,25.60469],[94.45371,25.60232],[94.44782,25.6027],[94.43919,25.5978],[94.43808,25.59414],[94.43114,25.58833],[94.43015,25.58719],[94.42827,25.58456],[94.42767,25.58391],[94.42356,25.58209],[94.41842,25.5721],[94.41617,25.5593],[94.40695,25.54642],[94.40554,25.53816],[94.40337,25.53562],[94.40238,25.53466],[94.3947,25.5323],[94.39408,25.53302],[94.39127,25.53424],[94.38427,25.533],[94.38144,25.53116],[94.37924,25.52609],[94.37514,25.52418],[94.35731,25.52083],[94.35394,25.51618],[94.34555,25.51477],[94.33997,25.51616],[94.32826,25.51292],[94.32617,25.50993],[94.32359,25.50899],[94.28979,25.50704],[94.2763,25.50492],[94.26761,25.50095],[94.24589,25.49924],[94.23292,25.4999],[94.22335,25.50557],[94.22034,25.50565],[94.21549,25.50377],[94.21436,25.49918],[94.21235,25.50059],[94.21163,25.50092],[94.20826,25.50182],[94.20517,25.50904],[94.20517,25.50972],[94.20441,25.52321],[94.20095,25.52716],[94.19534,25.55018],[94.19107,25.55236],[94.18831,25.55738],[94.18085,25.55124],[94.17099,25.54666],[94.16236,25.54701],[94.16003,25.54719],[94.1568,25.54663],[94.15307,25.54329],[94.15094,25.53552],[94.14899,25.53273],[94.14868,25.53078],[94.14937,25.5283],[94.14791,25.52501],[94.1392,25.51901],[94.13804,25.5191],[94.13267,25.51995],[94.1308,25.51988],[94.1215,25.51995],[94.1143,25.52213],[94.10997,25.52386],[94.10602,25.52588],[94.10125,25.53213],[94.09899,25.54602],[94.09733,25.54836],[94.08171,25.55591],[94.07979,25.55571],[94.07426,25.5549],[94.07277,25.55508],[94.06815,25.55597],[94.06693,25.55589],[94.05847,25.56203],[94.05566,25.56663],[94.04606,25.57302],[94.04383,25.57511],[94.03946,25.57773],[94.036,25.57817],[94.03339,25.57836],[94.03189,25.57825],[94.02883,25.57602],[94.02482,25.56437],[94.01877,25.55987],[94.01015,25.55919],[94.00274,25.5647],[93.99869,25.56509],[93.99223,25.56291],[93.97994,25.56215],[93.97651,25.55277],[93.96487,25.55023],[93.96345,25.5486],[93.95603,25.54945],[93.94875,25.54694],[93.9442,25.54977],[93.93895,25.55046],[93.92123,25.54904],[93.91722,25.55056],[93.91162,25.55555],[93.90685,25.55664],[93.88225,25.55423],[93.8645,25.54671],[93.85655,25.54804],[93.85049,25.55413],[93.84603,25.55381],[93.84354,25.55216],[93.84225,25.54572],[93.83891,25.54267],[93.83483,25.54014],[93.83002,25.5401],[93.82587,25.53682],[93.82042,25.53498],[93.81377,25.52884],[93.80241,25.52989],[93.79531,25.52873],[93.78959,25.52584],[93.77623,25.52473],[93.7745,25.52324],[93.77176,25.5145],[93.77095,25.50589],[93.76539,25.49699],[93.76503,25.49625],[93.76537,25.49273],[93.76947,25.48972],[93.7725,25.49014],[93.77638,25.49355],[93.78568,25.49593],[93.79116,25.49362],[93.80277,25.49489],[93.80403,25.49494],[93.81006,25.48912],[93.81039,25.48584],[93.81008,25.48473],[93.8079,25.47679],[93.81062,25.47281],[93.81171,25.47218],[93.81247,25.47012],[93.81218,25.46902],[93.81038,25.46228],[93.81831,25.45899],[93.82721,25.45212],[93.83925,25.44966],[93.84101,25.44416],[93.85245,25.43376],[93.85265,25.42928],[93.85574,25.42476],[93.85756723700007,25.42406],[93.86156,25.42439],[93.86291,25.42293],[93.86624,25.41922],[93.87106,25.41168],[93.87909,25.41208],[93.88305,25.4095],[93.88494,25.40598],[93.89141,25.40181],[93.91829,25.3928],[93.92006,25.38949]]]}},{"type":"Feature","properties":{"shapeName":"Kakching","shapeISO":"","shapeID":"76128533B82279368215419","shapeGroup":"IND","shapeType":"ADM2","layer":"district"},"geometry":{"type":"Polygon","coordinates":[[[94.00790269300006,24.451460981000025],[94.01374,24.448],[94.02083,24.45228],[94.04005,24.4529],[94.04164,24.45414],[94.04084,24.46194],[94.03691,24.46885],[94.03255,24.47299],[94.0282,24.48391],[94.02843,24.50233],[94.02445,24.50579],[94.03164835800004,24.512717463000058],[94.01375399100004,24.51858235700007],[94.00525200700008,24.523591458000055],[93.98490146800003,24.527179113000045],[93.97352494300009,24.535267728000065],[93.96284225300008,24.52756002700005],[93.95429238300005,24.533088967000026],[93.94970413500005,24.533573198000056],[93.94668249800009,24.535816184000055],[93.94905857500004,24.54033295800008],[93.94987353300007,24.54957918100007],[93.93508164600007,24.55199724000005],[93.92718420700004,24.555324417000065],[93.91484011500006,24.557629532000078],[93.90862152200003,24.562230484000054],[93.90819,24.56136],[93.90245,24.5526],[93.89981,24.55104],[93.89119,24.55294],[93.88424,24.55019],[93.88195,24.54933],[93.87487,24.54788],[93.87143,24.54505],[93.87157,24.54115],[93.86862,24.53504],[93.87207,24.51417],[93.87606,24.50933],[93.87671,24.50432],[93.88271,24.50224],[93.88429,24.4978],[93.88359,24.49171],[93.88595,24.48747],[93.88318,24.48162],[93.88278,24.47871],[93.88381,24.47256],[93.88078,24.47031],[93.87647,24.46263],[93.87146,24.4601],[93.86805,24.46003],[93.86722,24.45971],[93.86419,24.45838],[93.85997,24.45155],[93.85938,24.43919],[93.85677,24.43737],[93.85445,24.43045],[93.85141,24.42885],[93.84682,24.42076],[93.84978,24.41395],[93.84427,24.40231],[93.84625,24.40095],[93.84629,24.39397],[93.84887,24.39129],[93.8507,24.38125],[93.8498,24.37996],[93.84968,24.37956],[93.85008,24.37815],[93.85048,24.37689],[93.85215,24.37399],[93.85162,24.37144],[93.85135,24.37108],[93.85147,24.36733],[93.85187,24.3672],[93.85433,24.36149],[93.8592,24.35753],[93.85813,24.35282],[93.86079,24.3498],[93.86096,24.34314],[93.86303,24.34203],[93.86378,24.33419],[93.86595,24.33197],[93.86478,24.32523],[93.8657,24.32263],[93.86569,24.32192],[93.86465,24.31791],[93.86213,24.31525],[93.86493,24.3151],[93.86754,24.31281],[93.87051,24.3019],[93.86909,24.30053],[93.87181,24.29643],[93.86932,24.29225],[93.87125,24.29131],[93.8713,24.28894],[93.87471,24.29115],[93.88315,24.28593],[93.88292,24.28174],[93.87612,24.26294],[93.87701,24.23989],[93.88818,24.23457],[93.89348,24.23478],[93.89571,24.23711],[93.89635,24.24141],[93.89181,24.24498],[93.88782,24.24568],[93.8873,24.2479],[93.89818,24.25437],[93.90673,24.25102],[93.911,24.23921],[93.91512,24.23366],[93.92168,24.23494],[93.92138,24.24618],[93.91142,24.26151],[93.89715,24.27331],[93.89646,24.27735],[93.90085,24.2816],[93.89534,24.28524],[93.89497,24.29817],[93.9049,24.29719],[93.90994,24.30379],[93.9087,24.30889],[93.9037,24.31521],[93.90263,24.31913],[93.90402,24.32342],[93.908,24.32576],[93.90831,24.32863],[93.90717,24.33626],[93.90101,24.35026],[93.907,24.36021],[93.90558,24.36636],[93.90983,24.37914],[93.91107,24.38067],[93.91514,24.37935],[93.91707,24.37693],[93.91905,24.37767],[93.92427,24.38873],[93.92622,24.40784],[93.93104,24.40789],[93.93672,24.40309],[93.94168,24.40241],[93.94355,24.40616],[93.93807,24.41251],[93.93989,24.4174],[93.94718,24.42144],[93.95167,24.41839],[93.95584,24.41921],[93.95507,24.42389],[93.94677,24.43049],[93.94507,24.43431],[93.95727,24.439],[93.96066,24.44165],[93.96106,24.44453],[93.95854,24.44853],[93.96359,24.45252],[93.96849,24.45969],[93.96807,24.46569],[93.97163,24.47244],[93.96905,24.48796],[93.96988,24.49019],[93.97962,24.49099],[93.98331,24.48824],[93.98375,24.4842],[93.98155,24.47895],[93.98569,24.46875],[93.99098,24.4681],[93.99803,24.47125],[94.00497,24.46872],[94.00723,24.46546],[94.00094,24.45941],[93.9991,24.45419],[94.00224,24.4512],[94.00790269300006,24.451460981000025]]]}},{"type":"Feature","properties":{"shapeName":"Jiribam","shapeISO":"","shapeID":"76128533B64881202564500","shapeGroup":"IND","shapeType":"ADM2","layer":"district"},"geometry":{"type":"Polygon","coordinates":[[[93.05911,24.57193],[93.08057,24.56584],[93.09305,24.55917],[93.10411,24.55844],[93.11563,24.55496],[93.12876,24.55508],[93.13965,24.56555],[93.14645,24.5791],[93.14631,24.58257],[93.1434,24.58484],[93.13478,24.58714],[93.12712,24.59175],[93.11515,24.59583],[93.1103,24.60207],[93.10732,24.62014],[93.10723,24.63847],[93.11115,24.66541],[93.12127,24.69115],[93.13197,24.70498],[93.1378,24.7179],[93.14706,24.72897],[93.15158,24.74472],[93.15724,24.75713],[93.16008,24.76931],[93.16298,24.77326],[93.17468,24.77805],[93.18578,24.77678],[93.20254,24.77856],[93.21335,24.78593],[93.22257,24.80543],[93.22449,24.81511],[93.23531,24.83405],[93.234,24.84401],[93.23189,24.84822],[93.21789,24.85855],[93.21237,24.85874],[93.20393,24.85208],[93.19818,24.85459],[93.19531,24.85333],[93.19963,24.84705],[93.19964,24.84077],[93.1939,24.84328],[93.19246,24.84076],[93.19534,24.837],[93.19822,24.83826],[93.19965,24.837],[93.19679,24.83323],[93.19249,24.83448],[93.19106,24.83323],[93.19107,24.83071],[93.19537,24.83071],[93.18966,24.8194],[93.19397,24.81312],[93.19685,24.81187],[93.19113,24.80307],[93.17966,24.8018],[93.17682,24.793],[93.17394,24.79426],[93.1725,24.80054],[93.15962,24.79424],[93.15104,24.7867],[93.14958,24.79297],[93.14096,24.79799],[93.1352,24.80804],[93.12948,24.803],[93.12516,24.80551],[93.11944,24.80551],[93.118,24.80801],[93.12084,24.81179],[93.12082,24.81681],[93.10938,24.80926],[93.10796,24.80674],[93.11086,24.79921],[93.10661,24.7879],[93.10374,24.78538],[93.10376,24.78159],[93.10519,24.78035],[93.09996,24.77551],[93.10093,24.7703],[93.10382,24.76654],[93.09814,24.75146],[93.09816,24.74769],[93.09959,24.74643],[93.09675,24.7414],[93.09962,24.73889],[93.10105,24.74016],[93.10103,24.74392],[93.1039,24.74267],[93.10535,24.73891],[93.1025,24.73388],[93.09536,24.72884],[93.09537,24.72507],[93.09253,24.7213],[93.0911,24.7213],[93.09253,24.71753],[93.09113,24.71251],[93.08686,24.70622],[93.07681,24.71123],[93.07397,24.70746],[93.09125,24.68488],[93.08986,24.67484],[93.0913,24.67358],[93.09987,24.67736],[93.10273,24.67611],[93.10275,24.67234],[93.09566,24.65978],[93.0943,24.64974],[93.08571,24.64911],[93.08288,24.64471],[93.08731,24.63093],[93.08739,24.62466],[93.07735,24.62339],[93.07742,24.61838],[93.08472,24.61088],[93.08476,24.60837],[93.07477,24.60082],[93.07342,24.59329],[93.0778,24.58955],[93.08652,24.58707],[93.09662,24.58835],[93.10239,24.5846],[93.10491,24.58056],[93.09522,24.57956],[93.08509,24.56822],[93.07642,24.57197],[93.06919,24.57321],[93.05911,24.57193]]]}}]}