village_id,state,district,block,gram_panchayat,village,population,households,eligible_households,housing_eligible,housing_covered,housing_coverage,health_eligible,health_covered,health_coverage,water_eligible,water_covered,water_coverage,welfare_eligible,welfare_covered,welfare_coverage,pending_cases,pending_rate,historical_water_coverage,historical_health_coverage,historical_housing_coverage,historical_welfare_coverage,latitude,longitude,data_date
MAN-BIS-01-001,Manipur,Bishnupur,Bishnupur,Bishnupur Local Council Group 01,Bishnupur Demo Village 001,371,61,48,37,36,97.30,45,38,84.44,40,35,87.50,45,39,86.67,5,10.42,82.5,83.44,97.3,82.67,24.560263,93.867276,2025-03-31
MAN-BIS-01-002,Manipur,Bishnupur,Bishnupur,Bishnupur Local Council Group 01,Bishnupur Demo Village 002,2920,490,336,275,226,82.18,276,199,72.10,311,143,45.98,318,223,70.13,5,1.49,46.98,74.1,80.18,75.13,24.532882,93.725797,2025-03-31
MAN-BIS-01-003,Manipur,Bishnupur,Bishnupur,Bishnupur Local Council Group 01,Bishnupur Demo Village 003,213,56,47,37,31,83.78,41,14,34.15,44,34,77.27,43,37,86.05,3,6.38,73.27,33.15,83.78,81.05,24.529954,93.761476,2025-03-31
MAN-BIS-01-004,Manipur,Bishnupur,Bishnupur,Bishnupur Local Council Group 01,Bishnupur Demo Village 004,1268,212,194,185,81,43.78,153,133,86.93,156,142,91.03,162,144,88.89,36,18.56,85.03,90.93,38.78,85.89,24.714271,93.670324,2025-03-31
MAN-BIS-01-005,Manipur,Bishnupur,Bishnupur,Bishnupur Local Council Group 01,Bishnupur Demo Village 005,618,116,96,96,71,73.96,94,86,91.49,84,66,78.57,79,26,32.91,13,13.54,79.57,97.49,67.96,36.91,24.701768,93.738922,2025-03-31
MAN-BIS-01-006,Manipur,Bishnupur,Bishnupur,Bishnupur Local Council Group 02,Bishnupur Demo Village 006,3871,692,519,395,213,53.92,413,140,33.90,417,129,30.94,419,126,30.07,97,18.69,29.94,39.9,48.92,34.07,24.692317,93.67846,2025-03-31
MAN-BIS-01-007,Manipur,Bishnupur,Bishnupur,Bishnupur Local Council Group 02,Bishnupur Demo Village 007,2311,391,361,349,314,89.97,299,209,69.90,261,222,85.06,357,275,77.03,112,31.02,85.06,70.9,94.97,78.03,24.636177,93.751943,2025-03-31
MAN-BIS-01-008,Manipur,Bishnupur,Bishnupur,Bishnupur Local Council Group 02,Bishnupur Demo Village 008,2492,641,464,372,223,59.95,430,280,65.12,393,310,78.88,442,274,61.99,39,8.41,99.0,87.12,86.95,82.99,24.582116,93.666036,2025-03-31
MAN-BIS-01-009,Manipur,Bishnupur,Bishnupur,Bishnupur Local Council Group 02,Bishnupur Demo Village 009,528,125,91,69,66,95.65,73,31,42.47,71,62,87.32,77,32,41.56,3,3.30,86.32,36.47,91.65,39.56,24.634264,93.773419,2025-03-31
MAN-BIS-01-010,Manipur,Bishnupur,Bishnupur,Bishnupur Local Council Group 02,Bishnupur Demo Village 010,4462,775,739,634,520,82.02,581,401,69.02,665,539,81.05,670,462,68.96,110,14.88,80.05,70.02,88.02,71.96,24.536356,93.724783,2025-03-31
MAN-BIS-01-011,Manipur,Bishnupur,Bishnupur,Bishnupur Local Council Group 03,Bishnupur Demo Village 011,2512,537,511,412,317,76.94,441,295,66.89,385,285,74.03,372,201,54.03,86,16.83,78.03,60.89,72.94,54.03,24.634794,93.661949,2025-03-31
MAN-BIS-01-012,Manipur,Bishnupur,Bishnupur,Bishnupur Local Council Group 03,Bishnupur Demo Village 012,1658,418,409,350,318,90.86,409,286,69.93,332,305,91.87,337,233,69.14,57,13.94,91.87,70.93,92.86,72.14,24.501204,93.807839,2025-03-31
MAN-BIS-01-013,Manipur,Bishnupur,Bishnupur,Bishnupur Local Council Group 03,Bishnupur Demo Village 013,1544,364,360,355,337,94.93,296,269,90.88,349,325,93.12,343,295,86.01,69,19.17,88.12,86.88,90.93,86.01,24.69938,93.773617,2025-03-31
MAN-BIS-01-014,Manipur,Bishnupur,Bishnupur,Bishnupur Local Council Group 03,Bishnupur Demo Village 014,2789,542,435,383,322,84.07,412,309,75.00,363,156,42.98,330,248,75.15,63,14.48,44.98,78.0,87.07,78.15,24.512521,93.849931,2025-03-31
MAN-BIS-01-015,Manipur,Bishnupur,Bishnupur,Bishnupur Local Council Group 03,Bishnupur Demo Village 015,2731,508,475,380,300,78.95,361,166,45.98,359,291,81.06,362,253,69.89,9,1.89,78.06,39.98,82.95,73.89,24.511021,93.85794,2025-03-31
MAN-BIS-01-016,Manipur,Bishnupur,Bishnupur,Bishnupur Local Council Group 04,Bishnupur Demo Village 016,622,104,104,97,41,42.27,94,78,82.98,80,59,73.75,97,88,90.72,16,15.38,68.75,85.98,46.27,85.72,24.628744,93.77943,2025-03-31
MAN-BIS-01-017,Manipur,Bishnupur,Bishnupur,Bishnupur Local Council Group 04,Bishnupur Demo Village 017,702,158,130,102,73,71.57,97,79,81.44,115,84,73.04,104,35,33.65,21,16.15,71.04,75.44,71.57,34.65,24.600058,93.668075,2025-03-31
MAN-BIS-01-018,Manipur,Bishnupur,Bishnupur,Bishnupur Local Council Group 04,Bishnupur Demo Village 018,2437,489,327,247,133,53.85,295,133,45.08,283,88,31.10,299,117,39.13,62,18.96,28.1,48.08,58.85,43.13,24.630733,93.880522,2025-03-31
MAN-BIS-01-019,Manipur,Bishnupur,Bishnupur,Bishnupur Local Council Group 04,Bishnupur Demo Village 019,244,61,47,36,29,80.56,34,31,91.18,40,34,85.00,44,40,90.91,16,34.04,85.0,93.18,78.56,87.91,24.711358,93.799631,2025-03-31
MAN-BIS-01-020,Manipur,Bishnupur,Bishnupur,Bishnupur Local Council Group 04,Bishnupur Demo Village 020,609,162,132,115,76,66.09,109,81,74.31,115,90,78.26,121,83,68.60,7,5.30,99.0,99.0,86.09,91.6,24.643926,93.763484,2025-03-31
MAN-BIS-01-021,Manipur,Bishnupur,Bishnupur,Bishnupur Local Council Group 05,Bishnupur Demo Village 021,464,100,92,78,69,88.46,73,28,38.36,84,72,85.71,81,36,44.44,11,11.96,80.71,32.36,85.46,43.44,24.528672,93.825264,2025-03-31
MAN-BIS-01-022,Manipur,Bishnupur,Bishnupur,Bishnupur Local Council Group 05,Bishnupur Demo Village 022,2531,591,517,400,328,82.00,374,258,68.98,513,374,72.90,398,346,86.93,6,1.16,76.9,74.98,84.0,88.93,24.673346,93.821626,2025-03-31
MAN-BIS-01-023,Manipur,Bishnupur,Bishnupur,Bishnupur Local Council Group 05,Bishnupur Demo Village 023,3071,725,596,533,298,55.91,463,250,54.00,575,339,58.96,569,307,53.95,102,17.11,60.96,51.0,61.91,57.95,24.702888,93.85806,2025-03-31
MAN-BIS-01-024,Manipur,Bishnupur,Bishnupur,Bishnupur Local Council Group 05,Bishnupur Demo Village 024,4458,748,464,339,271,79.94,349,314,89.97,366,293,80.05,436,344,78.90,72,15.52,78.05,93.97,79.94,74.9,24.670909,93.887721,2025-03-31
MAN-BIS-01-025,Manipur,Bishnupur,Bishnupur,Bishnupur Local Council Group 05,Bishnupur Demo Village 025,1176,281,266,212,191,90.09,211,184,87.20,226,217,96.02,216,205,94.91,18,6.77,94.02,86.2,86.09,91.91,24.719808,93.72957,2025-03-31
MAN-BIS-02-001,Manipur,Bishnupur,Moirang,Moirang Local Council Group 01,Moirang Demo Village 001,2156,439,328,288,236,81.94,280,224,80.00,295,97,32.88,251,226,90.04,51,15.55,28.88,80.0,83.94,88.04,24.666931,93.877166,2025-03-31
MAN-BIS-02-002,Manipur,Bishnupur,Moirang,Moirang Local Council Group 01,Moirang Demo Village 002,2217,544,392,287,224,78.05,387,170,43.93,379,311,82.06,322,229,71.12,14,3.57,86.06,43.93,81.05,73.12,24.603899,93.671353,2025-03-31
MAN-BIS-02-003,Manipur,Bishnupur,Moirang,Moirang Local Council Group 01,Moirang Demo Village 003,1193,285,193,184,81,44.02,175,152,86.86,159,143,89.94,171,125,73.10,15,7.77,93.94,86.86,45.02,75.1,24.565788,93.677196,2025-03-31
MAN-BIS-02-004,Manipur,Bishnupur,Moirang,Moirang Local Council Group 01,Moirang Demo Village 004,1746,292,234,227,173,76.21,170,146,85.88,227,168,74.01,176,49,27.84,27,11.54,74.01,88.88,75.21,32.84,24.57293,93.709069,2025-03-31
MAN-BIS-02-005,Manipur,Bishnupur,Moirang,Moirang Local Council Group 01,Moirang Demo Village 005,528,99,83,75,36,48.00,76,41,53.95,81,33,40.74,72,25,34.72,20,24.10,34.74,57.95,47.0,35.72,24.718505,93.725281,2025-03-31
MAN-BIS-02-006,Manipur,Bishnupur,Moirang,Moirang Local Council Group 02,Moirang Demo Village 006,2797,734,647,509,392,77.01,589,489,83.02,605,454,75.04,547,498,91.04,260,40.19,74.04,81.02,81.01,85.04,24.547546,93.683584,2025-03-31
MAN-BIS-02-007,Manipur,Bishnupur,Moirang,Moirang Local Council Group 02,Moirang Demo Village 007,1107,256,246,230,166,72.17,231,189,81.82,184,138,75.00,244,151,61.89,8,3.25,95.0,99.0,99.0,87.89,24.549847,93.743992,2025-03-31
MAN-BIS-02-008,Manipur,Bishnupur,Moirang,Moirang Local Council Group 02,Moirang Demo Village 008,230,42,33,25,24,96.00,27,10,37.04,29,24,82.76,25,12,48.00,1,3.03,86.76,38.04,99.0,43.0,24.539172,93.699818,2025-03-31
MAN-BIS-02-009,Manipur,Bishnupur,Moirang,Moirang Local Council Group 02,Moirang Demo Village 009,2624,582,551,495,401,81.01,508,411,80.91,470,343,72.98,463,431,93.09,45,8.17,72.98,75.91,81.01,95.09,24.66637,93.761815,2025-03-31
MAN-BIS-02-010,Manipur,Bishnupur,Moirang,Moirang Local Council Group 02,Moirang Demo Village 010,2291,393,290,218,133,61.01,261,136,52.11,242,133,54.96,259,137,52.90,14,4.83,56.96,49.11,58.01,54.9,24.620263,93.8045,2025-03-31
MAN-BIS-02-011,Manipur,Bishnupur,Moirang,Moirang Local Council Group 03,Moirang Demo Village 011,3018,561,487,457,347,75.93,382,279,73.04,379,337,88.92,428,381,89.02,77,15.81,88.92,75.04,80.93,89.02,24.576002,93.818866,2025-03-31
MAN-BIS-02-012,Manipur,Bishnupur,Moirang,Moirang Local Council Group 03,Moirang Demo Village 012,2731,630,599,463,412,88.98,510,464,90.98,484,445,91.94,555,494,89.01,56,9.35,86.94,89.98,86.98,87.01,24.665106,93.665274,2025-03-31
MAN-BIS-02-013,Manipur,Bishnupur,Moirang,Moirang Local Council Group 03,Moirang Demo Village 013,2140,377,243,221,161,72.85,240,216,90.00,212,68,32.08,242,203,83.88,31,12.76,33.08,90.0,77.85,78.88,24.679802,93.719459,2025-03-31
MAN-BIS-02-014,Manipur,Bishnupur,Moirang,Moirang Local Council Group 03,Moirang Demo Village 014,1404,332,208,205,160,78.05,153,72,47.06,151,133,88.08,201,159,79.10,3,1.44,92.08,48.06,83.05,81.1,24.50213,93.785261,2025-03-31
MAN-BIS-02-015,Manipur,Bishnupur,Moirang,Moirang Local Council Group 03,Moirang Demo Village 015,2003,408,361,336,128,38.10,352,268,76.14,310,279,90.00,349,293,83.95,38,10.53,91.0,71.14,44.1,81.95,24.649177,93.844437,2025-03-31
MAN-BIS-02-016,Manipur,Bishnupur,Moirang,Moirang Local Council Group 04,Moirang Demo Village 016,1712,417,405,350,248,70.86,309,229,74.11,358,290,81.01,308,111,36.04,10,2.47,82.01,78.11,66.86,38.04,24.535497,93.668739,2025-03-31
MAN-BIS-02-017,Manipur,Bishnupur,Moirang,Moirang Local Council Group 04,Moirang Demo Village 017,1048,249,159,157,58,36.94,137,67,48.91,127,65,51.18,130,68,52.31,45,28.30,50.18,45.91,41.94,55.31,24.579042,93.861946,2025-03-31
MAN-BIS-02-018,Manipur,Bishnupur,Moirang,Moirang Local Council Group 04,Moirang Demo Village 018,4551,748,702,702,611,87.04,563,383,68.03,544,457,84.01,666,453,68.02,194,27.64,85.01,62.03,88.04,64.02,24.54004,93.711932,2025-03-31
MAN-BIS-02-019,Manipur,Bishnupur,Moirang,Moirang Local Council Group 04,Moirang Demo Village 019,813,175,145,116,84,72.41,120,73,60.83,122,73,59.84,124,102,82.26,6,4.14,86.84,88.83,94.41,99.0,24.672477,93.657553,2025-03-31
MAN-BIS-02-020,Manipur,Bishnupur,Moirang,Moirang Local Council Group 04,Moirang Demo Village 020,2525,565,446,411,370,90.02,387,190,49.10,442,389,88.01,375,165,44.00,14,3.14,89.01,44.1,84.02,50.0,24.546058,93.718787,2025-03-31
MAN-BIS-02-021,Manipur,Bishnupur,Moirang,Moirang Local Council Group 05,Moirang Demo Village 021,1296,246,224,189,161,85.19,199,155,77.89,190,163,85.79,190,175,92.11,24,10.71,80.79,71.89,91.19,87.11,24.696371,93.778738,2025-03-31
MAN-BIS-02-022,Manipur,Bishnupur,Moirang,Moirang Local Council Group 05,Moirang Demo Village 022,1618,423,418,393,224,57.00,353,247,69.97,324,178,54.94,326,183,56.13,9,2.15,53.94,68.97,52.0,51.13,24.577631,93.66637,2025-03-31
MAN-BIS-02-023,Manipur,Bishnupur,Moirang,Moirang Local Council Group 05,Moirang Demo Village 023,1904,331,209,182,146,80.22,192,157,81.77,174,148,85.06,208,144,69.23,40,19.14,79.06,79.77,78.22,70.23,24.655459,93.885426,2025-03-31
MAN-BIS-02-024,Manipur,Bishnupur,Moirang,Moirang Local Council Group 05,Moirang Demo Village 024,3224,538,417,318,289,90.88,315,274,86.98,353,300,84.99,345,314,91.01,61,14.63,83.99,86.98,88.88,86.01,24.591456,93.84001,2025-03-31
MAN-BIS-02-025,Manipur,Bishnupur,Moirang,Moirang Local Council Group 05,Moirang Demo Village 025,717,188,129,121,86,71.07,94,68,72.34,126,44,34.92,118,88,74.58,13,10.08,39.92,74.34,71.07,73.58,24.549671,93.795836,2025-03-31
MAN-BIS-03-001,Manipur,Bishnupur,Nambol,Nambol Local Council Group 01,Nambol Demo Village 001,2127,488,383,369,284,76.96,281,121,43.06,349,307,87.97,383,314,81.98,72,18.80,82.97,41.06,76.96,86.98,24.624376,93.658576,2025-03-31
MAN-BIS-03-002,Manipur,Bishnupur,Nambol,Nambol Local Council Group 01,Nambol Demo Village 002,2511,645,493,483,140,28.99,480,427,88.96,374,266,71.12,449,382,85.08,77,15.62,74.12,88.96,29.99,86.08,24.500519,93.706056,2025-03-31
MAN-BIS-03-003,Manipur,Bishnupur,Nambol,Nambol Local Council Group 01,Nambol Demo Village 003,1636,302,253,218,185,84.86,205,160,78.05,253,195,77.08,187,65,34.76,12,4.74,77.08,79.05,90.86,33.76,24.663693,93.806441,2025-03-31
MAN-BIS-03-004,Manipur,Bishnupur,Nambol,Nambol Local Council Group 01,Nambol Demo Village 004,3097,589,476,462,203,43.94,365,128,35.07,445,254,57.08,387,186,48.06,155,32.56,56.08,40.07,41.94,50.06,24.581803,93.803172,2025-03-31
MAN-BIS-03-005,Manipur,Bishnupur,Nambol,Nambol Local Council Group 01,Nambol Demo Village 005,1950,386,320,287,250,87.11,285,231,81.05,317,228,71.92,259,236,91.12,95,29.69,76.92,81.05,88.11,89.12,24.52981,93.780794,2025-03-31
MAN-BIS-03-006,Manipur,Bishnupur,Nambol,Nambol Local Council Group 02,Nambol Demo Village 006,623,104,91,87,60,68.97,81,61,75.31,86,56,65.12,79,51,64.56,3,3.30,83.12,99.0,82.97,83.56,24.6134,93.716609,2025-03-31
MAN-BIS-03-007,Manipur,Bishnupur,Nambol,Nambol Local Council Group 02,Nambol Demo Village 007,3487,577,382,382,351,91.88,315,98,31.11,328,298,90.85,303,155,51.16,27,7.07,90.85,31.11,92.88,55.16,24.511975,93.720864,2025-03-31
MAN-BIS-03-008,Manipur,Bishnupur,Nambol,Nambol Local Council Group 02,Nambol Demo Village 008,4421,760,507,458,376,82.10,382,298,78.01,490,387,78.98,383,287,74.93,9,1.78,81.98,84.01,80.1,71.93,24.541807,93.887129,2025-03-31
MAN-BIS-03-009,Manipur,Bishnupur,Nambol,Nambol Local Council Group 02,Nambol Demo Village 009,1883,465,357,260,138,53.08,315,151,47.94,340,160,47.06,338,203,60.06,66,18.49,50.06,50.94,58.08,63.06,24.705248,93.854797,2025-03-31
MAN-BIS-03-010,Manipur,Bishnupur,Nambol,Nambol Local Council Group 02,Nambol Demo Village 010,1136,195,170,132,100,75.76,122,88,72.13,123,114,92.68,141,124,87.94,13,7.65,87.68,72.13,79.76,82.94,24.52945,93.815605,2025-03-31
MAN-BIS-03-011,Manipur,Bishnupur,Nambol,Nambol Local Council Group 03,Nambol Demo Village 011,2411,491,341,325,286,88.00,268,241,89.93,288,265,92.01,285,245,85.96,13,3.81,92.01,88.93,85.0,85.96,24.592092,93.849505,2025-03-31
MAN-BIS-03-012,Manipur,Bishnupur,Nambol,Nambol Local Council Group 03,Nambol Demo Village 012,1026,207,155,133,94,70.68,123,107,86.99,150,75,50.00,129,103,79.84,15,9.68,49.0,82.99,71.68,80.84,24.523972,93.710759,2025-03-31
MAN-BIS-03-013,Manipur,Bishnupur,Nambol,Nambol Local Council Group 03,Nambol Demo Village 013,1879,412,374,342,280,81.87,286,132,46.15,326,274,84.05,345,276,80.00,24,6.42,81.05,41.15,81.87,80.0,24.549654,93.691837,2025-03-31
MAN-BIS-03-014,Manipur,Bishnupur,Nambol,Nambol Local Council Group 03,Nambol Demo Village 014,1457,239,174,168,49,29.17,173,144,83.24,141,120,85.11,162,146,90.12,33,18.97,85.11,85.24,23.17,92.12,24.552839,93.651168,2025-03-31
MAN-BIS-03-015,Manipur,Bishnupur,Nambol,Nambol Local Council Group 03,Nambol Demo Village 015,1091,218,201,191,160,83.77,190,160,84.21,179,159,88.83,151,62,41.06,24,11.94,89.83,87.21,89.77,44.06,24.567643,93.879841,2025-03-31
MAN-BIS-03-016,Manipur,Bishnupur,Nambol,Nambol Local Council Group 04,Nambol Demo Village 016,2388,547,514,500,260,52.00,493,261,52.94,446,187,41.93,375,169,45.07,129,25.10,44.93,58.94,54.0,40.07,24.6819,93.736437,2025-03-31
MAN-BIS-03-017,Manipur,Bishnupur,Nambol,Nambol Local Council Group 04,Nambol Demo Village 017,564,117,87,63,52,82.54,68,61,89.71,77,69,89.61,67,54,80.60,28,32.18,88.61,90.71,80.54,84.6,24.557095,93.725714,2025-03-31
MAN-BIS-03-018,Manipur,Bishnupur,Nambol,Nambol Local Council Group 04,Nambol Demo Village 018,1155,286,279,244,188,77.05,209,146,69.86,236,144,61.02,273,197,72.16,19,6.81,83.02,92.86,99.0,99.0,24.577196,93.744097,2025-03-31
MAN-BIS-03-019,Manipur,Bishnupur,Nambol,Nambol Local Council Group 04,Nambol Demo Village 019,2724,452,341,277,258,93.14,249,122,49.00,322,274,85.09,278,136,48.92,41,12.02,81.09,44.0,91.14,43.92,24.597627,93.688058,2025-03-31
MAN-BIS-03-020,Manipur,Bishnupur,Nambol,Nambol Local Council Group 04,Nambol Demo Village 020,1705,422,271,215,161,74.88,198,170,85.86,252,237,94.05,196,167,85.20,33,12.18,88.05,85.86,75.88,80.2,24.589446,93.830724,2025-03-31
MAN-BIS-03-021,Manipur,Bishnupur,Nambol,Nambol Local Council Group 05,Nambol Demo Village 021,4038,761,624,519,343,66.09,534,374,70.04,555,305,54.95,512,358,69.92,100,16.03,52.95,74.04,61.09,71.92,24.602853,93.875047,2025-03-31
MAN-BIS-03-022,Manipur,Bishnupur,Nambol,Nambol Local Council Group 05,Nambol Demo Village 022,861,160,159,115,102,88.70,150,110,73.33,157,127,80.89,129,103,79.84,9,5.66,79.89,77.33,91.7,76.84,24.672513,93.801271,2025-03-31
MAN-BIS-03-023,Manipur,Bishnupur,Nambol,Nambol Local Council Group 05,Nambol Demo Village 023,1567,266,249,232,216,93.10,217,182,83.87,192,175,91.15,236,222,94.07,26,10.44,91.15,81.87,92.1,93.07,24.59694,93.807144,2025-03-31
MAN-BIS-03-024,Manipur,Bishnupur,Nambol,Nambol Local Council Group 05,Nambol Demo Village 024,2794,584,559,502,432,86.06,443,323,72.91,511,199,38.94,532,436,81.95,92,16.46,40.94,71.91,92.06,76.95,24.513936,93.806592,2025-03-31
MAN-BIS-03-025,Manipur,Bishnupur,Nambol,Nambol Local Council Group 05,Nambol Demo Village 025,1937,407,327,240,199,82.92,268,134,50.00,287,207,72.13,254,178,70.08,28,8.56,70.13,44.0,88.92,71.08,24.620893,93.698696,2025-03-31
MAN-BIS-04-001,Manipur,Bishnupur,Kumbi,Kumbi Local Council Group 01,Kumbi Demo Village 001,1847,400,291,233,70,30.04,281,228,81.14,266,202,75.94,262,225,85.88,4,1.37,80.94,83.14,28.04,91.88,24.710824,93.865764,2025-03-31
MAN-BIS-04-002,Manipur,Bishnupur,Kumbi,Kumbi Local Council Group 01,Kumbi Demo Village 002,2298,552,451,363,309,85.12,359,294,81.89,399,363,90.98,416,154,37.02,90,19.96,92.98,76.89,84.12,41.02,24.504114,93.811403,2025-03-31
MAN-BIS-04-003,Manipur,Bishnupur,Kumbi,Kumbi Local Council Group 01,Kumbi Demo Village 003,2167,465,436,323,152,47.06,429,133,31.00,414,203,49.03,331,122,36.86,141,32.34,48.03,30.0,42.06,31.86,24.710409,93.884769,2025-03-31
MAN-BIS-04-004,Manipur,Bishnupur,Kumbi,Kumbi Local Council Group 01,Kumbi Demo Village 004,2990,646,568,498,398,79.92,413,322,77.97,446,303,67.94,565,475,84.07,166,29.23,63.94,72.97,84.92,80.07,24.654214,93.799008,2025-03-31
MAN-BIS-04-005,Manipur,Bishnupur,Kumbi,Kumbi Local Council Group 01,Kumbi Demo Village 005,1708,411,345,278,181,65.11,336,222,66.07,276,174,63.04,293,211,72.01,35,10.14,86.04,85.07,91.11,95.01,24.69059,93.783451,2025-03-31
MAN-BIS-04-006,Manipur,Bishnupur,Kumbi,Kumbi Local Council Group 02,Kumbi Demo Village 006,2110,391,370,342,318,92.98,280,112,40.00,356,345,96.91,294,135,45.92,41,11.08,99.0,38.0,97.98,43.92,24.715856,93.753793,2025-03-31
MAN-BIS-04-007,Manipur,Bishnupur,Kumbi,Kumbi Local Council Group 02,Kumbi Demo Village 007,3540,611,391,372,342,91.94,311,277,89.07,361,278,77.01,381,297,77.95,62,15.86,81.01,95.07,96.94,82.95,24.539879,93.737806,2025-03-31
MAN-BIS-04-008,Manipur,Bishnupur,Kumbi,Kumbi Local Council Group 02,Kumbi Demo Village 008,3522,753,521,423,233,55.08,498,279,56.02,475,242,50.95,473,218,46.09,12,2.30,52.95,50.02,53.08,52.09,24.636117,93.844534,2025-03-31
MAN-BIS-04-009,Manipur,Bishnupur,Kumbi,Kumbi Local Council Group 02,Kumbi Demo Village 009,2613,694,519,421,362,85.99,447,393,87.92,502,397,79.08,386,332,86.01,33,6.36,81.08,92.92,87.99,89.01,24.714412,93.675595,2025-03-31
MAN-BIS-04-010,Manipur,Bishnupur,Kumbi,Kumbi Local Council Group 02,Kumbi Demo Village 010,220,53,37,32,31,96.88,32,29,90.63,33,29,87.88,33,31,93.94,6,16.22,86.88,90.63,91.88,90.94,24.534975,93.753278,2025-03-31
MAN-BIS-04-011,Manipur,Bishnupur,Kumbi,Kumbi Local Council Group 03,Kumbi Demo Village 011,224,48,30,26,22,84.62,29,24,82.76,28,13,46.43,25,22,88.00,4,13.33,52.43,76.76,86.62,88.0,24.650086,93.724698,2025-03-31
MAN-BIS-04-012,Manipur,Bishnupur,Kumbi,Kumbi Local Council Group 03,Kumbi Demo Village 012,3234,642,414,358,319,89.11,402,129,32.09,319,249,78.06,387,302,78.04,71,17.15,79.06,31.09,86.11,82.04,24.664879,93.785481,2025-03-31
MAN-BIS-04-013,Manipur,Bishnupur,Kumbi,Kumbi Local Council Group 03,Kumbi Demo Village 013,1918,318,254,248,92,37.10,246,197,80.08,196,149,76.02,246,194,78.86,28,11.02,72.02,85.08,43.1,79.86,24.533068,93.819365,2025-03-31
MAN-BIS-04-014,Manipur,Bishnupur,Kumbi,Kumbi Local Council Group 03,Kumbi Demo Village 014,1393,375,296,268,198,73.88,290,241,83.10,233,163,69.96,233,68,29.18,44,14.86,70.96,77.1,76.88,34.18,24.70852,93.661409,2025-03-31
MAN-BIS-04-015,Manipur,Bishnupur,Kumbi,Kumbi Local Council Group 03,Kumbi Demo Village 015,1430,378,340,256,87,33.98,268,83,30.97,308,151,49.03,246,128,52.03,94,27.65,50.03,24.97,32.98,50.03,24.506824,93.771556,2025-03-31
MAN-BIS-04-016,Manipur,Bishnupur,Kumbi,Kumbi Local Council Group 04,Kumbi Demo Village 016,3268,601,495,373,265,71.05,491,442,90.02,452,398,88.05,395,352,89.11,138,27.88,94.05,86.02,76.05,93.11,24.702369,93.86866,2025-03-31
MAN-BIS-04-017,Manipur,Bishnupur,Kumbi,Kumbi Local Council Group 04,Kumbi Demo Village 017,795,203,146,144,121,84.03,146,98,67.12,134,91,67.91,132,98,74.24,20,13.70,96.91,91.12,99.0,91.24,24.611251,93.697205,2025-03-31
MAN-BIS-04-018,Manipur,Bishnupur,Kumbi,Kumbi Local Council Group 04,Kumbi Demo Village 018,1197,261,167,164,144,87.80,133,57,42.86,148,133,89.86,147,72,48.98,19,11.38,87.86,37.86,82.8,51.98,24.53637,93.669463,2025-03-31
MAN-BIS-04-019,Manipur,Bishnupur,Kumbi,Kumbi Local Council Group 04,Kumbi Demo Village 019,2819,727,607,553,393,71.07,522,475,91.00,555,400,72.07,477,444,93.08,117,19.28,68.07,87.0,76.07,87.08,24.591028,93.793734,2025-03-31
MAN-BIS-04-020,Manipur,Bishnupur,Kumbi,Kumbi Local Council Group 04,Kumbi Demo Village 020,3590,666,422,317,197,62.15,412,214,51.94,421,215,51.07,326,218,66.87,28,6.64,54.07,45.94,58.15,63.87,24.580464,93.697511,2025-03-31
MAN-BIS-04-021,Manipur,Bishnupur,Kumbi,Kumbi Local Council Group 05,Kumbi Demo Village 021,638,130,86,79,63,79.75,65,60,92.31,72,64,88.89,83,62,74.70,12,13.95,93.89,87.31,82.75,73.7,24.580045,93.769284,2025-03-31
MAN-BIS-04-022,Manipur,Bishnupur,Kumbi,Kumbi Local Council Group 05,Kumbi Demo Village 022,725,132,118,108,93,86.11,99,91,91.92,85,81,95.29,93,85,91.40,20,16.95,93.29,88.92,83.11,90.4,24.594257,93.701002,2025-03-31
MAN-BIS-04-023,Manipur,Bishnupur,Kumbi,Kumbi Local Council Group 05,Kumbi Demo Village 023,2996,651,609,580,476,82.07,482,352,73.03,580,209,36.03,454,372,81.94,69,11.33,33.03,76.03,87.07,75.94,24.529622,93.658524,2025-03-31
MAN-BIS-04-024,Manipur,Bishnupur,Kumbi,Kumbi Local Council Group 05,Kumbi Demo Village 024,1520,395,296,259,205,79.15,237,114,48.10,253,218,86.17,213,173,81.22,7,2.36,90.17,46.1,84.15,87.22,24.652336,93.718536,2025-03-31
MAN-BIS-04-025,Manipur,Bishnupur,Kumbi,Kumbi Local Council Group 05,Kumbi Demo Village 025,1882,354,321,292,91,31.16,246,209,84.96,300,234,78.00,236,198,83.90,27,8.41,79.0,90.96,27.16,80.9,24.528566,93.743564,2025-03-31
MAN-BIS-05-001,Manipur,Bishnupur,Ningthoukhong,Ningthoukhong Local Council Group 01,Ningthoukhong Demo Village 001,2960,498,493,447,393,87.92,385,331,85.97,472,335,70.97,407,167,41.03,84,17.04,75.97,89.97,92.92,43.03,24.565978,93.772943,2025-03-31
MAN-BIS-05-002,Manipur,Bishnupur,Ningthoukhong,Ningthoukhong Local Council Group 01,Ningthoukhong Demo Village 002,4227,703,449,410,164,40.00,437,153,35.01,353,113,32.01,445,169,37.98,118,26.28,37.01,36.01,37.0,41.98,24.53128,93.65558,2025-03-31
MAN-BIS-05-003,Manipur,Bishnupur,Ningthoukhong,Ningthoukhong Local Council Group 01,Ningthoukhong Demo Village 003,1014,193,129,96,70,72.92,116,104,89.66,98,84,85.71,127,93,73.23,38,29.46,87.71,83.66,74.92,68.23,24.719219,93.825621,2025-03-31
MAN-BIS-05-004,Manipur,Bishnupur,Ningthoukhong,Ningthoukhong Local Council Group 01,Ningthoukhong Demo Village 004,321,75,72,58,48,82.76,63,38,60.32,52,35,67.31,60,44,73.33,8,11.11,90.31,79.32,99.0,88.33,24.601479,93.708107,2025-03-31
MAN-BIS-05-005,Manipur,Bishnupur,Ningthoukhong,Ningthoukhong Local Council Group 01,Ningthoukhong Demo Village 005,2965,664,420,386,355,91.97,339,156,46.02,326,274,84.05,362,152,41.99,24,5.71,87.05,41.02,93.97,42.99,24.58512,93.782472,2025-03-31
MAN-BIS-05-006,Manipur,Bishnupur,Ningthoukhong,Ningthoukhong Local Council Group 02,Ningthoukhong Demo Village 006,857,224,175,145,122,84.14,175,161,92.00,139,114,82.01,136,95,69.85,33,18.86,76.01,92.0,83.14,66.85,24.500043,93.845328,2025-03-31
MAN-BIS-05-007,Manipur,Bishnupur,Ningthoukhong,Ningthoukhong Local Council Group 02,Ningthoukhong Demo Village 007,474,122,113,108,81,75.00,103,50,48.54,94,70,74.47,108,83,76.85,16,14.16,71.47,49.54,80.0,76.85,24.616096,93.821323,2025-03-31
MAN-BIS-05-008,Manipur,Bishnupur,Ningthoukhong,Ningthoukhong Local Council Group 02,Ningthoukhong Demo Village 008,302,76,69,59,55,93.22,50,41,82.00,67,51,76.12,55,47,85.45,3,4.35,73.12,78.0,97.22,82.45,24.636339,93.810565,2025-03-31
MAN-BIS-05-009,Manipur,Bishnupur,Ningthoukhong,Ningthoukhong Local Council Group 02,Ningthoukhong Demo Village 009,2257,400,266,217,200,92.17,219,197,89.95,261,217,83.14,221,201,90.95,42,15.79,80.14,89.95,87.17,89.95,24.514932,93.73359,2025-03-31
MAN-BIS-05-010,Manipur,Bishnupur,Ningthoukhong,Ningthoukhong Local Council Group 02,Ningthoukhong Demo Village 010,2907,618,542,405,296,73.09,419,369,88.07,528,232,43.94,505,449,88.91,16,2.95,47.94,90.07,75.09,92.91,24.609309,93.756319,2025-03-31
MAN-BIS-05-011,Manipur,Bishnupur,Ningthoukhong,Ningthoukhong Local Council Group 03,Ningthoukhong Demo Village 011,696,126,97,72,55,76.39,97,44,45.36,89,74,83.15,81,65,80.25,19,19.59,87.15,43.36,80.39,81.25,24.55839,93.693507,2025-03-31
MAN-BIS-05-012,Manipur,Bishnupur,Ningthoukhong,Ningthoukhong Local Council Group 03,Ningthoukhong Demo Village 012,3676,612,557,433,169,39.03,478,387,80.96,424,356,83.96,451,397,88.03,76,13.64,86.96,74.96,33.03,85.03,24.677911,93.652187,2025-03-31
MAN-BIS-05-013,Manipur,Bishnupur,Ningthoukhong,Ningthoukhong Local Council Group 03,Ningthoukhong Demo Village 013,785,167,125,97,87,89.69,101,87,86.14,122,107,87.70,106,49,46.23,19,15.20,92.7,81.14,92.69,47.23,24.717342,93.866047,2025-03-31
MAN-BIS-05-014,Manipur,Bishnupur,Ningthoukhong,Ningthoukhong Local Council Group 03,Ningthoukhong Demo Village 014,1715,315,261,216,86,39.81,198,89,44.95,223,89,39.91,245,130,53.06,60,22.99,34.91,47.95,40.81,57.06,24.528958,93.66139,2025-03-31
MAN-BIS-05-015,Manipur,Bishnupur,Ningthoukhong,Ningthoukhong Local Council Group 03,Ningthoukhong Demo Village 015,2538,674,646,613,521,84.99,596,429,71.98,570,405,71.05,474,360,75.95,156,24.15,70.05,68.98,78.99,77.95,24.561439,93.731466,2025-03-31
MAN-BIS-05-016,Manipur,Bishnupur,Ningthoukhong,Ningthoukhong Local Council Group 04,Ningthoukhong Demo Village 016,181,47,43,40,25,62.50,36,26,72.22,34,23,67.65,32,25,78.13,6,13.95,90.65,99.0,90.5,99.0,24.611518,93.822371,2025-03-31
MAN-BIS-05-017,Manipur,Bishnupur,Ningthoukhong,Ningthoukhong Local Council Group 04,Ningthoukhong Demo Village 017,1580,262,216,198,186,93.94,200,68,34.00,191,168,87.96,160,56,35.00,38,17.59,92.96,37.0,90.94,34.0,24.674971,93.804499,2025-03-31
MAN-BIS-05-018,Manipur,Bishnupur,Ningthoukhong,Ningthoukhong Local Council Group 04,Ningthoukhong Demo Village 018,1492,315,287,243,204,83.95,227,182,80.18,245,213,86.94,258,217,84.11,41,14.29,85.94,80.18,82.95,86.11,24.623079,93.793223,2025-03-31
MAN-BIS-05-019,Manipur,Bishnupur,Ningthoukhong,Ningthoukhong Local Council Group 04,Ningthoukhong Demo Village 019,586,157,143,138,86,62.32,121,65,53.72,126,82,65.08,128,77,60.16,22,15.38,67.08,51.72,68.32,66.16,24.619282,93.732476,2025-03-31
MAN-BIS-05-020,Manipur,Bishnupur,Ningthoukhong,Ningthoukhong Local Council Group 04,Ningthoukhong Demo Village 020,481,110,92,76,56,73.68,74,61,82.43,78,57,73.08,90,81,90.00,3,3.26,77.08,86.43,73.68,87.0,24.558869,93.88309,2025-03-31
MAN-BIS-05-021,Manipur,Bishnupur,Ningthoukhong,Ningthoukhong Local Council Group 05,Ningthoukhong Demo Village 021,1177,305,264,198,182,91.92,243,236,97.12,258,232,89.92,232,202,87.07,7,2.65,85.92,97.12,88.92,83.07,24.663936,93.731874,2025-03-31
MAN-BIS-05-022,Manipur,Bishnupur,Ningthoukhong,Ningthoukhong Local Council Group 05,Ningthoukhong Demo Village 022,2796,648,470,437,310,70.94,410,336,81.95,358,168,46.93,421,324,76.96,69,14.68,52.93,76.95,75.94,80.96,24.578734,93.732361,2025-03-31
MAN-BIS-05-023,Manipur,Bishnupur,Ningthoukhong,Ningthoukhong Local Council Group 05,Ningthoukhong Demo Village 023,1623,394,319,297,211,71.04,278,139,50.00,248,176,70.97,318,289,90.88,52,16.30,67.97,54.0,77.04,95.88,24.601256,93.71564,2025-03-31
MAN-BIS-05-024,Manipur,Bishnupur,Ningthoukhong,Ningthoukhong Local Council Group 05,Ningthoukhong Demo Village 024,2670,464,457,338,155,45.86,356,267,75.00,357,325,91.04,451,329,72.95,21,4.60,85.04,71.0,47.86,66.95,24.636622,93.867022,2025-03-31
MAN-BIS-05-025,Manipur,Bishnupur,Ningthoukhong,Ningthoukhong Local Council Group 05,Ningthoukhong Demo Village 025,2317,413,279,252,214,84.92,220,189,85.91,271,220,81.18,231,72,31.17,26,9.32,78.18,80.91,82.92,27.17,24.642494,93.700026,2025-03-31
MAN-CHA-01-001,Manipur,Chandel,Chandel,Chandel Local Council Group 01,Chandel Demo Village 001,869,144,113,105,39,37.14,109,92,84.40,105,78,74.29,90,68,75.56,2,1.77,78.29,86.4,42.14,72.56,24.422205,94.020813,2025-03-31
MAN-CHA-01-002,Manipur,Chandel,Chandel,Chandel Local Council Group 01,Chandel Demo Village 002,2948,773,548,535,385,71.96,542,428,78.97,423,385,91.02,496,248,50.00,10,1.82,87.02,82.97,65.96,45.0,24.377855,93.893344,2025-03-31
MAN-CHA-01-003,Manipur,Chandel,Chandel,Chandel Local Council Group 01,Chandel Demo Village 003,1011,233,175,131,47,35.88,171,68,39.77,153,47,30.72,129,43,33.33,51,29.14,31.72,40.77,35.88,36.33,24.395969,93.985283,2025-03-31
MAN-CHA-01-004,Manipur,Chandel,Chandel,Chandel Local Council Group 01,Chandel Demo Village 004,2116,518,397,387,317,81.91,366,260,71.04,326,258,79.14,336,265,78.87,167,42.07,75.14,72.04,86.91,80.87,24.391887,93.933578,2025-03-31
MAN-CHA-01-005,Manipur,Chandel,Chandel,Chandel Local Council Group 01,Chandel Demo Village 005,758,153,123,106,75,70.75,95,73,76.84,98,70,71.43,99,63,63.64,5,4.07,94.43,99.0,90.75,93.64,24.405841,93.917576,2025-03-31
MAN-CHA-01-006,Manipur,Chandel,Chandel,Chandel Local Council Group 02,Chandel Demo Village 006,1939,424,275,213,202,94.84,209,90,43.06,265,228,86.04,267,131,49.06,13,4.73,91.04,48.06,99.0,51.06,24.310123,94.032048,2025-03-31
MAN-CHA-01-007,Manipur,Chandel,Chandel,Chandel Local Council Group 02,Chandel Demo Village 007,1566,403,291,277,211,76.17,263,210,79.85,227,159,70.04,272,245,90.07,58,19.93,69.04,76.85,80.17,90.07,24.249866,93.989698,2025-03-31
MAN-CHA-01-008,Manipur,Chandel,Chandel,Chandel Local Council Group 02,Chandel Demo Village 008,2049,539,337,253,147,58.10,277,188,67.87,257,162,63.04,283,190,67.14,31,9.20,68.04,70.87,62.1,70.14,24.235197,94.082254,2025-03-31
MAN-CHA-01-009,Manipur,Chandel,Chandel,Chandel Local Council Group 02,Chandel Demo Village 009,894,160,133,100,73,73.00,127,110,86.61,115,85,73.91,132,110,83.33,8,6.02,74.91,92.61,68.0,88.33,24.322865,94.034686,2025-03-31
MAN-CHA-01-010,Manipur,Chandel,Chandel,Chandel Local Council Group 02,Chandel Demo Village 010,1023,255,165,142,135,95.07,122,109,89.34,138,130,94.20,120,110,91.67,28,16.97,93.2,88.34,93.07,86.67,24.410022,94.034802,2025-03-31
MAN-CHA-01-011,Manipur,Chandel,Chandel,Chandel Local Council Group 03,Chandel Demo Village 011,2727,477,376,274,197,71.90,298,232,77.85,376,117,31.12,344,282,81.98,31,8.24,34.12,79.85,72.9,84.98,24.368839,93.968317,2025-03-31
MAN-CHA-01-012,Manipur,Chandel,Chandel,Chandel Local Council Group 03,Chandel Demo Village 012,581,144,124,99,83,83.84,109,40,36.70,103,73,70.87,121,106,87.60,7,5.65,74.87,32.7,77.84,90.6,24.388224,94.094941,2025-03-31
MAN-CHA-01-013,Manipur,Chandel,Chandel,Chandel Local Council Group 03,Chandel Demo Village 013,2813,584,554,426,175,41.08,463,370,79.91,542,434,80.07,516,418,81.01,51,9.21,81.07,82.91,39.08,86.01,24.256159,94.042178,2025-03-31
MAN-CHA-01-014,Manipur,Chandel,Chandel,Chandel Local Council Group 03,Chandel Demo Village 014,2241,597,553,415,295,71.08,459,399,86.93,531,457,86.06,463,153,33.05,86,15.55,91.06,90.93,72.08,34.05,24.286707,94.030856,2025-03-31
MAN-CHA-01-015,Manipur,Chandel,Chandel,Chandel Local Council Group 03,Chandel Demo Village 015,2374,639,525,482,178,36.93,448,233,52.01,442,146,33.03,445,249,55.96,174,33.14,29.03,49.01,31.93,61.96,24.295103,94.022332,2025-03-31
MAN-CHA-01-016,Manipur,Chandel,Chandel,Chandel Local Council Group 04,Chandel Demo Village 016,3859,690,660,552,408,73.91,485,398,82.06,514,432,84.05,535,391,73.08,256,38.79,83.05,84.06,77.91,73.08,24.349508,93.984926,2025-03-31
MAN-CHA-01-017,Manipur,Chandel,Chandel,Chandel Local Council Group 04,Chandel Demo Village 017,1253,267,222,160,101,63.13,212,178,83.96,217,135,62.21,202,129,63.86,43,19.37,83.21,99.0,84.13,87.86,24.398869,94.045893,2025-03-31
MAN-CHA-01-018,Manipur,Chandel,Chandel,Chandel Local Council Group 04,Chandel Demo Village 018,255,52,48,36,32,88.89,36,14,38.89,39,34,87.18,36,17,47.22,7,14.58,81.18,38.89,83.89,49.22,24.25719,94.007925,2025-03-31
MAN-CHA-01-019,Manipur,Chandel,Chandel,Chandel Local Council Group 04,Chandel Demo Village 019,2802,523,488,370,326,88.11,369,273,73.98,361,267,73.96,446,308,69.06,83,17.01,69.96,75.98,92.11,73.06,24.25037,93.883119,2025-03-31
MAN-CHA-01-020,Manipur,Chandel,Chandel,Chandel Local Council Group 04,Chandel Demo Village 020,3532,663,555,512,343,66.99,521,349,66.99,414,261,63.04,502,301,59.96,18,3.24,63.04,67.99,64.99,65.96,24.384469,93.906125,2025-03-31
MAN-CHA-01-021,Manipur,Chandel,Chandel,Chandel Local Council Group 05,Chandel Demo Village 021,3297,753,746,550,451,82.00,660,587,88.94,617,457,74.07,738,583,79.00,64,8.58,68.07,90.94,76.0,73.0,24.306411,93.90535,2025-03-31
MAN-CHA-01-022,Manipur,Chandel,Chandel,Chandel Local Council Group 05,Chandel Demo Village 022,1613,273,197,190,180,94.74,187,180,96.26,195,181,92.82,190,158,83.16,23,11.68,92.82,93.26,94.74,82.16,24.349213,94.016373,2025-03-31
MAN-CHA-01-023,Manipur,Chandel,Chandel,Chandel Local Council Group 05,Chandel Demo Village 023,2256,406,334,253,177,69.96,275,226,82.18,308,117,37.99,317,241,76.03,33,9.88,38.99,83.18,72.96,80.03,24.342849,94.109437,2025-03-31
MAN-CHA-01-024,Manipur,Chandel,Chandel,Chandel Local Council Group 05,Chandel Demo Village 024,841,156,126,94,67,71.28,97,30,30.93,92,73,79.35,97,81,83.51,3,2.38,73.35,24.93,77.28,83.51,24.310928,93.986534,2025-03-31
MAN-CHA-01-025,Manipur,Chandel,Chandel,Chandel Local Council Group 05,Chandel Demo Village 025,1712,300,278,229,89,38.86,267,206,77.15,266,186,69.92,206,146,70.87,55,19.78,68.92,83.15,34.86,73.87,24.361328,94.030977,2025-03-31
MAN-CHA-01-026,Manipur,Chandel,Chandel,Chandel Local Council Group 06,Chandel Demo Village 026,344,70,48,35,32,91.43,39,28,71.79,46,41,89.13,48,20,41.67,10,20.83,87.13,74.79,91.43,44.67,24.319408,93.898929,2025-03-31
MAN-CHA-01-027,Manipur,Chandel,Chandel,Chandel Local Council Group 06,Chandel Demo Village 027,1859,336,262,216,97,44.91,222,115,51.80,226,122,53.98,242,109,45.04,83,31.68,52.98,55.8,38.91,42.04,24.260235,93.933519,2025-03-31
MAN-CHA-01-028,Manipur,Chandel,Chandel,Chandel Local Council Group 06,Chandel Demo Village 028,2915,748,610,574,442,77.00,507,375,73.96,480,355,73.96,593,421,70.99,168,27.54,73.96,77.96,77.0,76.99,24.248666,93.917454,2025-03-31
MAN-CHA-01-029,Manipur,Chandel,Chandel,Chandel Local Council Group 06,Chandel Demo Village 029,362,80,53,52,36,69.23,38,27,71.05,49,35,71.43,42,34,80.95,9,16.98,87.43,91.05,87.23,94.95,24.326755,94.093593,2025-03-31
MAN-CHA-01-030,Manipur,Chandel,Chandel,Chandel Local Council Group 06,Chandel Demo Village 030,418,93,87,75,74,98.67,68,29,42.65,87,74,85.06,70,36,51.43,9,10.34,84.06,42.65,96.67,52.43,24.285391,93.909368,2025-03-31
MAN-CHA-01-031,Manipur,Chandel,Chandel,Chandel Local Council Group 07,Chandel Demo Village 031,3590,676,531,423,330,78.01,400,352,88.00,470,437,92.98,518,383,73.94,72,13.56,88.98,92.0,75.01,68.94,24.264359,94.049127,2025-03-31
MAN-CHA-01-032,Manipur,Chandel,Chandel,Chandel Local Council Group 07,Chandel Demo Village 032,1257,334,283,227,134,59.03,216,156,72.22,270,127,47.04,210,111,52.86,42,14.84,52.04,69.22,65.03,52.86,24.395604,94.011853,2025-03-31
MAN-CHA-02-001,Manipur,Chandel,Chakpikarong,Chakpikarong Local Council Group 01,Chakpikarong Demo Village 001,1629,346,320,318,258,81.13,287,232,80.84,288,216,75.00,292,245,83.90,44,13.75,73.0,84.84,78.13,82.9,24.396544,94.058454,2025-03-31
MAN-CHA-02-002,Manipur,Chandel,Chakpikarong,Chakpikarong Local Council Group 01,Chakpikarong Demo Village 002,2594,581,495,398,366,91.96,477,410,85.95,408,379,92.89,458,412,89.96,17,3.43,87.89,81.95,91.96,86.96,24.343713,93.949792,2025-03-31
MAN-CHA-02-003,Manipur,Chandel,Chakpikarong,Chakpikarong Local Council Group 01,Chakpikarong Demo Village 003,940,164,124,95,76,80.00,98,87,88.78,93,44,47.31,120,97,80.83,13,10.48,48.31,94.78,75.0,80.83,24.408498,93.889903,2025-03-31
MAN-CHA-02-004,Manipur,Chandel,Chakpikarong,Chakpikarong Local Council Group 01,Chakpikarong Demo Village 004,335,66,48,36,31,86.11,43,21,48.84,46,33,71.74,47,35,74.47,9,18.75,68.74,46.84,80.11,70.47,24.260988,93.927376,2025-03-31
MAN-CHA-02-005,Manipur,Chandel,Chakpikarong,Chakpikarong Local Council Group 01,Chakpikarong Demo Village 005,3494,668,429,346,97,28.03,321,273,85.05,359,273,76.04,334,271,81.14,51,11.89,81.04,84.05,30.03,86.14,24.238581,93.949306,2025-03-31
MAN-CHA-02-006,Manipur,Chandel,Chakpikarong,Chakpikarong Local Council Group 02,Chakpikarong Demo Village 006,306,56,36,27,23,85.19,33,24,72.73,30,21,70.00,26,13,50.00,2,5.56,75.0,78.73,87.19,44.0,24.374803,93.975687,2025-03-31
MAN-CHA-02-007,Manipur,Chandel,Chakpikarong,Chakpikarong Local Council Group 02,Chakpikarong Demo Village 007,4149,773,677,577,271,46.97,621,211,33.98,598,179,29.93,599,240,40.07,150,22.16,32.93,39.98,48.97,45.07,24.335344,94.059052,2025-03-31
MAN-CHA-02-008,Manipur,Chandel,Chakpikarong,Chakpikarong Local Council Group 02,Chakpikarong Demo Village 008,2493,521,501,374,333,89.04,457,379,82.93,464,325,70.04,459,340,74.07,215,42.91,70.04,85.93,94.04,74.07,24.393187,93.899183,2025-03-31
MAN-CHA-02-009,Manipur,Chandel,Chakpikarong,Chakpikarong Local Council Group 02,Chakpikarong Demo Village 009,1392,309,235,175,133,76.00,232,195,84.05,218,133,61.01,228,185,81.14,45,19.15,75.01,99.0,99.0,99.0,24.323054,93.971972,2025-03-31
MAN-CHA-02-010,Manipur,Chandel,Chakpikarong,Chakpikarong Local Council Group 02,Chakpikarong Demo Village 010,2282,571,498,414,385,93.00,409,139,33.99,442,411,92.99,399,172,43.11,42,8.43,91.99,33.99,95.0,37.11,24.414624,94.000539,2025-03-31
MAN-CHA-02-011,Manipur,Chandel,Chakpikarong,Chakpikarong Local Council Group 03,Chakpikarong Demo Village 011,1816,442,332,290,218,75.17,245,174,71.02,292,242,82.88,269,237,88.10,21,6.33,83.88,66.02,71.17,83.1,24.330838,93.881384,2025-03-31
MAN-CHA-02-012,Manipur,Chandel,Chakpikarong,Chakpikarong Local Council Group 03,Chakpikarong Demo Village 012,1292,234,168,155,79,50.97,140,88,62.86,136,105,77.21,148,114,77.03,11,6.55,74.21,64.86,52.97,76.03,24.242005,94.005621,2025-03-31
MAN-CHA-02-013,Manipur,Chandel,Chakpikarong,Chakpikarong Local Council Group 03,Chakpikarong Demo Village 013,3611,770,646,518,378,72.97,583,490,84.05,486,389,80.04,536,429,80.04,36,5.57,75.04,78.05,67.97,84.04,24.302686,93.884064,2025-03-31
MAN-CHA-02-014,Manipur,Chandel,Chakpikarong,Chakpikarong Local Council Group 03,Chakpikarong Demo Village 014,3443,680,485,364,320,87.91,381,347,91.08,420,399,95.00,408,343,84.07,47,9.69,93.0,86.08,84.91,82.07,24.408773,93.987242,2025-03-31
MAN-CHA-02-015,Manipur,Chandel,Chakpikarong,Chakpikarong Local Council Group 03,Chakpikarong Demo Village 015,1829,475,407,310,254,81.94,369,273,73.98,319,96,30.09,341,239,70.09,46,11.30,33.09,68.98,79.94,72.09,24.316408,93.905458,2025-03-31
MAN-CHA-02-016,Manipur,Chandel,Chakpikarong,Chakpikarong Local Council Group 04,Chakpikarong Demo Village 016,2812,722,628,583,490,84.05,466,158,33.91,536,402,75.00,520,468,90.00,27,4.30,80.0,33.91,84.05,89.0,24.426055,94.02966,2025-03-31
MAN-CHA-02-017,Manipur,Chandel,Chakpikarong,Chakpikarong Local Council Group 04,Chakpikarong Demo Village 017,3188,542,435,386,147,38.08,366,278,75.96,430,387,90.00,410,320,78.05,84,19.31,96.0,78.96,41.08,83.05,24.330046,94.049116,2025-03-31
MAN-CHA-02-018,Manipur,Chandel,Chakpikarong,Chakpikarong Local Council Group 04,Chakpikarong Demo Village 018,389,90,84,60,53,88.33,70,62,88.57,82,68,82.93,62,24,38.71,6,7.14,78.93,83.57,91.33,34.71,24.246614,93.893825,2025-03-31
MAN-CHA-02-019,Manipur,Chandel,Chakpikarong,Chakpikarong Local Council Group 04,Chakpikarong Demo Village 019,2019,368,244,181,69,38.12,211,106,50.24,227,77,33.92,189,59,31.22,60,24.59,31.92,55.24,34.12,34.22,24.258345,93.898883,2025-03-31
MAN-CHA-02-020,Manipur,Chandel,Chakpikarong,Chakpikarong Local Council Group 04,Chakpikarong Demo Village 020,625,133,133,109,76,69.72,121,86,71.07,98,67,68.37,115,91,79.13,35,26.32,67.37,66.07,74.72,79.13,24.429886,94.021982,2025-03-31
MAN-CHA-02-021,Manipur,Chandel,Chakpikarong,Chakpikarong Local Council Group 05,Chakpikarong Demo Village 021,216,58,54,46,39,84.78,47,31,65.96,44,28,63.64,48,34,70.83,3,5.56,78.64,80.96,99.0,97.83,24.426133,93.904783,2025-03-31
MAN-CHA-02-022,Manipur,Chandel,Chakpikarong,Chakpikarong Local Council Group 05,Chakpikarong Demo Village 022,1554,262,261,235,212,90.21,227,75,33.04,246,209,84.96,202,101,50.00,41,15.71,88.96,31.04,87.21,44.0,24.263014,93.920054,2025-03-31
MAN-CHA-02-023,Manipur,Chandel,Chakpikarong,Chakpikarong Local Council Group 05,Chakpikarong Demo Village 023,2026,511,479,390,328,84.10,461,355,77.01,394,331,84.01,402,346,86.07,52,10.86,79.01,73.01,87.1,91.07,24.281161,93.925773,2025-03-31
MAN-CHA-02-024,Manipur,Chandel,Chakpikarong,Chakpikarong Local Council Group 05,Chakpikarong Demo Village 024,1333,233,212,176,114,64.77,182,111,60.99,186,99,53.23,166,105,63.25,37,17.45,48.23,57.99,66.77,63.25,24.266029,94.050791,2025-03-31
MAN-CHA-02-025,Manipur,Chandel,Chakpikarong,Chakpikarong Local Council Group 05,Chakpikarong Demo Village 025,2168,379,284,239,177,74.06,204,147,72.06,270,240,88.89,216,171,79.17,26,9.15,89.89,68.06,73.06,78.17,24.370748,93.983989,2025-03-31
MAN-CHA-02-026,Manipur,Chandel,Chakpikarong,Chakpikarong Local Council Group 06,Chakpikarong Demo Village 026,255,54,52,48,42,87.50,49,45,91.84,38,33,86.84,43,37,86.05,3,5.77,84.84,88.84,82.5,85.05,24.382892,93.915478,2025-03-31
MAN-CHA-02-027,Manipur,Chandel,Chakpikarong,Chakpikarong Local Council Group 06,Chakpikarong Demo Village 027,3746,754,507,411,312,75.91,451,347,76.94,440,211,47.95,375,311,82.93,93,18.34,51.95,77.94,81.91,84.93,24.330408,94.092441,2025-03-31
MAN-CHA-02-028,Manipur,Chandel,Chakpikarong,Chakpikarong Local Council Group 06,Chakpikarong Demo Village 028,2666,633,401,318,238,74.84,313,116,37.06,316,265,83.86,390,316,81.03,42,10.47,79.86,34.06,80.84,87.03,24.381891,93.961944,2025-03-31
MAN-CHA-02-029,Manipur,Chandel,Chakpikarong,Chakpikarong Local Council Group 06,Chakpikarong Demo Village 029,1015,199,146,145,57,39.31,109,92,84.40,113,84,74.34,133,94,70.68,24,16.44,76.34,87.4,43.31,76.68,24.439498,94.104266,2025-03-31
MAN-CHA-02-030,Manipur,Chandel,Chakpikarong,Chakpikarong Local Council Group 06,Chakpikarong Demo Village 030,1183,283,246,240,218,90.83,200,140,70.00,233,189,81.12,193,79,40.93,35,14.23,80.12,74.0,95.83,46.93,24.258123,94.094862,2025-03-31
MAN-CHA-02-031,Manipur,Chandel,Chakpikarong,Chakpikarong Local Council Group 07,Chakpikarong Demo Village 031,2616,478,340,257,82,31.91,281,155,55.16,305,107,35.08,293,129,44.03,92,27.06,31.08,55.16,27.91,40.03,24.321035,94.052035,2025-03-31
MAN-CHA-03-001,Manipur,Chandel,Khengjoi,Khengjoi Local Council Group 01,Khengjoi Demo Village 001,4144,723,707,541,454,83.92,511,419,82.00,515,469,91.07,605,484,80.00,218,30.83,85.07,84.0,86.92,84.0,24.24956,94.06715,2025-03-31
MAN-CHA-03-002,Manipur,Chandel,Khengjoi,Khengjoi Local Council Group 01,Khengjoi Demo Village 002,2081,378,305,232,190,81.90,258,163,63.18,259,194,74.90,291,178,61.17,48,15.74,99.0,83.18,99.0,84.17,24.257741,93.928066,2025-03-31
MAN-CHA-03-003,Manipur,Chandel,Khengjoi,Khengjoi Local Council Group 01,Khengjoi Demo Village 003,666,158,135,132,129,97.73,110,53,48.18,102,90,88.24,112,44,39.29,3,2.22,82.24,48.18,93.73,39.29,24.292156,94.110307,2025-03-31
MAN-CHA-03-004,Manipur,Chandel,Khengjoi,Khengjoi Local Council Group 01,Khengjoi Demo Village 004,2792,620,523,421,370,87.89,452,384,84.96,468,402,85.90,498,433,86.95,96,18.36,82.9,79.96,93.89,82.95,24.223058,94.082705,2025-03-31
MAN-CHA-03-005,Manipur,Chandel,Khengjoi,Khengjoi Local Council Group 01,Khengjoi Demo Village 005,3059,685,447,322,196,60.87,393,220,55.98,367,231,62.94,431,319,74.01,14,3.13,62.94,50.98,57.87,74.01,24.226418,93.941248,2025-03-31
MAN-CHA-03-006,Manipur,Chandel,Khengjoi,Khengjoi Local Council Group 02,Khengjoi Demo Village 006,1302,348,262,203,146,71.92,258,222,86.05,231,187,80.95,238,212,89.08,52,19.85,75.95,87.05,70.92,91.08,24.301555,94.084152,2025-03-31
MAN-CHA-03-007,Manipur,Chandel,Khengjoi,Khengjoi Local Council Group 02,Khengjoi Demo Village 007,1826,371,371,306,260,84.97,365,343,93.97,363,330,90.91,286,249,87.06,29,7.82,89.91,88.97,84.97,82.06,24.274355,93.999697,2025-03-31
MAN-CHA-03-008,Manipur,Chandel,Khengjoi,Khengjoi Local Council Group 02,Khengjoi Demo Village 008,2780,677,604,436,314,72.02,580,499,86.03,562,185,32.92,561,398,70.94,17,2.81,26.92,90.03,75.02,67.94,24.401037,93.957606,2025-03-31
MAN-CHA-03-009,Manipur,Chandel,Khengjoi,Khengjoi Local Council Group 02,Khengjoi Demo Village 009,1347,235,218,185,150,81.08,210,69,32.86,194,163,84.02,175,124,70.86,15,6.88,88.02,28.86,75.08,67.86,24.434268,93.967122,2025-03-31
MAN-CHA-03-010,Manipur,Chandel,Khengjoi,Khengjoi Local Council Group 02,Khengjoi Demo Village 010,2589,433,379,379,144,37.99,283,226,79.86,292,251,85.96,332,269,81.02,66,17.41,89.96,81.86,40.99,82.02,24.264352,93.897308,2025-03-31
MAN-CHA-03-011,Manipur,Chandel,Khengjoi,Khengjoi Local Council Group 03,Khengjoi Demo Village 011,2257,554,420,341,263,77.13,303,251,82.84,355,266,74.93,381,107,28.08,82,19.52,74.93,79.84,71.13,29.08,24.274347,93.888833,2025-03-31
MAN-CHA-03-012,Manipur,Chandel,Khengjoi,Khengjoi Local Council Group 03,Khengjoi Demo Village 012,2021,444,386,296,163,55.07,357,175,49.02,312,125,40.06,311,137,44.05,88,22.80,38.06,46.02,49.07,44.05,24.244175,93.999329,2025-03-31
MAN-CHA-03-013,Manipur,Chandel,Khengjoi,Khengjoi Local Council Group 03,Khengjoi Demo Village 013,3336,678,635,513,416,81.09,613,478,77.98,571,400,70.05,499,409,81.96,220,34.65,66.05,81.98,85.09,83.96,24.429185,94.007552,2025-03-31
MAN-CHA-03-014,Manipur,Chandel,Khengjoi,Khengjoi Local Council Group 03,Khengjoi Demo Village 014,2714,487,460,331,271,81.87,406,313,77.09,449,314,69.93,368,305,82.88,86,18.70,97.93,99.0,99.0,99.0,24.239526,93.954718,2025-03-31
MAN-CHA-03-015,Manipur,Chandel,Khengjoi,Khengjoi Local Council Group 03,Khengjoi Demo Village 015,335,61,43,35,34,97.14,31,12,38.71,38,32,84.21,35,15,42.86,5,11.63,88.21,38.71,99.0,40.86,24.290871,93.892425,2025-03-31
MAN-CHA-03-016,Manipur,Chandel,Khengjoi,Khengjoi Local Council Group 04,Khengjoi Demo Village 016,1390,286,197,156,120,76.92,179,125,69.83,189,168,88.89,182,140,76.92,27,13.71,94.89,70.83,74.92,77.92,24.348742,94.105754,2025-03-31
MAN-CHA-03-017,Manipur,Chandel,Khengjoi,Khengjoi Local Council Group 04,Khengjoi Demo Village 017,1067,242,231,228,146,64.04,179,98,54.75,227,134,59.03,173,93,53.76,28,12.12,62.03,60.75,64.04,54.76,24.398107,93.962062,2025-03-31
MAN-CHA-03-018,Manipur,Chandel,Khengjoi,Khengjoi Local Council Group 04,Khengjoi Demo Village 018,758,173,159,155,144,92.90,156,144,92.31,146,134,91.78,133,100,75.19,30,18.87,97.78,86.31,95.9,69.19,24.290234,94.022239,2025-03-31
MAN-CHA-03-019,Manipur,Chandel,Khengjoi,Khengjoi Local Council Group 04,Khengjoi Demo Village 019,2930,599,397,330,304,92.12,384,330,85.94,308,256,83.12,343,329,95.92,77,19.40,83.12,85.94,91.12,90.92,24.248907,93.909864,2025-03-31
MAN-CHA-03-020,Manipur,Chandel,Khengjoi,Khengjoi Local Council Group 04,Khengjoi Demo Village 020,2697,579,419,395,348,88.10,358,294,82.12,352,99,28.13,390,308,78.97,75,17.90,31.13,84.12,84.1,79.97,24.409051,93.898078,2025-03-31
MAN-CHA-03-021,Manipur,Chandel,Khengjoi,Khengjoi Local Council Group 05,Khengjoi Demo Village 021,2725,551,419,315,239,75.87,355,181,50.99,364,273,75.00,362,326,90.06,50,11.93,73.0,49.99,77.87,91.06,24.416863,94.029584,2025-03-31
MAN-CHA-03-022,Manipur,Chandel,Khengjoi,Khengjoi Local Council Group 05,Khengjoi Demo Village 022,2919,534,389,295,86,29.15,299,266,88.96,328,285,86.89,306,233,76.14,78,20.05,87.89,83.96,30.15,75.14,24.397882,94.08529,2025-03-31
MAN-CHA-03-023,Manipur,Chandel,Khengjoi,Khengjoi Local Council Group 05,Khengjoi Demo Village 023,2431,552,382,276,246,89.13,315,274,86.98,275,250,90.91,298,101,33.89,47,12.30,93.91,83.98,83.13,39.89,24.281894,94.03917,2025-03-31
MAN-CHA-03-024,Manipur,Chandel,Khengjoi,Khengjoi Local Council Group 05,Khengjoi Demo Village 024,724,151,102,102,44,43.14,77,38,49.35,83,27,32.53,102,46,45.10,33,32.35,37.53,54.35,41.14,48.1,24.344393,93.963558,2025-03-31
MAN-CHA-03-025,Manipur,Chandel,Khengjoi,Khengjoi Local Council Group 05,Khengjoi Demo Village 025,3384,599,475,439,329,74.94,430,322,74.88,409,299,73.11,362,257,70.99,170,35.79,68.11,79.88,78.94,71.99,24.431471,93.986133,2025-03-31
MAN-CHA-03-026,Manipur,Chandel,Khengjoi,Khengjoi Local Council Group 06,Khengjoi Demo Village 026,3143,567,424,329,253,76.90,393,322,81.93,407,277,68.06,404,327,80.94,67,15.80,89.06,99.0,95.9,99.0,24.246465,94.076362,2025-03-31
MAN-CHA-03-027,Manipur,Chandel,Khengjoi,Khengjoi Local Council Group 06,Khengjoi Demo Village 027,2379,487,394,388,376,96.91,367,154,41.96,324,285,87.96,324,136,41.98,68,17.26,89.96,41.96,98.91,42.98,24.264079,94.030673,2025-03-31
MAN-CHA-03-028,Manipur,Chandel,Khengjoi,Khengjoi Local Council Group 06,Khengjoi Demo Village 028,4601,778,508,450,315,70.00,479,388,81.00,398,287,72.11,442,332,75.11,96,18.90,72.11,82.0,65.0,70.11,24.390066,94.015567,2025-03-31
MAN-CHA-03-029,Manipur,Chandel,Khengjoi,Khengjoi Local Council Group 06,Khengjoi Demo Village 029,3444,726,542,404,186,46.04,390,257,65.90,409,245,59.90,422,257,60.90,93,17.16,64.9,65.9,51.04,56.9,24.352012,94.070853,2025-03-31
MAN-CHA-03-030,Manipur,Chandel,Khengjoi,Khengjoi Local Council Group 06,Khengjoi Demo Village 030,429,105,89,89,75,84.27,83,78,93.98,64,54,84.38,76,62,81.58,4,4.49,87.38,94.98,83.27,80.58,24.349433,93.920906,2025-03-31
MAN-CHA-03-031,Manipur,Chandel,Khengjoi,Khengjoi Local Council Group 07,Khengjoi Demo Village 031,1300,310,228,215,196,91.16,187,172,91.98,174,144,82.76,216,190,87.96,7,3.07,81.76,87.98,86.16,86.96,24.251729,94.043037,2025-03-31
MAN-CHA-04-001,Manipur,Chandel,Machi,Machi Local Council Group 01,Machi Demo Village 001,2342,589,558,442,367,83.03,511,373,72.99,513,226,44.05,532,458,86.09,110,19.71,50.05,76.99,79.03,80.09,24.343118,94.063002,2025-03-31
MAN-CHA-04-002,Manipur,Chandel,Machi,Machi Local Council Group 01,Machi Demo Village 002,1876,361,247,229,172,75.11,220,90,40.91,192,156,81.25,233,177,75.97,31,12.55,78.25,42.91,79.11,69.97,24.228423,94.044543,2025-03-31
MAN-CHA-04-003,Manipur,Chandel,Machi,Machi Local Council Group 01,Machi Demo Village 003,3084,594,438,385,146,37.92,317,288,90.85,365,281,76.99,432,350,81.02,72,16.44,76.99,91.85,32.92,78.02,24.220661,93.934647,2025-03-31
MAN-CHA-04-004,Manipur,Chandel,Machi,Machi Local Council Group 01,Machi Demo Village 004,915,239,203,164,149,90.85,172,151,87.79,163,145,88.96,153,46,30.07,13,6.40,87.96,86.79,95.85,31.07,24.245362,94.004236,2025-03-31
MAN-CHA-04-005,Manipur,Chandel,Machi,Machi Local Council Group 01,Machi Demo Village 005,1696,359,230,214,86,40.19,179,84,46.93,205,68,33.17,219,114,52.05,54,23.48,33.17,49.93,38.19,54.05,24.396063,93.941984,2025-03-31
MAN-CHA-04-006,Manipur,Chandel,Machi,Machi Local Council Group 02,Machi Demo Village 006,4134,741,737,593,445,75.04,601,517,86.02,664,604,90.96,660,574,86.97,214,29.04,94.96,86.02,74.04,84.97,24.226092,94.084246,2025-03-31
MAN-CHA-04-007,Manipur,Chandel,Machi,Machi Local Council Group 02,Machi Demo Village 007,1663,279,200,155,121,78.06,196,149,76.02,159,134,84.28,187,123,65.78,5,2.50,99.0,96.02,92.06,89.78,24.269981,93.933535,2025-03-31
MAN-CHA-04-008,Manipur,Chandel,Machi,Machi Local Council Group 02,Machi Demo Village 008,1398,237,161,121,110,90.91,148,47,31.76,161,156,96.89,152,52,34.21,4,2.48,99.0,32.76,94.91,33.21,24.315562,93.95221,2025-03-31
MAN-CHA-04-009,Manipur,Chandel,Machi,Machi Local Council Group 02,Machi Demo Village 009,1644,342,335,260,226,86.92,335,278,82.99,264,230,87.12,261,238,91.19,62,18.51,90.12,77.99,90.92,96.19,24.268587,93.884666,2025-03-31
MAN-CHA-04-010,Manipur,Chandel,Machi,Machi Local Council Group 02,Machi Demo Village 010,3858,642,432,332,226,68.07,422,312,73.93,344,230,66.86,352,180,51.14,86,19.91,68.86,68.93,67.07,47.14,24.349029,93.987233,2025-03-31
MAN-CHA-04-011,Manipur,Chandel,Machi,Machi Local Council Group 03,Machi Demo Village 011,2450,430,271,228,205,89.91,267,224,83.90,232,204,87.93,201,177,88.06,30,11.07,83.93,88.9,83.91,82.06,24.239027,93.955537,2025-03-31
MAN-CHA-04-012,Manipur,Chandel,Machi,Machi Local Council Group 03,Machi Demo Village 012,1969,377,336,259,249,96.14,282,237,84.04,293,252,86.01,296,269,90.88,65,19.35,81.01,79.04,91.14,87.88,24.293647,94.085896,2025-03-31
MAN-CHA-04-013,Manipur,Chandel,Machi,Machi Local Council Group 03,Machi Demo Village 013,1288,289,200,198,152,76.77,166,146,87.95,195,72,36.92,169,125,73.96,16,8.00,30.92,81.95,70.77,67.96,24.404651,93.968899,2025-03-31
MAN-CHA-04-014,Manipur,Chandel,Machi,Machi Local Council Group 03,Machi Demo Village 014,1657,435,356,294,241,81.97,304,116,38.16,279,234,83.87,269,239,88.85,70,19.66,77.87,42.16,80.97,91.85,24.330065,94.113811,2025-03-31
MAN-CHA-04-015,Manipur,Chandel,Machi,Machi Local Council Group 03,Machi Demo Village 015,2359,395,249,199,58,29.15,238,176,73.95,236,198,83.90,239,198,82.85,23,9.24,85.9,69.95,35.15,79.85,24.431671,94.040183,2025-03-31
MAN-CHA-04-016,Manipur,Chandel,Machi,Machi Local Council Group 04,Machi Demo Village 016,1628,419,400,301,220,73.09,329,273,82.98,298,247,82.89,335,127,37.91,8,2.00,80.89,77.98,69.09,36.91,24.234972,94.031343,2025-03-31
MAN-CHA-04-017,Manipur,Chandel,Machi,Machi Local Council Group 04,Machi Demo Village 017,3102,779,604,519,156,30.06,601,294,48.92,583,175,30.02,523,209,39.96,185,30.63,30.02,43.92,29.06,39.96,24.289367,94.097017,2025-03-31
MAN-CHA-04-018,Manipur,Chandel,Machi,Machi Local Council Group 04,Machi Demo Village 018,2308,533,462,419,369,88.07,384,334,86.98,333,243,72.97,431,297,68.91,197,42.64,78.97,80.98,86.07,74.91,24.403901,93.930661,2025-03-31
MAN-CHA-04-019,Manipur,Chandel,Machi,Machi Local Council Group 04,Machi Demo Village 019,2128,374,342,246,167,67.89,342,267,78.07,259,218,84.17,297,217,73.06,47,13.74,99.0,97.07,91.89,99.0,24.318014,94.074115,2025-03-31
MAN-CHA-04-020,Manipur,Chandel,Machi,Machi Local Council Group 04,Machi Demo Village 020,4193,702,563,417,379,90.89,524,231,44.08,415,394,94.94,406,199,49.01,49,8.70,90.94,40.08,93.89,46.01,24.224517,93.984833,2025-03-31
MAN-CHA-04-021,Manipur,Chandel,Machi,Machi Local Council Group 05,Machi Demo Village 021,913,186,162,123,111,90.24,145,115,79.31,118,100,84.75,158,126,79.75,7,4.32,89.75,85.31,94.24,75.75,24.318504,94.108799,2025-03-31
MAN-CHA-04-022,Manipur,Chandel,Machi,Machi Local Council Group 05,Machi Demo Village 022,4023,661,638,487,360,73.92,516,320,62.02,584,403,69.01,489,284,58.08,32,5.02,71.01,59.02,71.92,64.08,24.37634,93.955816,2025-03-31
MAN-CHA-04-023,Manipur,Chandel,Machi,Machi Local Council Group 05,Machi Demo Village 023,2173,536,418,302,266,88.08,399,331,82.96,416,320,76.92,386,344,89.12,54,12.92,75.92,80.96,90.08,94.12,24.430307,94.021424,2025-03-31
MAN-CHA-04-024,Manipur,Chandel,Machi,Machi Local Council Group 05,Machi Demo Village 024,1241,302,266,253,210,83.00,209,190,90.91,236,222,94.07,192,186,96.88,37,13.91,91.07,88.91,80.0,93.88,24.374422,93.947287,2025-03-31
MAN-CHA-04-025,Manipur,Chandel,Machi,Machi Local Council Group 05,Machi Demo Village 025,933,237,211,176,128,72.73,194,142,73.20,171,58,33.92,183,137,74.86,35,16.59,36.92,67.2,67.73,69.86,24.341313,93.882358,2025-03-31
MAN-CHA-04-026,Manipur,Chandel,Machi,Machi Local Council Group 06,Machi Demo Village 026,3170,741,554,497,447,89.94,533,245,45.97,441,322,73.02,454,359,79.07,82,14.80,72.02,49.97,84.94,77.07,24.26017,94.111893,2025-03-31
MAN-CHA-04-027,Manipur,Chandel,Machi,Machi Local Council Group 06,Machi Demo Village 027,337,81,78,67,34,50.75,63,47,74.60,66,55,83.33,78,68,87.18,3,3.85,83.33,68.6,50.75,91.18,24.299846,94.026231,2025-03-31
MAN-CHA-04-028,Manipur,Chandel,Machi,Machi Local Council Group 06,Machi Demo Village 028,2846,605,411,335,298,88.96,299,266,88.96,395,296,74.94,353,116,32.86,21,5.11,70.94,85.96,85.96,32.86,24.294333,94.007105,2025-03-31
MAN-CHA-04-029,Manipur,Chandel,Machi,Machi Local Council Group 06,Machi Demo Village 029,1417,258,240,212,66,31.13,188,70,37.23,234,94,40.17,235,82,34.89,63,26.25,35.17,43.23,27.13,39.89,24.220999,93.984347,2025-03-31
MAN-CHA-04-030,Manipur,Chandel,Machi,Machi Local Council Group 06,Machi Demo Village 030,3973,721,606,535,401,74.95,496,397,80.04,526,416,79.09,546,415,76.01,237,39.11,79.09,75.04,72.95,74.01,24.33223,93.971769,2025-03-31
MAN-CHA-04-031,Manipur,Chandel,Machi,Machi Local Council Group 07,Machi Demo Village 031,3563,770,541,423,351,82.98,480,336,70.00,534,384,71.91,470,371,78.94,23,4.25,90.91,99.0,99.0,99.0,24.232593,94.102922,2025-03-31
MAN-CCP-01-001,Manipur,Churachandpur,Churachandpur,Churachandpur Local Council Group 01,Churachandpur Demo Village 001,4550,771,743,637,484,75.98,735,573,77.96,665,466,70.08,723,542,74.97,268,36.07,64.08,81.96,78.98,75.97,24.431748,93.617824,2025-03-31
MAN-CCP-01-002,Manipur,Churachandpur,Churachandpur,Churachandpur Local Council Group 01,Churachandpur Demo Village 002,709,148,130,112,91,81.25,116,93,80.17,114,95,83.33,127,83,65.35,4,3.08,99.0,94.17,99.0,85.35,24.391205,93.624784,2025-03-31
MAN-CCP-01-003,Manipur,Churachandpur,Churachandpur,Churachandpur Local Council Group 01,Churachandpur Demo Village 003,1377,328,310,287,261,90.94,257,123,47.86,261,232,88.89,294,118,40.14,19,6.13,90.89,48.86,94.94,41.14,24.419628,93.659888,2025-03-31
MAN-CCP-01-004,Manipur,Churachandpur,Churachandpur,Churachandpur Local Council Group 01,Churachandpur Demo Village 004,1948,493,493,492,458,93.09,427,384,89.93,378,276,73.02,369,317,85.91,20,4.06,72.02,91.93,87.09,85.91,24.357706,93.647446,2025-03-31
MAN-CCP-01-005,Manipur,Churachandpur,Churachandpur,Churachandpur Local Council Group 01,Churachandpur Demo Village 005,2686,657,565,529,302,57.09,515,278,53.98,560,364,65.00,465,232,49.89,15,2.65,68.0,54.98,58.09,52.89,24.413694,93.633827,2025-03-31
MAN-CCP-01-006,Manipur,Churachandpur,Churachandpur,Churachandpur Local Council Group 02,Churachandpur Demo Village 006,2976,649,529,501,411,82.04,423,368,87.00,389,307,78.92,416,295,70.91,43,8.13,79.92,92.0,88.04,67.91,24.41679,93.777976,2025-03-31
MAN-CCP-01-007,Manipur,Churachandpur,Churachandpur,Churachandpur Local Council Group 02,Churachandpur Demo Village 007,628,106,75,57,55,96.49,65,57,87.69,62,53,85.48,58,48,82.76,11,14.67,81.48,83.69,91.49,79.76,24.347115,93.725301,2025-03-31
MAN-CCP-01-008,Manipur,Churachandpur,Churachandpur,Churachandpur Local Council Group 02,Churachandpur Demo Village 008,1082,248,160,118,88,74.58,159,124,77.99,126,63,50.00,119,84,70.59,8,5.00,53.0,71.99,78.58,67.59,24.359303,93.664754,2025-03-31
MAN-CCP-01-009,Manipur,Churachandpur,Churachandpur,Churachandpur Local Council Group 02,Churachandpur Demo Village 009,2929,734,625,560,459,81.96,558,285,51.08,504,373,74.01,477,339,71.07,55,8.80,71.01,55.08,84.96,75.07,24.290564,93.574987,2025-03-31
MAN-CCP-01-010,Manipur,Churachandpur,Churachandpur,Churachandpur Local Council Group 02,Churachandpur Demo Village 010,816,201,141,116,53,45.69,134,95,70.90,115,84,73.04,122,88,72.13,13,9.22,70.04,72.9,49.69,76.13,24.363628,93.727776,2025-03-31
MAN-CCP-01-011,Manipur,Churachandpur,Churachandpur,Churachandpur Local Council Group 03,Churachandpur Demo Village 011,540,95,66,63,57,90.48,48,40,83.33,63,55,87.30,48,20,41.67,9,13.64,82.3,89.33,94.48,44.67,24.323874,93.7246,2025-03-31
MAN-CCP-01-012,Manipur,Churachandpur,Churachandpur,Churachandpur Local Council Group 03,Churachandpur Demo Village 012,3166,631,531,463,204,44.06,471,207,43.95,430,224,52.09,520,260,50.00,122,22.98,47.09,45.95,43.06,47.0,24.328295,93.607691,2025-03-31
MAN-CCP-01-013,Manipur,Churachandpur,Churachandpur,Churachandpur Local Council Group 03,Churachandpur Demo Village 013,2317,389,348,307,224,72.96,322,225,69.88,305,229,75.08,269,218,81.04,114,32.76,76.08,63.88,66.96,78.04,24.426226,93.738389,2025-03-31
MAN-CCP-01-014,Manipur,Churachandpur,Churachandpur,Churachandpur Local Council Group 03,Churachandpur Demo Village 014,3172,594,536,501,331,66.07,420,265,63.10,502,407,81.08,396,293,73.99,19,3.54,99.0,91.1,88.07,95.99,24.326121,93.729547,2025-03-31
MAN-CCP-01-015,Manipur,Churachandpur,Churachandpur,Churachandpur Local Council Group 03,Churachandpur Demo Village 015,3827,642,560,560,493,88.04,433,143,33.03,523,486,92.93,448,170,37.95,24,4.29,93.93,38.03,82.04,36.95,24.326887,93.70605,2025-03-31
MAN-CCP-01-016,Manipur,Churachandpur,Churachandpur,Churachandpur Local Council Group 04,Churachandpur Demo Village 016,2631,690,607,486,442,90.95,577,462,80.07,572,521,91.08,462,360,77.92,22,3.62,91.08,74.07,92.95,81.92,24.345543,93.575995,2025-03-31
MAN-CCP-01-017,Manipur,Churachandpur,Churachandpur,Churachandpur Local Council Group 04,Churachandpur Demo Village 017,679,174,157,150,84,56.00,122,87,71.31,144,109,75.69,120,92,76.67,21,13.38,78.69,70.31,60.0,81.67,24.374785,93.610304,2025-03-31
MAN-CCP-01-018,Manipur,Churachandpur,Churachandpur,Churachandpur Local Council Group 04,Churachandpur Demo Village 018,1016,216,157,140,118,84.29,146,110,75.34,143,109,76.22,117,108,92.31,10,6.37,76.22,80.34,90.29,89.31,24.350976,93.569732,2025-03-31
MAN-CCP-01-019,Manipur,Churachandpur,Churachandpur,Churachandpur Local Council Group 04,Churachandpur Demo Village 019,3112,746,687,528,444,84.09,551,474,86.03,504,418,82.94,678,590,87.02,44,6.40,80.94,81.03,81.09,87.02,24.384886,93.625413,2025-03-31
MAN-CCP-01-020,Manipur,Churachandpur,Churachandpur,Churachandpur Local Council Group 04,Churachandpur Demo Village 020,3406,747,677,602,445,73.92,510,418,81.96,596,238,39.93,488,444,90.98,81,11.96,40.93,87.96,72.92,91.98,24.311074,93.70198,2025-03-31
MAN-CCP-01-021,Manipur,Churachandpur,Churachandpur,Churachandpur Local Council Group 05,Churachandpur Demo Village 021,2560,610,606,517,439,84.91,590,301,51.02,606,509,83.99,461,332,72.02,39,6.44,85.99,53.02,89.91,66.02,24.30565,93.786805,2025-03-31
MAN-CCP-02-001,Manipur,Churachandpur,Henglep,Henglep Local Council Group 01,Henglep Demo Village 001,862,158,102,85,42,49.41,93,65,69.89,79,66,83.54,89,73,82.02,8,7.84,79.54,68.89,52.41,87.02,24.254323,93.70516,2025-03-31
MAN-CCP-02-002,Manipur,Churachandpur,Henglep,Henglep Local Council Group 01,Henglep Demo Village 002,2142,410,378,350,256,73.14,278,250,89.93,356,249,69.94,352,172,48.86,40,10.58,75.94,90.93,79.14,50.86,24.36548,93.77284,2025-03-31
MAN-CCP-02-003,Manipur,Churachandpur,Henglep,Henglep Local Council Group 01,Henglep Demo Village 003,3278,544,349,291,166,57.04,338,166,49.11,340,163,47.94,287,141,49.13,79,22.64,51.94,52.11,59.04,49.13,24.391857,93.591907,2025-03-31
MAN-CCP-02-004,Manipur,Churachandpur,Henglep,Henglep Local Council Group 01,Henglep Demo Village 004,632,143,124,99,83,83.84,100,77,77.00,99,68,68.69,98,89,90.82,38,30.65,67.69,83.0,88.84,90.82,24.407085,93.785036,2025-03-31
MAN-CCP-02-005,Manipur,Churachandpur,Henglep,Henglep Local Council Group 01,Henglep Demo Village 005,828,160,136,114,70,61.40,105,83,79.05,113,92,81.42,124,76,61.29,2,1.47,99.0,99.0,75.4,89.29,24.313282,93.561856,2025-03-31
MAN-CCP-02-006,Manipur,Churachandpur,Henglep,Henglep Local Council Group 02,Henglep Demo Village 006,1646,276,236,192,180,93.75,192,65,33.85,194,182,93.81,226,102,45.13,3,1.27,92.81,30.85,99.0,47.13,24.409917,93.782113,2025-03-31
MAN-CCP-02-007,Manipur,Churachandpur,Henglep,Henglep Local Council Group 02,Henglep Demo Village 007,1102,279,178,149,130,87.25,151,137,90.73,143,103,72.03,149,113,75.84,18,10.11,76.03,87.73,86.25,79.84,24.370559,93.651559,2025-03-31
MAN-CCP-02-008,Manipur,Churachandpur,Henglep,Henglep Local Council Group 02,Henglep Demo Village 008,1097,199,181,148,112,75.68,136,87,63.97,154,103,66.88,136,103,75.74,13,7.18,63.88,64.97,79.68,70.74,24.222236,93.674148,2025-03-31
MAN-CCP-02-009,Manipur,Churachandpur,Henglep,Henglep Local Council Group 02,Henglep Demo Village 009,744,195,195,145,135,93.10,165,135,81.82,169,122,72.19,174,150,86.21,11,5.64,76.19,81.82,91.1,88.21,24.386812,93.591888,2025-03-31
MAN-CCP-02-010,Manipur,Churachandpur,Henglep,Henglep Local Council Group 02,Henglep Demo Village 010,3021,693,658,630,523,83.02,517,445,86.07,615,523,85.04,546,459,84.07,81,12.31,85.04,82.07,78.02,79.07,24.43032,93.564572,2025-03-31
MAN-CCP-02-011,Manipur,Churachandpur,Henglep,Henglep Local Council Group 03,Henglep Demo Village 011,674,111,111,103,78,75.73,109,86,78.90,98,32,32.65,84,66,78.57,19,17.12,37.65,79.9,74.73,73.57,24.338809,93.597874,2025-03-31
MAN-CCP-02-012,Manipur,Churachandpur,Henglep,Henglep Local Council Group 03,Henglep Demo Village 012,2563,562,465,423,364,86.05,423,161,38.06,430,366,85.12,393,350,89.06,21,4.52,90.12,36.06,91.05,94.06,24.297193,93.578864,2025-03-31
MAN-CCP-02-013,Manipur,Churachandpur,Henglep,Henglep Local Council Group 03,Henglep Demo Village 013,970,248,207,188,83,44.15,178,137,76.97,152,108,71.05,190,135,71.05,36,17.39,67.05,72.97,49.15,66.05,24.302825,93.65192,2025-03-31
MAN-CCP-02-014,Manipur,Churachandpur,Henglep,Henglep Local Council Group 03,Henglep Demo Village 014,518,113,110,105,86,81.90,98,70,71.43,87,77,88.51,80,23,28.75,21,19.09,85.51,77.43,76.9,34.75,24.247364,93.588138,2025-03-31
MAN-CCP-02-015,Manipur,Churachandpur,Henglep,Henglep Local Council Group 03,Henglep Demo Village 015,1751,403,279,259,85,32.82,233,114,48.93,268,142,52.99,232,116,50.00,61,21.86,53.99,45.93,37.82,50.0,24.337224,93.697542,2025-03-31
MAN-CCP-02-016,Manipur,Churachandpur,Henglep,Henglep Local Council Group 04,Henglep Demo Village 016,1309,346,224,185,128,69.19,210,162,77.14,172,122,70.93,201,179,89.05,89,39.73,76.93,80.14,70.19,94.05,24.27554,93.680158,2025-03-31
MAN-CCP-02-017,Manipur,Churachandpur,Henglep,Henglep Local Council Group 04,Henglep Demo Village 017,1566,346,231,173,109,63.01,192,136,70.83,185,154,83.24,167,110,65.87,27,11.69,99.0,87.83,77.01,92.87,24.361327,93.783844,2025-03-31
MAN-CCP-02-018,Manipur,Churachandpur,Henglep,Henglep Local Council Group 04,Henglep Demo Village 018,2368,447,387,293,278,94.88,301,108,35.88,338,328,97.04,325,120,36.92,58,14.99,99.0,34.88,95.88,40.92,24.261538,93.764501,2025-03-31
MAN-CCP-02-019,Manipur,Churachandpur,Henglep,Henglep Local Council Group 04,Henglep Demo Village 019,803,145,140,135,99,73.33,138,109,78.99,138,127,92.03,115,98,85.22,2,1.43,95.03,78.99,79.33,86.22,24.347166,93.629649,2025-03-31
MAN-CCP-02-020,Manipur,Churachandpur,Henglep,Henglep Local Council Group 04,Henglep Demo Village 020,996,174,115,103,56,54.37,91,44,48.35,102,78,76.47,102,52,50.98,10,8.70,75.47,47.35,48.37,51.98,24.289766,93.78305,2025-03-31
MAN-CCP-02-021,Manipur,Churachandpur,Henglep,Henglep Local Council Group 05,Henglep Demo Village 021,2026,366,259,214,186,86.92,228,160,70.18,238,198,83.19,224,208,92.86,10,3.86,89.19,74.18,89.92,87.86,24.348382,93.755149,2025-03-31
MAN-CCP-03-001,Manipur,Churachandpur,Singngat,Singngat Local Council Group 01,Singngat Demo Village 001,2310,382,299,299,287,95.99,268,257,95.90,258,235,91.09,296,258,87.16,26,8.70,87.09,93.9,90.99,87.16,24.277002,93.684348,2025-03-31
MAN-CCP-03-002,Manipur,Churachandpur,Singngat,Singngat Local Council Group 01,Singngat Demo Village 002,2302,566,534,486,340,69.96,495,446,90.10,443,159,35.89,465,400,86.02,53,9.93,38.89,95.1,75.96,89.02,24.280459,93.774513,2025-03-31
MAN-CCP-03-003,Manipur,Churachandpur,Singngat,Singngat Local Council Group 01,Singngat Demo Village 003,1467,316,237,231,189,81.82,191,78,40.84,221,179,81.00,221,199,90.05,17,7.17,75.0,34.84,75.82,89.05,24.430326,93.741776,2025-03-31
MAN-CCP-03-004,Manipur,Churachandpur,Singngat,Singngat Local Council Group 01,Singngat Demo Village 004,3107,710,525,501,220,43.91,435,335,77.01,393,318,80.92,520,463,89.04,7,1.33,83.92,77.01,41.91,95.04,24.334345,93.582202,2025-03-31
MAN-CCP-03-005,Manipur,Churachandpur,Singngat,Singngat Local Council Group 01,Singngat Demo Village 005,3443,738,503,372,286,76.88,497,378,76.06,403,322,79.90,373,157,42.09,55,10.93,81.9,71.06,73.88,36.09,24.35896,93.791799,2025-03-31
MAN-CCP-03-006,Manipur,Churachandpur,Singngat,Singngat Local Council Group 02,Singngat Demo Village 006,2356,470,323,291,125,42.96,268,113,42.16,264,108,40.91,269,102,37.92,65,20.12,45.91,40.16,42.96,42.92,24.268102,93.611809,2025-03-31
MAN-CCP-03-007,Manipur,Churachandpur,Singngat,Singngat Local Council Group 02,Singngat Demo Village 007,1492,360,297,217,180,82.95,225,162,72.00,266,231,86.84,226,170,75.22,107,36.03,90.84,69.0,79.95,76.22,24.286945,93.609058,2025-03-31
MAN-CCP-03-008,Manipur,Churachandpur,Singngat,Singngat Local Council Group 02,Singngat Demo Village 008,3443,766,756,733,616,84.04,715,515,72.03,602,476,79.07,672,470,69.94,72,9.52,99.0,89.03,99.0,85.94,24.357282,93.613505,2025-03-31
MAN-CCP-03-009,Manipur,Churachandpur,Singngat,Singngat Local Council Group 02,Singngat Demo Village 009,1893,425,396,393,373,94.91,355,163,45.92,354,297,83.90,337,121,35.91,37,9.34,83.9,39.92,93.91,30.91,24.320412,93.759907,2025-03-31
MAN-CCP-03-010,Manipur,Churachandpur,Singngat,Singngat Local Council Group 02,Singngat Demo Village 010,2013,354,226,212,176,83.02,181,132,72.93,202,143,70.79,171,137,80.12,11,4.87,67.79,76.93,86.02,83.12,24.283191,93.632232,2025-03-31
MAN-CCP-03-011,Manipur,Churachandpur,Singngat,Singngat Local Council Group 03,Singngat Demo Village 011,4724,778,700,553,282,50.99,614,332,54.07,646,375,58.05,700,462,66.00,43,6.14,64.05,52.07,46.99,63.0,24.29598,93.678486,2025-03-31
MAN-CCP-03-012,Manipur,Churachandpur,Singngat,Singngat Local Council Group 03,Singngat Demo Village 012,2802,610,414,325,254,78.15,409,368,89.98,388,365,94.07,359,248,69.08,62,14.98,99.0,85.98,74.15,65.08,24.276629,93.738942,2025-03-31
MAN-CCP-03-013,Manipur,Churachandpur,Singngat,Singngat Local Council Group 03,Singngat Demo Village 013,3971,748,746,718,696,96.94,690,614,88.99,627,552,88.04,725,609,84.00,104,13.94,86.04,86.99,96.94,81.0,24.415622,93.753003,2025-03-31
MAN-CCP-03-014,Manipur,Churachandpur,Singngat,Singngat Local Council Group 03,Singngat Demo Village 014,1179,310,233,228,162,71.05,191,170,89.01,195,98,50.26,194,142,73.20,44,18.88,52.26,84.01,65.05,67.2,24.297088,93.562663,2025-03-31
MAN-CCP-03-015,Manipur,Churachandpur,Singngat,Singngat Local Council Group 03,Singngat Demo Village 015,2114,515,413,342,250,73.10,341,136,39.88,309,229,74.11,297,238,80.13,49,11.86,70.11,42.88,75.1,76.13,24.220768,93.732742,2025-03-31
MAN-CCP-03-016,Manipur,Churachandpur,Singngat,Singngat Local Council Group 04,Singngat Demo Village 016,250,61,46,44,16,36.36,34,26,76.47,44,33,75.00,41,32,78.05,1,2.17,74.0,79.47,41.36,74.05,24.354284,93.634731,2025-03-31
MAN-CCP-03-017,Manipur,Churachandpur,Singngat,Singngat Local Council Group 04,Singngat Demo Village 017,3269,621,412,338,301,89.05,359,320,89.14,325,237,72.92,367,176,47.96,72,17.48,71.92,83.14,95.05,45.96,24.250389,93.709353,2025-03-31
MAN-CCP-03-018,Manipur,Churachandpur,Singngat,Singngat Local Council Group 04,Singngat Demo Village 018,2187,409,320,315,98,31.11,299,105,35.12,308,157,50.97,240,74,30.83,73,22.81,48.97,39.12,36.11,31.83,24.312518,93.710382,2025-03-31
MAN-CCP-03-019,Manipur,Churachandpur,Singngat,Singngat Local Council Group 04,Singngat Demo Village 019,4024,702,444,425,314,73.88,382,332,86.91,350,301,86.00,372,331,88.98,188,42.34,90.0,92.91,73.88,86.98,24.241633,93.684697,2025-03-31
MAN-CCP-03-020,Manipur,Churachandpur,Singngat,Singngat Local Council Group 04,Singngat Demo Village 020,2463,415,371,273,169,61.90,274,192,70.07,283,224,79.15,310,236,76.13,69,18.60,99.0,99.0,76.9,99.0,24.320811,93.685747,2025-03-31
MAN-CCP-03-021,Manipur,Churachandpur,Singngat,Singngat Local Council Group 05,Singngat Demo Village 021,1789,311,311,268,241,89.93,280,98,35.00,261,232,88.89,229,121,52.84,17,5.47,86.89,30.0,89.93,46.84,24.26101,93.57526,2025-03-31
MAN-CCP-04-001,Manipur,Churachandpur,Thanlon,Thanlon Local Council Group 01,Thanlon Demo Village 001,3816,653,482,416,312,75.00,447,393,87.92,449,391,87.08,475,423,89.05,64,13.28,82.08,88.92,70.0,88.05,24.416,93.796729,2025-03-31
MAN-CCP-04-002,Manipur,Churachandpur,Thanlon,Thanlon Local Council Group 01,Thanlon Demo Village 002,4369,757,717,652,430,65.95,708,496,70.06,709,475,67.00,614,368,59.93,50,6.97,65.0,67.06,60.95,57.93,24.251981,93.620361,2025-03-31
MAN-CCP-04-003,Manipur,Churachandpur,Thanlon,Thanlon Local Council Group 01,Thanlon Demo Village 003,2131,378,302,299,239,79.93,236,203,86.02,240,166,69.17,220,196,89.09,47,15.56,67.17,83.02,73.93,85.09,24.375527,93.659056,2025-03-31
MAN-CCP-04-004,Manipur,Churachandpur,Thanlon,Thanlon Local Council Group 01,Thanlon Demo Village 004,2221,557,494,462,388,83.98,406,369,90.89,399,347,86.97,397,361,90.93,77,15.59,86.97,86.89,81.98,90.93,24.355873,93.799665,2025-03-31
MAN-CCP-04-005,Manipur,Churachandpur,Thanlon,Thanlon Local Council Group 01,Thanlon Demo Village 005,2187,469,397,309,263,85.11,385,320,83.12,297,83,27.95,306,266,86.93,25,6.30,31.95,80.12,89.11,83.93,24.295992,93.611465,2025-03-31
MAN-CCP-04-006,Manipur,Churachandpur,Thanlon,Thanlon Local Council Group 02,Thanlon Demo Village 006,984,173,124,117,104,88.89,99,47,47.47,115,89,77.39,120,109,90.83,18,14.52,71.39,49.47,91.89,86.83,24.2801,93.734367,2025-03-31
MAN-CCP-04-007,Manipur,Churachandpur,Thanlon,Thanlon Local Council Group 02,Thanlon Demo Village 007,1820,323,321,256,90,35.16,307,279,90.88,316,228,72.15,317,247,77.92,42,13.08,75.15,89.88,38.16,79.92,24.297697,93.700895,2025-03-31
MAN-CCP-04-008,Manipur,Churachandpur,Thanlon,Thanlon Local Council Group 02,Thanlon Demo Village 008,3470,613,466,399,323,80.95,417,300,71.94,432,372,86.11,369,188,50.95,24,5.15,91.11,77.94,82.95,44.95,24.2681,93.693304,2025-03-31
MAN-CCP-04-009,Manipur,Churachandpur,Thanlon,Thanlon Local Council Group 02,Thanlon Demo Village 009,1552,404,261,210,71,33.81,225,83,36.89,239,91,38.08,235,73,31.06,57,21.84,40.08,32.89,33.81,25.06,24.224452,93.561022,2025-03-31
MAN-CCP-04-010,Manipur,Churachandpur,Thanlon,Thanlon Local Council Group 02,Thanlon Demo Village 010,2997,505,339,258,194,75.19,307,239,77.85,313,225,71.88,309,238,77.02,132,38.94,76.88,72.85,72.19,77.02,24.344778,93.677279,2025-03-31
MAN-CCP-04-011,Manipur,Churachandpur,Thanlon,Thanlon Local Council Group 03,Thanlon Demo Village 011,580,131,120,104,63,60.58,99,67,67.68,87,61,70.11,107,77,71.96,7,5.83,84.11,84.68,82.58,94.96,24.406085,93.634471,2025-03-31
MAN-CCP-04-012,Manipur,Churachandpur,Thanlon,Thanlon Local Council Group 03,Thanlon Demo Village 012,1956,522,366,276,259,93.84,312,109,34.94,311,277,89.07,324,168,51.85,7,1.91,95.07,29.94,96.84,57.85,24.354525,93.642034,2025-03-31
MAN-CCP-04-013,Manipur,Churachandpur,Thanlon,Thanlon Local Council Group 03,Thanlon Demo Village 013,3644,665,579,511,404,79.06,558,441,79.03,449,314,69.93,465,372,80.00,109,18.83,66.93,83.03,83.06,77.0,24.375846,93.633746,2025-03-31
MAN-CCP-04-014,Manipur,Churachandpur,Thanlon,Thanlon Local Council Group 03,Thanlon Demo Village 014,3366,606,425,369,229,62.06,370,185,50.00,416,312,75.00,340,241,70.88,35,8.24,80.0,47.0,66.06,71.88,24.429504,93.659397,2025-03-31
MAN-CCP-04-015,Manipur,Churachandpur,Thanlon,Thanlon Local Council Group 03,Thanlon Demo Village 015,1579,297,252,183,154,84.15,205,166,80.98,227,209,92.07,242,174,71.90,33,13.10,98.07,80.98,84.15,69.9,24.421572,93.775524,2025-03-31
MAN-CCP-04-016,Manipur,Churachandpur,Thanlon,Thanlon Local Council Group 04,Thanlon Demo Village 016,2478,617,532,401,373,93.02,425,370,87.06,398,358,89.95,463,394,85.10,28,5.26,86.95,82.06,93.02,80.1,24.27089,93.703488,2025-03-31
MAN-CCP-04-017,Manipur,Churachandpur,Thanlon,Thanlon Local Council Group 04,Thanlon Demo Village 017,1092,197,124,116,95,81.90,111,87,78.38,103,34,33.01,96,86,89.58,5,4.03,29.01,77.38,80.9,93.58,24.330794,93.560764,2025-03-31
MAN-CCP-04-018,Manipur,Churachandpur,Thanlon,Thanlon Local Council Group 04,Thanlon Demo Village 018,2638,551,435,351,270,76.92,435,161,37.01,401,305,76.06,421,375,89.07,75,17.24,79.06,38.01,76.92,93.07,24.296159,93.792036,2025-03-31
MAN-CCP-04-019,Manipur,Churachandpur,Thanlon,Thanlon Local Council Group 04,Thanlon Demo Village 019,2784,611,498,460,143,31.09,469,347,73.99,445,343,77.08,454,363,79.96,65,13.05,79.08,74.99,28.09,85.96,24.370138,93.581279,2025-03-31
MAN-CCP-04-020,Manipur,Churachandpur,Thanlon,Thanlon Local Council Group 04,Thanlon Demo Village 020,273,62,47,42,35,83.33,37,29,78.38,46,39,84.78,34,13,38.24,8,17.02,85.78,75.38,81.33,32.24,24.233964,93.719024,2025-03-31
MAN-CCP-04-021,Manipur,Churachandpur,Thanlon,Thanlon Local Council Group 05,Thanlon Demo Village 021,3057,537,525,468,192,41.03,461,226,49.02,442,146,33.03,472,156,33.05,142,27.05,32.03,53.02,39.03,39.05,24.2232,93.622103,2025-03-31
MAN-CCP-05-001,Manipur,Churachandpur,Tipaimukh,Tipaimukh Local Council Group 01,Tipaimukh Demo Village 001,604,155,107,100,68,68.00,78,66,84.62,80,58,72.50,103,70,67.96,46,42.99,72.5,80.62,63.0,73.96,24.438031,93.793608,2025-03-31
MAN-CCP-05-002,Manipur,Churachandpur,Tipaimukh,Tipaimukh Local Council Group 01,Tipaimukh Demo Village 002,3040,670,438,345,269,77.97,359,215,59.89,355,252,70.99,319,258,80.88,24,5.48,89.99,82.89,99.0,95.88,24.416131,93.660845,2025-03-31
MAN-CCP-05-003,Manipur,Churachandpur,Tipaimukh,Tipaimukh Local Council Group 01,Tipaimukh Demo Village 003,755,163,138,109,106,97.25,135,63,46.67,136,131,96.32,124,48,38.71,20,14.49,99.0,50.67,93.25,42.71,24.293852,93.676159,2025-03-31
MAN-CCP-05-004,Manipur,Churachandpur,Tipaimukh,Tipaimukh Local Council Group 01,Tipaimukh Demo Village 004,2642,523,345,329,257,78.12,321,295,91.90,263,205,77.95,274,241,87.96,11,3.19,76.95,92.9,84.12,90.96,24.238306,93.677289,2025-03-31
MAN-CCP-05-005,Manipur,Churachandpur,Tipaimukh,Tipaimukh Local Council Group 01,Tipaimukh Demo Village 005,1575,300,202,161,121,75.16,154,77,50.00,182,87,47.80,181,101,55.80,10,4.95,48.8,51.0,79.16,57.8,24.249027,93.615894,2025-03-31
MAN-CCP-05-006,Manipur,Churachandpur,Tipaimukh,Tipaimukh Local Council Group 02,Tipaimukh Demo Village 006,2234,480,328,259,184,71.04,303,209,68.98,261,232,88.89,289,214,74.05,58,17.68,87.89,70.98,77.04,80.05,24.245925,93.7752,2025-03-31
MAN-CCP-05-007,Manipur,Churachandpur,Tipaimukh,Tipaimukh Local Council Group 02,Tipaimukh Demo Village 007,2153,514,440,374,322,86.10,320,266,83.13,338,301,89.05,416,404,97.12,34,7.73,89.05,79.13,83.1,93.12,24.41459,93.561769,2025-03-31
MAN-CCP-05-008,Manipur,Churachandpur,Tipaimukh,Tipaimukh Local Council Group 02,Tipaimukh Demo Village 008,3835,640,504,406,309,76.11,410,344,83.90,404,166,41.09,488,444,90.98,87,17.26,35.09,78.9,81.11,93.98,24.251649,93.701959,2025-03-31
MAN-CCP-05-009,Manipur,Churachandpur,Tipaimukh,Tipaimukh Local Council Group 02,Tipaimukh Demo Village 009,2369,418,320,318,251,78.93,297,151,50.84,268,220,82.09,239,217,90.79,48,15.00,88.09,54.84,84.93,95.79,24.385439,93.726015,2025-03-31
MAN-CCP-05-010,Manipur,Churachandpur,Tipaimukh,Tipaimukh Local Council Group 02,Tipaimukh Demo Village 010,3227,765,590,481,178,37.01,457,375,82.06,543,456,83.98,511,409,80.04,17,2.88,87.98,86.06,38.01,75.04,24.436995,93.645901,2025-03-31
MAN-CCP-05-011,Manipur,Churachandpur,Tipaimukh,Tipaimukh Local Council Group 03,Tipaimukh Demo Village 011,3041,623,505,423,355,83.92,469,356,75.91,440,387,87.95,404,158,39.11,56,11.09,88.95,76.91,77.92,33.11,24.238844,93.771999,2025-03-31
MAN-CCP-05-012,Manipur,Churachandpur,Tipaimukh,Tipaimukh Local Council Group 03,Tipaimukh Demo Village 012,2355,602,566,517,284,54.93,453,254,56.07,530,207,39.06,500,280,56.00,139,24.56,40.06,54.07,58.93,52.0,24.380511,93.769082,2025-03-31
MAN-CCP-05-013,Manipur,Churachandpur,Tipaimukh,Tipaimukh Local Council Group 03,Tipaimukh Demo Village 013,1963,390,258,240,194,80.83,225,198,88.00,203,181,89.16,188,135,71.81,92,35.66,86.16,85.0,77.83,65.81,24.342799,93.660996,2025-03-31
MAN-CCP-05-014,Manipur,Churachandpur,Tipaimukh,Tipaimukh Local Council Group 03,Tipaimukh Demo Village 014,2164,452,304,232,181,78.02,275,170,61.82,275,212,77.09,287,212,73.87,45,14.80,94.09,75.82,99.0,95.87,24.391107,93.617703,2025-03-31
MAN-CCP-05-015,Manipur,Churachandpur,Tipaimukh,Tipaimukh Local Council Group 03,Tipaimukh Demo Village 015,3262,671,613,480,437,91.04,597,263,44.05,581,517,88.98,495,203,41.01,8,1.31,85.98,38.05,85.04,39.01,24.326458,93.600525,2025-03-31
MAN-CCP-05-016,Manipur,Churachandpur,Tipaimukh,Tipaimukh Local Council Group 04,Tipaimukh Demo Village 016,1128,223,211,182,157,86.26,152,112,73.68,196,153,78.06,194,146,75.26,25,11.85,81.06,67.68,90.26,77.26,24.379538,93.630237,2025-03-31
MAN-CCP-05-017,Manipur,Churachandpur,Tipaimukh,Tipaimukh Local Council Group 04,Tipaimukh Demo Village 017,766,127,89,66,32,48.48,75,46,61.33,85,39,45.88,84,52,61.90,4,4.49,40.88,65.33,44.48,66.9,24.402345,93.606452,2025-03-31
MAN-CCP-05-018,Manipur,Churachandpur,Tipaimukh,Tipaimukh Local Council Group 04,Tipaimukh Demo Village 018,2824,650,510,426,324,76.06,386,344,89.12,493,424,86.00,440,378,85.91,68,13.33,88.0,83.12,79.06,85.91,24.319816,93.706224,2025-03-31
MAN-CCP-05-019,Manipur,Churachandpur,Tipaimukh,Tipaimukh Local Council Group 04,Tipaimukh Demo Village 019,3682,671,418,336,306,91.07,411,349,84.91,369,332,89.97,309,266,86.08,79,18.90,89.97,82.91,88.07,82.08,24.302251,93.567243,2025-03-31
MAN-CCP-05-020,Manipur,Churachandpur,Tipaimukh,Tipaimukh Local Council Group 04,Tipaimukh Demo Village 020,1158,190,138,105,84,80.00,118,103,87.29,126,57,45.24,126,102,80.95,13,9.42,43.24,86.29,79.0,80.95,24.329354,93.620907,2025-03-31
MAN-CCP-05-021,Manipur,Churachandpur,Tipaimukh,Tipaimukh Local Council Group 05,Tipaimukh Demo Village 021,1180,216,139,103,90,87.38,130,58,44.62,107,88,82.24,102,75,73.53,8,5.76,85.24,38.62,93.38,74.53,24.372617,93.578543,2025-03-31
MAN-CCP-06-001,Manipur,Churachandpur,Saikot,Saikot Local Council Group 01,Saikot Demo Village 001,2473,460,311,254,89,35.04,227,175,77.09,296,243,82.09,291,212,72.85,54,17.36,76.09,79.09,39.04,73.85,24.282532,93.664884,2025-03-31
MAN-CCP-06-002,Manipur,Churachandpur,Saikot,Saikot Local Council Group 01,Saikot Demo Village 002,3874,657,607,556,389,69.96,438,346,79.00,557,440,78.99,483,237,49.07,95,15.65,74.99,78.0,65.96,53.07,24.249915,93.685972,2025-03-31
MAN-CCP-06-003,Manipur,Churachandpur,Saikot,Saikot Local Council Group 01,Saikot Demo Village 003,4047,773,606,524,278,53.05,578,225,38.93,542,184,33.95,483,275,56.94,120,19.80,34.95,38.93,56.05,51.94,24.243745,93.595632,2025-03-31
MAN-CCP-06-004,Manipur,Churachandpur,Saikot,Saikot Local Council Group 01,Saikot Demo Village 004,2180,561,423,308,271,87.99,404,335,82.92,398,326,81.91,370,266,71.89,156,36.88,77.91,87.92,91.99,71.89,24.271692,93.666602,2025-03-31
MAN-CCP-06-005,Manipur,Churachandpur,Saikot,Saikot Local Council Group 01,Saikot Demo Village 005,195,42,32,27,20,74.07,30,22,73.33,27,18,66.67,28,18,64.29,2,6.25,80.67,88.33,99.0,80.29,24.40926,93.786716,2025-03-31
MAN-CCP-06-006,Manipur,Churachandpur,Saikot,Saikot Local Council Group 02,Saikot Demo Village 006,413,90,67,57,56,98.25,57,21,36.84,50,42,84.00,48,18,37.50,8,11.94,87.0,37.84,94.25,41.5,24.288405,93.636112,2025-03-31
MAN-CCP-06-007,Manipur,Churachandpur,Saikot,Saikot Local Council Group 02,Saikot Demo Village 007,2291,481,303,223,183,82.06,220,191,86.82,287,238,82.93,237,168,70.89,29,9.57,81.93,87.82,87.06,64.89,24.312206,93.692798,2025-03-31
MAN-CCP-06-008,Manipur,Churachandpur,Saikot,Saikot Local Council Group 02,Saikot Demo Village 008,445,98,85,62,47,75.81,64,40,62.50,67,37,55.22,70,37,52.86,5,5.88,57.22,58.5,78.81,57.86,24.333872,93.679884,2025-03-31
MAN-CCP-06-009,Manipur,Churachandpur,Saikot,Saikot Local Council Group 02,Saikot Demo Village 009,1680,358,292,285,254,89.12,270,189,70.00,234,166,70.94,254,201,79.13,17,5.82,74.94,66.0,84.12,85.13,24.325208,93.632281,2025-03-31
MAN-CCP-06-010,Manipur,Churachandpur,Saikot,Saikot Local Council Group 02,Saikot Demo Village 010,1958,466,307,277,233,84.12,287,235,81.88,258,243,94.19,282,265,93.97,45,14.66,92.19,77.88,84.12,92.97,24.294399,93.659219,2025-03-31
MAN-CCP-06-011,Manipur,Churachandpur,Saikot,Saikot Local Council Group 03,Saikot Demo Village 011,3043,763,762,695,542,77.99,751,638,84.95,646,245,37.93,678,529,78.02,70,9.19,36.93,84.95,72.99,75.02,24.412346,93.685166,2025-03-31
MAN-CCP-06-012,Manipur,Churachandpur,Saikot,Saikot Local Council Group 03,Saikot Demo Village 012,2128,550,480,398,310,77.89,363,120,33.06,441,326,73.92,427,363,85.01,43,8.96,75.92,27.06,72.89,80.01,24.24967,93.593796,2025-03-31
MAN-CCP-06-013,Manipur,Churachandpur,Saikot,Saikot Local Council Group 03,Saikot Demo Village 013,801,144,98,92,45,48.91,72,56,77.78,80,64,80.00,76,57,75.00,17,17.35,85.0,83.78,51.91,72.0,24.437908,93.613048,2025-03-31
MAN-CCP-06-014,Manipur,Churachandpur,Saikot,Saikot Local Council Group 03,Saikot Demo Village 014,2902,688,433,346,242,69.94,318,223,70.13,401,357,89.03,343,96,27.99,70,16.17,91.03,67.13,73.94,31.99,24.305376,93.762485,2025-03-31
MAN-CCP-06-015,Manipur,Churachandpur,Saikot,Saikot Local Council Group 03,Saikot Demo Village 015,1544,256,197,145,77,53.10,165,59,35.76,149,51,34.23,184,99,53.80,54,27.41,37.23,29.76,59.1,50.8,24.396672,93.773543,2025-03-31
MAN-CCP-06-016,Manipur,Churachandpur,Saikot,Saikot Local Council Group 04,Saikot Demo Village 016,2154,403,283,231,159,68.83,276,232,84.06,241,202,83.82,220,165,75.00,77,27.21,83.82,83.06,68.83,79.0,24.297797,93.630443,2025-03-31
MAN-CCP-06-017,Manipur,Churachandpur,Saikot,Saikot Local Council Group 04,Saikot Demo Village 017,1834,327,237,212,142,66.98,171,108,63.16,177,140,79.10,233,189,81.12,9,3.80,94.1,90.16,84.98,99.0,24.406388,93.687476,2025-03-31
MAN-CCP-06-018,Manipur,Churachandpur,Saikot,Saikot Local Council Group 04,Saikot Demo Village 018,1566,279,278,269,258,95.91,254,94,37.01,243,231,95.06,216,110,50.93,51,18.35,99.0,36.01,93.91,47.93,24.288335,93.797398,2025-03-31
MAN-CCP-06-019,Manipur,Churachandpur,Saikot,Saikot Local Council Group 04,Saikot Demo Village 019,1254,318,228,167,144,86.23,170,131,77.06,168,156,92.86,222,209,94.14,25,10.96,93.86,77.06,92.23,88.14,24.286509,93.612552,2025-03-31
MAN-CCP-06-020,Manipur,Churachandpur,Saikot,Saikot Local Council Group 04,Saikot Demo Village 020,3711,671,506,404,307,75.99,366,253,69.13,465,256,55.05,416,216,51.92,73,14.43,50.05,71.13,76.99,47.92,24.278145,93.700811,2025-03-31
MAN-IEA-01-001,Manipur,Imphal East,Porompat,Porompat Local Council Group 01,Porompat Demo Village 001,3433,751,536,507,355,70.02,502,361,71.91,433,359,82.91,453,408,90.07,46,8.58,78.91,71.91,66.02,94.07,24.809579,94.026183,2025-03-31
MAN-IEA-01-002,Manipur,Imphal East,Porompat,Porompat Local Council Group 01,Porompat Demo Village 002,2777,508,329,279,153,54.84,246,145,58.94,269,183,68.03,274,148,54.01,24,7.29,69.03,52.94,58.84,52.01,24.704779,94.060657,2025-03-31
MAN-IEA-01-003,Manipur,Imphal East,Porompat,Porompat Local Council Group 01,Porompat Demo Village 003,1326,231,214,169,134,79.29,180,164,91.11,212,197,92.92,203,183,90.15,32,14.95,94.92,86.11,80.29,88.15,24.761878,94.073703,2025-03-31
MAN-IEA-01-004,Manipur,Imphal East,Porompat,Porompat Local Council Group 01,Porompat Demo Village 004,1278,251,236,217,208,95.85,211,181,85.78,224,193,86.16,176,157,89.20,29,12.29,83.16,80.78,90.85,85.2,24.747824,93.860145,2025-03-31
MAN-IEA-01-005,Manipur,Imphal East,Porompat,Porompat Local Council Group 01,Porompat Demo Village 005,911,200,188,157,138,87.90,177,138,77.97,153,73,47.71,179,159,88.83,15,7.98,45.71,71.97,86.9,93.83,24.836387,93.890612,2025-03-31
MAN-IEA-01-006,Manipur,Imphal East,Porompat,Porompat Local Council Group 02,Porompat Demo Village 006,1133,211,165,124,95,76.61,155,46,29.68,139,100,71.94,123,107,86.99,23,13.94,70.94,28.68,79.61,82.99,24.8756,93.959299,2025-03-31
MAN-IEA-01-007,Manipur,Imphal East,Porompat,Porompat Local Council Group 02,Porompat Demo Village 007,2890,524,460,388,109,28.09,440,334,75.91,376,327,86.97,448,314,70.09,20,4.35,83.97,69.91,28.09,70.09,24.836063,93.960728,2025-03-31
MAN-IEA-01-008,Manipur,Imphal East,Porompat,Porompat Local Council Group 02,Porompat Demo Village 008,3385,779,707,680,585,86.03,617,481,77.96,565,497,87.96,699,329,47.07,82,11.60,91.96,77.96,86.03,51.07,24.909095,93.850704,2025-03-31
MAN-IEA-01-009,Manipur,Imphal East,Porompat,Porompat Local Council Group 02,Porompat Demo Village 009,2358,445,372,291,108,37.11,372,190,51.08,313,169,53.99,365,168,46.03,82,22.04,50.99,47.08,39.11,47.03,24.870638,94.054287,2025-03-31
MAN-IEA-01-010,Manipur,Imphal East,Porompat,Porompat Local Council Group 02,Porompat Demo Village 010,2179,554,409,395,328,83.04,334,230,68.86,323,239,73.99,340,309,90.88,171,41.81,72.99,70.86,81.04,89.88,24.827752,93.92997,2025-03-31
MAN-IEA-01-011,Manipur,Imphal East,Porompat,Porompat Local Council Group 03,Porompat Demo Village 011,265,71,62,55,45,81.82,51,42,82.35,49,32,65.31,51,43,84.31,2,3.23,89.31,96.35,99.0,99.0,24.731181,93.894764,2025-03-31
MAN-IEA-01-012,Manipur,Imphal East,Porompat,Porompat Local Council Group 03,Porompat Demo Village 012,667,136,106,91,86,94.51,100,44,44.00,93,88,94.62,84,31,36.90,17,16.04,88.62,43.0,97.51,31.9,24.714606,94.089472,2025-03-31
MAN-IEA-01-013,Manipur,Imphal East,Porompat,Porompat Local Council Group 03,Porompat Demo Village 013,467,111,109,91,75,82.42,79,70,88.61,109,88,80.73,96,73,76.04,8,7.34,82.73,92.61,87.42,73.04,24.842688,94.012674,2025-03-31
MAN-IEA-01-014,Manipur,Imphal East,Porompat,Porompat Local Council Group 03,Porompat Demo Village 014,2824,540,511,472,288,61.02,511,327,63.99,399,283,70.93,371,252,67.92,61,11.94,70.93,58.99,60.02,73.92,24.845061,94.009464,2025-03-31
MAN-IEA-01-015,Manipur,Imphal East,Porompat,Porompat Local Council Group 03,Porompat Demo Village 015,1574,314,314,300,246,82.00,245,206,84.08,235,190,80.85,311,255,81.99,59,18.79,86.85,89.08,77.0,79.99,24.772359,93.939689,2025-03-31
MAN-IEA-01-016,Manipur,Imphal East,Porompat,Porompat Local Council Group 04,Porompat Demo Village 016,2806,738,652,603,513,85.07,484,397,82.02,638,612,95.92,568,528,92.96,107,16.41,95.92,77.02,81.07,90.96,24.91608,94.059476,2025-03-31
MAN-IEA-01-017,Manipur,Imphal East,Porompat,Porompat Local Council Group 04,Porompat Demo Village 017,1685,388,273,265,228,86.04,237,178,75.11,210,90,42.86,241,205,85.06,51,18.68,48.86,75.11,83.04,87.06,24.850138,93.951788,2025-03-31
MAN-IEA-01-018,Manipur,Imphal East,Porompat,Porompat Local Council Group 04,Porompat Demo Village 018,1534,386,359,349,297,85.10,280,143,51.07,342,250,73.10,323,284,87.93,37,10.31,79.1,56.07,89.1,89.93,24.88832,94.049939,2025-03-31
MAN-IEA-01-019,Manipur,Imphal East,Porompat,Porompat Local Council Group 04,Porompat Demo Village 019,3254,542,478,394,169,42.89,451,397,88.03,426,320,75.12,466,326,69.96,87,18.20,78.12,89.03,39.89,68.96,24.87573,93.86389,2025-03-31
MAN-IEA-01-020,Manipur,Imphal East,Porompat,Porompat Local Council Group 04,Porompat Demo Village 020,1408,285,284,247,225,91.09,240,204,85.00,221,190,85.97,204,67,32.84,16,5.63,91.97,80.0,85.09,34.84,24.728583,94.05679,2025-03-31
MAN-IEA-01-021,Manipur,Imphal East,Porompat,Porompat Local Council Group 05,Porompat Demo Village 021,1462,277,177,131,52,39.69,173,73,42.20,171,79,46.20,156,89,57.05,57,32.20,47.2,44.2,39.69,61.05,24.752784,94.036173,2025-03-31
MAN-IEA-01-022,Manipur,Imphal East,Porompat,Porompat Local Council Group 05,Porompat Demo Village 022,2406,403,326,291,210,72.16,311,211,67.85,296,269,90.88,254,213,83.86,133,40.80,94.88,63.85,78.16,77.86,24.778011,93.867907,2025-03-31
MAN-IEA-01-023,Manipur,Imphal East,Porompat,Porompat Local Council Group 05,Porompat Demo Village 023,3072,557,350,288,213,73.96,274,208,75.91,286,177,61.89,261,175,67.05,68,19.43,76.89,91.91,91.96,94.05,24.765981,93.873096,2025-03-31
MAN-IEA-01-024,Manipur,Imphal East,Porompat,Porompat Local Council Group 05,Porompat Demo Village 024,409,109,84,73,69,94.52,82,32,39.02,84,81,96.43,63,32,50.79,11,13.10,97.43,43.02,91.52,50.79,24.708574,93.962749,2025-03-31
MAN-IEA-01-025,Manipur,Imphal East,Porompat,Porompat Local Council Group 05,Porompat Demo Village 025,1625,388,314,306,217,70.92,250,188,75.20,253,195,77.08,291,236,81.10,37,11.78,75.08,79.2,64.92,84.1,24.886627,94.021545,2025-03-31
MAN-IEA-01-026,Manipur,Imphal East,Porompat,Porompat Local Council Group 06,Porompat Demo Village 026,1400,341,284,260,192,73.85,246,167,67.89,249,174,69.88,258,175,67.83,56,19.72,63.88,73.89,78.85,63.83,24.896762,94.026413,2025-03-31
MAN-IEA-01-027,Manipur,Imphal East,Porompat,Porompat Local Council Group 06,Porompat Demo Village 027,2830,541,458,456,365,80.04,364,284,78.02,443,399,90.07,416,370,88.94,9,1.97,96.07,78.02,75.04,94.94,24.860249,93.890174,2025-03-31
MAN-IEA-01-028,Manipur,Imphal East,Porompat,Porompat Local Council Group 06,Porompat Demo Village 028,1361,236,210,162,149,91.98,184,171,92.93,176,171,97.16,166,151,90.96,12,5.71,95.16,87.93,91.98,89.96,24.889401,93.970794,2025-03-31
MAN-IEA-01-029,Manipur,Imphal East,Porompat,Porompat Local Council Group 06,Porompat Demo Village 029,1385,269,202,177,133,75.14,180,139,77.22,183,66,36.07,183,134,73.22,22,10.89,40.07,80.22,79.14,78.22,24.91003,93.988199,2025-03-31
MAN-IEA-01-030,Manipur,Imphal East,Porompat,Porompat Local Council Group 06,Porompat Demo Village 030,2623,452,403,398,358,89.95,403,193,47.89,388,303,78.09,335,305,91.04,28,6.95,74.09,42.89,89.95,95.04,24.802457,93.946833,2025-03-31
MAN-IEA-01-031,Manipur,Imphal East,Porompat,Porompat Local Council Group 07,Porompat Demo Village 031,3051,744,681,582,297,51.03,513,431,84.02,551,468,84.94,646,491,76.01,96,14.10,81.94,80.02,56.03,71.01,24.902089,93.913947,2025-03-31
MAN-IEA-01-032,Manipur,Imphal East,Porompat,Porompat Local Council Group 07,Porompat Demo Village 032,3202,734,508,395,304,76.96,385,331,85.97,398,287,72.11,401,148,36.91,91,17.91,74.11,81.97,73.96,35.91,24.751583,93.893316,2025-03-31
MAN-IEA-02-001,Manipur,Imphal East,Sawombung,Sawombung Local Council Group 01,Sawombung Demo Village 001,1487,279,200,152,56,36.84,200,78,39.00,149,58,38.93,199,62,31.16,64,32.00,44.93,39.0,32.84,33.16,24.853997,93.874665,2025-03-31
MAN-IEA-02-002,Manipur,Imphal East,Sawombung,Sawombung Local Council Group 01,Sawombung Demo Village 002,3405,707,476,360,277,76.94,467,346,74.09,344,303,88.08,473,430,90.91,133,27.94,87.08,78.09,73.94,89.91,24.896296,93.915907,2025-03-31
MAN-IEA-02-003,Manipur,Imphal East,Sawombung,Sawombung Local Council Group 01,Sawombung Demo Village 003,1094,185,127,94,71,75.53,117,92,78.63,104,83,79.81,114,76,66.67,25,19.69,99.0,99.0,90.53,80.67,24.722348,94.084724,2025-03-31
MAN-IEA-02-004,Manipur,Imphal East,Sawombung,Sawombung Local Council Group 01,Sawombung Demo Village 004,993,164,141,139,128,92.09,122,45,36.89,121,111,91.74,141,62,43.97,11,7.80,88.74,42.89,88.09,45.97,24.914378,94.086641,2025-03-31
MAN-IEA-02-005,Manipur,Imphal East,Sawombung,Sawombung Local Council Group 01,Sawombung Demo Village 005,788,133,125,125,105,84.00,110,91,82.73,125,96,76.80,117,87,74.36,17,13.60,73.8,80.73,88.0,70.36,24.839355,93.900693,2025-03-31
MAN-IEA-02-006,Manipur,Imphal East,Sawombung,Sawombung Local Council Group 02,Sawombung Demo Village 006,435,99,86,63,33,52.38,69,45,65.22,77,53,68.83,64,42,65.63,12,13.95,71.83,63.22,50.38,62.63,24.85803,94.052084,2025-03-31
MAN-IEA-02-007,Manipur,Imphal East,Sawombung,Sawombung Local Council Group 02,Sawombung Demo Village 007,2588,466,375,306,266,86.93,352,275,78.13,327,291,88.99,287,198,68.99,74,19.73,83.99,77.13,88.93,69.99,24.845878,93.888123,2025-03-31
MAN-IEA-02-008,Manipur,Imphal East,Sawombung,Sawombung Local Council Group 02,Sawombung Demo Village 008,709,142,142,114,101,88.60,133,120,90.23,121,116,95.87,129,115,89.15,22,15.49,95.87,87.23,87.6,87.15,24.91221,93.894621,2025-03-31
MAN-IEA-02-009,Manipur,Imphal East,Sawombung,Sawombung Local Council Group 02,Sawombung Demo Village 009,1929,399,296,296,258,87.16,249,227,91.16,263,87,33.08,288,253,87.85,51,17.23,38.08,94.16,81.16,81.85,24.9163,94.026742,2025-03-31
MAN-IEA-02-010,Manipur,Imphal East,Sawombung,Sawombung Local Council Group 02,Sawombung Demo Village 010,3245,737,664,633,506,79.94,540,194,35.93,514,401,78.02,566,436,77.03,29,4.37,72.02,33.93,73.94,74.03,24.820574,94.085158,2025-03-31
MAN-IEA-02-011,Manipur,Imphal East,Sawombung,Sawombung Local Council Group 03,Sawombung Demo Village 011,2813,671,576,432,216,50.00,572,440,76.92,539,383,71.06,446,375,84.08,15,2.60,65.06,82.92,48.0,90.08,24.78826,94.066669,2025-03-31
MAN-IEA-02-012,Manipur,Imphal East,Sawombung,Sawombung Local Council Group 03,Sawombung Demo Village 012,316,58,55,43,38,88.37,50,38,76.00,46,34,73.91,40,12,30.00,2,3.64,74.91,74.0,89.37,32.0,24.816639,93.927995,2025-03-31
MAN-IEA-02-013,Manipur,Imphal East,Sawombung,Sawombung Local Council Group 03,Sawombung Demo Village 013,2409,576,452,442,252,57.01,344,114,33.14,367,114,31.06,327,177,54.13,87,19.25,26.06,30.14,58.01,48.13,24.774895,93.951503,2025-03-31
MAN-IEA-02-014,Manipur,Imphal East,Sawombung,Sawombung Local Council Group 03,Sawombung Demo Village 014,1667,277,218,168,123,73.21,208,168,80.77,162,112,69.14,169,140,82.84,60,27.52,65.14,82.77,75.21,79.84,24.81278,94.018762,2025-03-31
MAN-IEA-02-015,Manipur,Imphal East,Sawombung,Sawombung Local Council Group 03,Sawombung Demo Village 015,2673,606,433,325,228,70.15,341,259,75.95,313,235,75.08,427,359,84.07,13,3.00,99.0,99.0,93.15,98.07,24.7434,94.007776,2025-03-31
MAN-IEA-02-016,Manipur,Imphal East,Sawombung,Sawombung Local Council Group 04,Sawombung Demo Village 016,2618,540,500,399,367,91.98,384,157,40.89,394,374,94.92,482,236,48.96,6,1.20,89.92,40.89,90.98,43.96,24.80041,94.085813,2025-03-31
MAN-IEA-02-017,Manipur,Imphal East,Sawombung,Sawombung Local Council Group 04,Sawombung Demo Village 017,1128,244,194,169,118,69.82,146,121,82.88,176,141,80.11,186,145,77.96,34,17.53,75.11,80.88,63.82,81.96,24.738336,94.067852,2025-03-31
MAN-IEA-02-018,Manipur,Imphal East,Sawombung,Sawombung Local Council Group 04,Sawombung Demo Village 018,227,48,46,44,30,68.18,44,26,59.09,45,32,71.11,41,29,70.73,8,17.39,67.11,58.09,67.18,69.73,24.865862,93.906498,2025-03-31
MAN-IEA-02-019,Manipur,Imphal East,Sawombung,Sawombung Local Council Group 04,Sawombung Demo Village 019,849,195,160,125,104,83.20,137,111,81.02,142,124,87.32,118,99,83.90,19,11.88,83.32,77.02,82.2,79.9,24.800066,94.020537,2025-03-31
MAN-IEA-02-020,Manipur,Imphal East,Sawombung,Sawombung Local Council Group 04,Sawombung Demo Village 020,3564,728,632,527,453,85.96,504,474,94.05,601,511,85.02,561,516,91.98,19,3.01,83.02,92.05,81.96,88.98,24.781036,94.082935,2025-03-31
MAN-IEA-02-021,Manipur,Imphal East,Sawombung,Sawombung Local Council Group 05,Sawombung Demo Village 021,1727,441,289,233,179,76.82,289,205,70.93,273,139,50.92,226,176,77.88,56,19.38,55.92,76.93,71.82,81.88,24.919094,94.076588,2025-03-31
MAN-IEA-02-022,Manipur,Imphal East,Sawombung,Sawombung Local Council Group 05,Sawombung Demo Village 022,1892,359,272,236,175,74.15,233,107,45.92,212,157,74.06,264,187,70.83,33,12.13,80.06,48.92,70.15,67.83,24.705827,93.866987,2025-03-31
MAN-IEA-02-023,Manipur,Imphal East,Sawombung,Sawombung Local Council Group 05,Sawombung Demo Village 023,3778,669,547,465,186,40.00,514,406,78.99,494,445,90.08,525,478,91.05,6,1.10,96.08,72.99,35.0,91.05,24.863609,93.867067,2025-03-31
MAN-IEA-02-024,Manipur,Imphal East,Sawombung,Sawombung Local Council Group 05,Sawombung Demo Village 024,838,138,120,116,89,76.72,97,86,88.66,88,76,86.36,115,54,46.96,17,14.17,91.36,93.66,75.72,51.96,24.776981,93.998418,2025-03-31
MAN-IEA-02-025,Manipur,Imphal East,Sawombung,Sawombung Local Council Group 05,Sawombung Demo Village 025,1332,254,189,140,77,55.00,138,59,42.75,147,82,55.78,169,93,55.03,37,19.58,59.78,38.75,61.0,54.03,24.707452,93.852532,2025-03-31
MAN-IEA-02-026,Manipur,Imphal East,Sawombung,Sawombung Local Council Group 06,Sawombung Demo Village 026,3609,764,530,403,339,84.12,464,418,90.09,481,351,72.97,427,376,88.06,133,25.09,71.97,91.09,81.12,84.06,24.879901,93.856139,2025-03-31
MAN-IEA-02-027,Manipur,Imphal East,Sawombung,Sawombung Local Council Group 06,Sawombung Demo Village 027,290,59,41,40,31,77.50,36,22,61.11,40,30,75.00,31,19,61.29,7,17.07,99.0,83.11,99.0,80.29,24.892116,93.932987,2025-03-31
MAN-IEA-02-028,Manipur,Imphal East,Sawombung,Sawombung Local Council Group 06,Sawombung Demo Village 028,3122,543,532,495,460,92.93,478,177,37.03,510,464,90.98,403,173,42.93,38,7.14,89.98,40.03,97.93,40.93,24.873447,93.890157,2025-03-31
MAN-IEA-02-029,Manipur,Imphal East,Sawombung,Sawombung Local Council Group 06,Sawombung Demo Village 029,2895,772,755,613,558,91.03,579,475,82.04,666,460,69.07,588,423,71.94,87,11.52,71.07,87.04,94.03,70.94,24.871949,93.90425,2025-03-31
MAN-IEA-02-030,Manipur,Imphal East,Sawombung,Sawombung Local Council Group 06,Sawombung Demo Village 030,2342,574,384,304,143,47.04,340,190,55.88,350,164,46.86,337,239,70.92,21,5.47,47.86,55.88,41.04,66.92,24.773318,93.972509,2025-03-31
MAN-IEA-02-031,Manipur,Imphal East,Sawombung,Sawombung Local Council Group 07,Sawombung Demo Village 031,954,208,162,142,108,76.06,147,118,80.27,158,118,74.68,151,104,68.87,20,12.35,78.68,86.27,71.06,65.87,24.827336,93.965602,2025-03-31
MAN-IEA-03-001,Manipur,Imphal East,Keirao Bitra,Keirao Bitra Local Council Group 01,Keirao Bitra Demo Village 001,2705,723,536,522,454,86.97,468,426,91.03,472,425,90.04,400,368,92.00,99,18.47,90.04,88.03,81.97,90.0,24.741879,93.897049,2025-03-31
MAN-IEA-03-002,Manipur,Imphal East,Keirao Bitra,Keirao Bitra Local Council Group 01,Keirao Bitra Demo Village 002,2234,373,263,221,157,71.04,243,214,88.07,239,67,28.03,201,153,76.12,28,10.65,31.03,84.07,72.04,80.12,24.806621,93.963712,2025-03-31
MAN-IEA-03-003,Manipur,Imphal East,Keirao Bitra,Keirao Bitra Local Council Group 01,Keirao Bitra Demo Village 003,2785,616,444,422,384,91.00,322,113,35.09,418,355,84.93,365,263,72.05,51,11.49,82.93,32.09,90.0,75.05,24.737925,93.95624,2025-03-31
MAN-IEA-03-004,Manipur,Imphal East,Keirao Bitra,Keirao Bitra Local Council Group 01,Keirao Bitra Demo Village 004,1295,299,227,194,68,35.05,202,168,83.17,169,142,84.02,221,197,89.14,34,14.98,82.02,78.17,41.05,85.14,24.773767,94.021331,2025-03-31
MAN-IEA-03-005,Manipur,Imphal East,Keirao Bitra,Keirao Bitra Local Council Group 01,Keirao Bitra Demo Village 005,1654,381,309,303,248,81.85,303,261,86.14,225,182,80.89,234,110,47.01,40,12.94,79.89,92.14,75.85,45.01,24.865378,93.861879,2025-03-31
MAN-IEA-03-006,Manipur,Imphal East,Keirao Bitra,Keirao Bitra Local Council Group 02,Keirao Bitra Demo Village 006,1527,310,295,288,121,42.01,254,114,44.88,264,79,29.92,236,90,38.14,85,28.81,30.92,50.88,48.01,42.14,24.723665,93.880303,2025-03-31
MAN-IEA-03-007,Manipur,Imphal East,Keirao Bitra,Keirao Bitra Local Council Group 02,Keirao Bitra Demo Village 007,1850,383,303,280,221,78.93,222,175,78.83,286,252,88.11,280,190,67.86,109,35.97,90.11,80.83,76.93,61.86,24.798829,93.999285,2025-03-31
MAN-IEA-03-008,Manipur,Imphal East,Keirao Bitra,Keirao Bitra Local Council Group 02,Keirao Bitra Demo Village 008,2135,471,415,392,278,70.92,368,287,77.99,399,243,60.90,339,244,71.98,38,9.16,79.9,92.99,89.92,90.98,24.754772,93.906146,2025-03-31
MAN-IEA-03-009,Manipur,Imphal East,Keirao Bitra,Keirao Bitra Local Council Group 02,Keirao Bitra Demo Village 009,346,64,52,50,49,98.00,40,18,45.00,43,42,97.67,43,19,44.19,9,17.31,95.67,44.0,99.0,48.19,24.811671,94.033435,2025-03-31
MAN-IEA-03-010,Manipur,Imphal East,Keirao Bitra,Keirao Bitra Local Council Group 02,Keirao Bitra Demo Village 010,2732,542,525,475,380,80.00,499,444,88.98,502,402,80.08,411,296,72.02,84,16.00,75.08,93.98,79.0,67.02,24.864777,93.989067,2025-03-31
MAN-IEA-03-011,Manipur,Imphal East,Keirao Bitra,Keirao Bitra Local Council Group 03,Keirao Bitra Demo Village 011,2679,597,500,425,306,72.00,489,235,48.06,496,293,59.07,378,215,56.88,87,17.40,55.07,43.06,71.0,53.88,24.820776,94.03543,2025-03-31
MAN-IEA-03-012,Manipur,Imphal East,Keirao Bitra,Keirao Bitra Local Council Group 03,Keirao Bitra Demo Village 012,502,92,69,69,59,85.51,65,45,69.23,58,46,79.31,59,54,91.53,12,17.39,76.31,69.23,81.51,93.53,24.810294,93.872483,2025-03-31
MAN-IEA-03-013,Manipur,Imphal East,Keirao Bitra,Keirao Bitra Local Council Group 03,Keirao Bitra Demo Village 013,3107,659,538,528,507,96.02,468,445,95.09,527,453,85.96,508,417,82.09,51,9.48,80.96,91.09,94.02,80.09,24.91967,93.874124,2025-03-31
MAN-IEA-03-014,Manipur,Imphal East,Keirao Bitra,Keirao Bitra Local Council Group 03,Keirao Bitra Demo Village 014,1976,333,299,250,205,82.00,251,191,76.10,252,121,48.02,295,251,85.08,13,4.35,43.02,75.1,77.0,83.08,24.749933,93.954165,2025-03-31
MAN-IEA-03-015,Manipur,Imphal East,Keirao Bitra,Keirao Bitra Local Council Group 03,Keirao Bitra Demo Village 015,3503,738,733,657,512,77.93,528,201,38.07,652,456,69.94,657,578,87.98,140,19.10,65.94,36.07,73.93,86.98,24.846821,93.973846,2025-03-31
MAN-IEA-03-016,Manipur,Imphal East,Keirao Bitra,Keirao Bitra Local Council Group 04,Keirao Bitra Demo Village 016,976,222,205,165,69,41.82,200,144,72.00,203,154,75.86,202,172,85.15,39,19.02,75.86,74.0,45.82,91.15,24.902033,93.963315,2025-03-31
MAN-IEA-03-017,Manipur,Imphal East,Keirao Bitra,Keirao Bitra Local Council Group 04,Keirao Bitra Demo Village 017,4207,713,467,357,282,78.99,428,347,81.07,427,354,82.90,346,121,34.97,80,17.13,88.9,87.07,77.99,36.97,24.796225,93.899354,2025-03-31
MAN-IEA-03-018,Manipur,Imphal East,Keirao Bitra,Keirao Bitra Local Council Group 04,Keirao Bitra Demo Village 018,1291,268,192,159,62,38.99,150,66,44.00,175,68,38.86,164,51,31.10,60,31.25,44.86,49.0,39.99,32.1,24.735749,93.910827,2025-03-31
MAN-IEA-03-019,Manipur,Imphal East,Keirao Bitra,Keirao Bitra Local Council Group 04,Keirao Bitra Demo Village 019,2877,712,564,513,436,84.99,512,358,69.92,412,375,91.02,556,500,89.93,222,39.36,85.02,67.92,82.99,88.93,24.795524,93.955297,2025-03-31
MAN-IEA-03-020,Manipur,Imphal East,Keirao Bitra,Keirao Bitra Local Council Group 04,Keirao Bitra Demo Village 020,1449,348,224,195,117,60.00,173,111,64.16,180,108,60.00,173,142,82.08,44,19.64,74.0,90.16,76.0,99.0,24.898556,94.028656,2025-03-31
MAN-IEA-03-021,Manipur,Imphal East,Keirao Bitra,Keirao Bitra Local Council Group 05,Keirao Bitra Demo Village 021,2351,599,418,384,361,94.01,353,113,32.01,321,286,89.10,390,136,34.87,6,1.44,91.1,38.01,89.01,28.87,24.76203,93.869309,2025-03-31
MAN-IEA-03-022,Manipur,Imphal East,Keirao Bitra,Keirao Bitra Local Council Group 05,Keirao Bitra Demo Village 022,2375,535,352,256,212,82.81,253,195,77.08,280,227,81.07,352,303,86.08,59,16.76,79.07,78.08,80.81,80.08,24.845239,93.983475,2025-03-31
MAN-IEA-03-023,Manipur,Imphal East,Keirao Bitra,Keirao Bitra Local Council Group 05,Keirao Bitra Demo Village 023,855,217,187,135,72,53.33,177,119,67.23,169,110,65.09,141,103,73.05,5,2.67,66.09,64.23,57.33,67.05,24.707732,93.877041,2025-03-31
MAN-IEA-03-024,Manipur,Imphal East,Keirao Bitra,Keirao Bitra Local Council Group 05,Keirao Bitra Demo Village 024,1620,437,318,263,221,84.03,286,243,84.97,268,222,82.84,281,253,90.04,22,6.92,88.84,82.97,82.03,93.04,24.715495,94.039334,2025-03-31
MAN-IEA-03-025,Manipur,Imphal East,Keirao Bitra,Keirao Bitra Local Council Group 05,Keirao Bitra Demo Village 025,2935,492,486,398,382,95.98,445,427,95.96,403,375,93.05,478,440,92.05,88,18.11,92.05,93.96,91.98,89.05,24.784949,93.935267,2025-03-31
MAN-IEA-03-026,Manipur,Imphal East,Keirao Bitra,Keirao Bitra Local Council Group 06,Keirao Bitra Demo Village 026,1196,287,232,170,128,75.29,182,151,82.97,204,75,36.76,220,200,90.91,35,15.09,35.76,76.97,76.29,86.91,24.792031,94.07883,2025-03-31
MAN-IEA-03-027,Manipur,Imphal East,Keirao Bitra,Keirao Bitra Local Council Group 06,Keirao Bitra Demo Village 027,677,129,110,107,79,73.83,82,34,41.46,105,83,79.05,91,66,72.53,22,20.00,85.05,38.46,73.83,66.53,24.759735,93.919648,2025-03-31
MAN-IEA-03-028,Manipur,Imphal East,Keirao Bitra,Keirao Bitra Local Council Group 06,Keirao Bitra Demo Village 028,3816,729,494,434,148,34.10,478,406,84.94,380,315,82.89,473,388,82.03,66,13.36,77.89,88.94,34.1,87.03,24.853616,93.966941,2025-03-31
MAN-IEA-03-029,Manipur,Imphal East,Keirao Bitra,Keirao Bitra Local Council Group 06,Keirao Bitra Demo Village 029,2054,382,269,210,176,83.81,269,231,85.87,233,203,87.12,232,81,34.91,52,19.33,81.12,84.87,87.81,34.91,24.745562,93.994257,2025-03-31
MAN-IEA-03-030,Manipur,Imphal East,Keirao Bitra,Keirao Bitra Local Council Group 06,Keirao Bitra Demo Village 030,3139,652,579,549,181,32.97,523,256,48.95,528,206,39.02,417,179,42.93,109,18.83,35.02,48.95,34.97,47.93,24.710157,93.901825,2025-03-31
MAN-IEA-03-031,Manipur,Imphal East,Keirao Bitra,Keirao Bitra Local Council Group 07,Keirao Bitra Demo Village 031,3908,747,516,501,371,74.05,482,386,80.08,500,405,81.00,405,352,86.91,140,27.13,79.0,78.08,68.05,91.91,24.702099,93.991554,2025-03-31
MAN-IEA-04-001,Manipur,Imphal East,Andro,Andro Local Council Group 01,Andro Demo Village 001,1448,289,224,179,116,64.80,210,162,77.14,213,168,78.87,196,143,72.96,9,4.02,97.87,93.14,91.8,92.96,24.794332,93.999106,2025-03-31
MAN-IEA-04-002,Manipur,Imphal East,Andro,Andro Local Council Group 01,Andro Demo Village 002,656,141,129,121,115,95.04,113,44,38.94,109,94,86.24,112,43,38.39,16,12.40,92.24,39.94,99.0,43.39,24.86675,93.901121,2025-03-31
MAN-IEA-04-003,Manipur,Imphal East,Andro,Andro Local Council Group 01,Andro Demo Village 003,915,178,174,167,130,77.84,130,90,69.23,141,123,87.23,154,109,70.78,8,4.60,90.23,70.23,76.84,74.78,24.825497,93.9493,2025-03-31
MAN-IEA-04-004,Manipur,Imphal East,Andro,Andro Local Council Group 01,Andro Demo Village 004,1314,289,245,233,156,66.95,176,113,64.20,239,153,64.02,236,135,57.20,43,17.55,64.02,69.2,60.95,61.2,24.914838,94.057035,2025-03-31
MAN-IEA-04-005,Manipur,Imphal East,Andro,Andro Local Council Group 01,Andro Demo Village 005,953,177,134,101,70,69.31,134,107,79.85,126,91,72.22,133,124,93.23,26,19.40,74.22,77.85,63.31,95.23,24.837926,93.870276,2025-03-31
MAN-IEA-04-006,Manipur,Imphal East,Andro,Andro Local Council Group 02,Andro Demo Village 006,1023,199,142,111,94,84.68,140,133,95.00,134,114,85.07,105,96,91.43,18,12.68,82.07,93.0,79.68,91.43,24.789698,93.854514,2025-03-31
MAN-IEA-04-007,Manipur,Imphal East,Andro,Andro Local Council Group 02,Andro Demo Village 007,1347,244,244,214,188,87.85,193,176,91.19,190,78,41.05,188,169,89.89,36,14.75,40.05,89.19,93.85,92.89,24.814815,94.050827,2025-03-31
MAN-IEA-04-008,Manipur,Imphal East,Andro,Andro Local Council Group 02,Andro Demo Village 008,2624,682,558,484,436,90.08,518,192,37.07,458,376,82.10,435,370,85.06,34,6.09,86.1,38.07,88.08,79.06,24.78601,93.886326,2025-03-31
MAN-IEA-04-009,Manipur,Imphal East,Andro,Andro Local Council Group 02,Andro Demo Village 009,2363,476,303,280,137,48.93,284,199,70.07,252,181,71.83,279,215,77.06,16,5.28,76.83,68.07,42.93,76.06,24.728869,93.903949,2025-03-31
MAN-IEA-04-010,Manipur,Imphal East,Andro,Andro Local Council Group 02,Andro Demo Village 010,435,73,55,48,43,89.58,43,36,83.72,51,41,80.39,51,23,45.10,5,9.09,85.39,86.72,87.58,50.1,24.758187,93.857776,2025-03-31
MAN-IEA-04-011,Manipur,Imphal East,Andro,Andro Local Council Group 03,Andro Demo Village 011,2633,554,490,354,142,40.11,417,217,52.04,362,109,30.11,368,158,42.93,100,20.41,35.11,51.04,43.11,45.93,24.716891,93.884117,2025-03-31
MAN-IEA-04-012,Manipur,Imphal East,Andro,Andro Local Council Group 03,Andro Demo Village 012,2539,448,294,229,197,86.03,237,164,69.20,260,208,80.00,213,173,81.22,95,32.31,75.0,65.2,87.03,82.22,24.795981,93.936891,2025-03-31
MAN-IEA-04-013,Manipur,Imphal East,Andro,Andro Local Council Group 03,Andro Demo Village 013,1090,244,237,233,189,81.12,177,147,83.05,197,136,69.04,210,132,62.86,45,18.99,96.04,99.0,99.0,88.86,24.778437,93.936078,2025-03-31
MAN-IEA-04-014,Manipur,Imphal East,Andro,Andro Local Council Group 03,Andro Demo Village 014,2180,456,306,229,218,95.20,272,103,37.87,236,224,94.92,296,136,45.95,25,8.17,93.92,43.87,99.0,39.95,24.856554,93.865679,2025-03-31
MAN-IEA-04-015,Manipur,Imphal East,Andro,Andro Local Council Group 03,Andro Demo Village 015,1630,410,322,264,222,84.09,268,220,82.09,251,213,84.86,308,274,88.96,8,2.48,80.86,87.09,85.09,93.96,24.780492,93.855586,2025-03-31
MAN-IEA-04-016,Manipur,Imphal East,Andro,Andro Local Council Group 04,Andro Demo Village 016,2896,758,475,464,339,73.06,460,230,50.00,354,195,55.08,410,221,53.90,41,8.63,59.08,53.0,74.06,52.9,24.734896,94.084229,2025-03-31
MAN-IEA-04-017,Manipur,Imphal East,Andro,Andro Local Council Group 04,Andro Demo Village 017,3507,579,495,455,359,78.90,365,299,81.92,440,334,75.91,480,427,88.96,76,15.35,78.91,87.92,83.9,82.96,24.900061,93.909766,2025-03-31
MAN-IEA-04-018,Manipur,Imphal East,Andro,Andro Local Council Group 04,Andro Demo Village 018,1632,426,358,333,306,91.89,309,253,81.88,276,237,85.87,343,312,90.96,34,9.50,82.87,79.88,86.89,88.96,24.803264,93.869055,2025-03-31
MAN-IEA-04-019,Manipur,Imphal East,Andro,Andro Local Council Group 04,Andro Demo Village 019,1110,260,224,196,165,84.18,179,161,89.94,184,86,46.74,170,151,88.82,17,7.59,46.74,92.94,85.18,82.82,24.749563,93.871254,2025-03-31
MAN-IEA-04-020,Manipur,Imphal East,Andro,Andro Local Council Group 04,Andro Demo Village 020,2490,518,510,495,361,72.93,411,201,48.91,472,378,80.08,424,318,75.00,55,10.78,83.08,44.91,67.93,76.0,24.82861,93.894268,2025-03-31
MAN-IEA-04-021,Manipur,Imphal East,Andro,Andro Local Council Group 05,Andro Demo Village 021,3856,718,580,574,281,48.95,529,481,90.93,544,408,75.00,421,295,70.07,38,6.55,73.0,84.93,43.95,73.07,24.842357,93.924795,2025-03-31
MAN-IEA-04-022,Manipur,Imphal East,Andro,Andro Local Council Group 05,Andro Demo Village 022,2568,455,342,298,218,73.15,303,264,87.13,279,212,75.99,342,99,28.95,39,11.40,79.99,83.13,70.15,27.95,24.797223,93.982649,2025-03-31
MAN-IEA-04-023,Manipur,Imphal East,Andro,Andro Local Council Group 05,Andro Demo Village 023,2374,441,437,410,205,50.00,429,223,51.98,332,136,40.96,339,193,56.93,147,33.64,36.96,53.98,53.0,61.93,24.702121,94.033047,2025-03-31
MAN-IEA-04-024,Manipur,Imphal East,Andro,Andro Local Council Group 05,Andro Demo Village 024,2950,780,661,555,400,72.07,621,534,85.99,482,357,74.07,621,453,72.95,209,31.62,74.07,80.99,76.07,72.95,24.824522,93.926863,2025-03-31
MAN-IEA-04-025,Manipur,Imphal East,Andro,Andro Local Council Group 05,Andro Demo Village 025,3552,669,653,534,400,74.91,590,354,60.00,605,393,64.96,578,416,71.97,42,6.43,80.96,77.0,89.91,93.97,24.751028,93.928205,2025-03-31
MAN-IEA-04-026,Manipur,Imphal East,Andro,Andro Local Council Group 06,Andro Demo Village 026,3196,577,486,357,325,91.04,357,161,45.10,406,345,84.98,370,178,48.11,47,9.67,90.98,43.1,93.04,44.11,24.716583,93.934321,2025-03-31
MAN-IEA-04-027,Manipur,Imphal East,Andro,Andro Local Council Group 06,Andro Demo Village 027,198,45,28,23,17,73.91,22,18,81.82,20,16,80.00,28,26,92.86,5,17.86,76.0,80.82,67.91,98.86,24.867293,93.862252,2025-03-31
MAN-IEA-04-028,Manipur,Imphal East,Andro,Andro Local Council Group 06,Andro Demo Village 028,1074,197,193,161,118,73.29,170,114,67.06,153,99,64.71,173,99,57.23,35,18.13,62.71,71.06,67.29,51.23,24.846976,93.972745,2025-03-31
MAN-IEA-04-029,Manipur,Imphal East,Andro,Andro Local Council Group 06,Andro Demo Village 029,3087,727,650,576,461,80.03,505,439,86.93,532,372,69.92,535,433,80.93,77,11.85,63.92,91.93,85.03,78.93,24.808246,93.920869,2025-03-31
MAN-IEA-04-030,Manipur,Imphal East,Andro,Andro Local Council Group 06,Andro Demo Village 030,3075,662,532,487,429,88.09,522,470,90.04,397,369,92.95,478,416,87.03,14,2.63,90.95,87.04,85.09,82.03,24.723455,94.066385,2025-03-31
MAN-IEA-04-031,Manipur,Imphal East,Andro,Andro Local Council Group 07,Andro Demo Village 031,1122,277,204,168,151,89.88,178,157,88.20,196,88,44.90,198,152,76.77,12,5.88,40.9,93.2,89.88,70.77,24.846862,94.003755,2025-03-31
MAN-IWE-01-001,Manipur,Imphal West,Lamphelpat,Lamphelpat Local Council Group 01,Lamphelpat Demo Village 001,3418,715,631,517,486,94.00,583,566,97.08,474,431,90.93,612,514,83.99,28,4.44,90.93,97.08,93.0,79.99,24.849014,93.968241,2025-03-31
MAN-IWE-01-002,Manipur,Imphal West,Lamphelpat,Lamphelpat Local Council Group 01,Lamphelpat Demo Village 002,3241,552,442,400,360,90.00,403,282,69.98,411,173,42.09,401,317,79.05,44,9.95,36.09,70.98,96.0,77.05,24.722271,93.959076,2025-03-31
MAN-IWE-01-003,Manipur,Imphal West,Lamphelpat,Lamphelpat Local Council Group 01,Lamphelpat Demo Village 003,3773,648,645,468,356,76.07,505,146,28.91,573,499,87.09,465,418,89.89,77,11.94,88.09,23.91,70.07,93.89,24.893799,93.816683,2025-03-31
MAN-IWE-01-004,Manipur,Imphal West,Lamphelpat,Lamphelpat Local Council Group 01,Lamphelpat Demo Village 004,3546,675,431,426,209,49.06,373,291,78.02,362,304,83.98,379,280,73.88,75,17.40,77.98,80.02,50.06,74.88,24.825295,93.816695,2025-03-31
MAN-IWE-01-005,Manipur,Imphal West,Lamphelpat,Lamphelpat Local Council Group 01,Lamphelpat Demo Village 005,568,126,126,116,101,87.07,109,78,71.56,124,108,87.10,91,33,36.26,7,5.56,92.1,67.56,92.07,42.26,24.91547,93.903794,2025-03-31
MAN-IWE-01-006,Manipur,Imphal West,Lamphelpat,Lamphelpat Local Council Group 02,Lamphelpat Demo Village 006,2757,593,587,531,234,44.07,481,212,44.07,501,240,47.90,531,287,54.05,157,26.75,49.9,47.07,48.07,56.05,24.912193,93.96342,2025-03-31
MAN-IWE-01-007,Manipur,Imphal West,Lamphelpat,Lamphelpat Local Council Group 02,Lamphelpat Demo Village 007,1549,319,297,218,183,83.94,258,224,86.82,263,184,69.96,282,206,73.05,114,38.38,65.96,90.82,79.94,79.05,24.901851,93.90778,2025-03-31
MAN-IWE-01-008,Manipur,Imphal West,Lamphelpat,Lamphelpat Local Council Group 02,Lamphelpat Demo Village 008,1796,332,211,207,151,72.95,211,169,80.09,209,176,84.21,185,124,67.03,32,15.17,99.0,97.09,98.95,86.03,24.83814,93.960049,2025-03-31
MAN-IWE-01-009,Manipur,Imphal West,Lamphelpat,Lamphelpat Local Council Group 02,Lamphelpat Demo Village 009,614,107,99,93,91,97.85,93,33,35.48,99,87,87.88,79,29,36.71,5,5.05,87.88,36.48,95.85,40.71,24.761139,93.932269,2025-03-31
MAN-IWE-01-010,Manipur,Imphal West,Lamphelpat,Lamphelpat Local Council Group 02,Lamphelpat Demo Village 010,3427,585,385,321,250,77.88,342,304,88.89,356,256,71.91,286,212,74.13,30,7.79,75.91,86.89,82.88,74.13,24.789526,93.804859,2025-03-31
MAN-IWE-01-011,Manipur,Imphal West,Lamphelpat,Lamphelpat Local Council Group 03,Lamphelpat Demo Village 011,3241,775,514,432,255,59.03,404,287,71.04,514,303,58.95,514,262,50.97,37,7.20,59.95,75.04,55.03,51.97,24.747487,94.001401,2025-03-31
MAN-IWE-01-012,Manipur,Imphal West,Lamphelpat,Lamphelpat Local Council Group 03,Lamphelpat Demo Village 012,1352,340,223,222,200,90.09,210,195,92.86,202,172,85.15,182,138,75.82,13,5.83,79.15,96.86,85.09,72.82,24.868213,93.944138,2025-03-31
MAN-IWE-01-013,Manipur,Imphal West,Lamphelpat,Lamphelpat Local Council Group 03,Lamphelpat Demo Village 013,2036,341,285,257,224,87.16,234,201,85.90,210,193,91.90,255,240,94.12,56,19.65,88.9,85.9,84.16,90.12,24.821745,93.952874,2025-03-31
MAN-IWE-01-014,Manipur,Imphal West,Lamphelpat,Lamphelpat Local Council Group 03,Lamphelpat Demo Village 014,3003,496,468,388,287,73.97,371,267,71.97,407,183,44.96,411,321,78.10,35,7.48,41.96,71.97,69.97,73.1,24.895462,93.792573,2025-03-31
MAN-IWE-01-015,Manipur,Imphal West,Lamphelpat,Lamphelpat Local Council Group 03,Lamphelpat Demo Village 015,534,133,105,100,86,86.00,80,41,51.25,80,73,91.25,99,72,72.73,19,18.10,92.25,56.25,91.0,78.73,24.757153,93.816447,2025-03-31
MAN-IWE-01-016,Manipur,Imphal West,Lamphelpat,Lamphelpat Local Council Group 04,Lamphelpat Demo Village 016,1669,345,256,214,98,45.79,207,170,82.13,237,204,86.08,198,152,76.77,9,3.52,91.08,77.13,39.79,82.77,24.786101,93.861965,2025-03-31
MAN-IWE-01-017,Manipur,Imphal West,Lamphelpat,Lamphelpat Local Council Group 04,Lamphelpat Demo Village 017,2175,361,309,296,243,82.09,284,202,71.13,230,170,73.91,224,76,33.93,52,16.83,78.91,65.13,81.09,37.93,24.851923,93.794062,2025-03-31
MAN-IWE-01-018,Manipur,Imphal West,Lamphelpat,Lamphelpat Local Council Group 04,Lamphelpat Demo Village 018,2377,475,446,441,190,43.08,333,176,52.85,346,111,32.08,434,217,50.00,115,25.78,33.08,56.85,37.08,50.0,24.765614,93.796411,2025-03-31
MAN-IWE-01-019,Manipur,Imphal West,Lamphelpat,Lamphelpat Local Council Group 04,Lamphelpat Demo Village 019,3157,590,556,475,332,69.89,511,465,91.00,480,394,82.08,549,401,73.04,153,27.52,87.08,92.0,63.89,68.04,24.793119,93.933173,2025-03-31
MAN-IWE-01-020,Manipur,Imphal West,Lamphelpat,Lamphelpat Local Council Group 04,Lamphelpat Demo Village 020,3578,702,666,497,358,72.03,598,490,81.94,612,398,65.03,559,414,74.06,67,10.06,79.03,99.0,98.03,95.06,24.911398,93.813578,2025-03-31
MAN-IWE-01-021,Manipur,Imphal West,Lamphelpat,Lamphelpat Local Council Group 05,Lamphelpat Demo Village 021,2959,496,404,394,370,93.91,330,122,36.97,330,320,96.97,365,193,52.88,29,7.18,90.97,32.97,99.0,55.88,24.741395,93.997383,2025-03-31
MAN-IWE-01-022,Manipur,Imphal West,Lamphelpat,Lamphelpat Local Council Group 05,Lamphelpat Demo Village 022,4458,733,709,542,472,87.08,565,401,70.97,681,518,76.06,584,543,92.98,91,12.83,75.06,66.97,85.08,93.98,24.747101,93.892725,2025-03-31
MAN-IWE-01-023,Manipur,Imphal West,Lamphelpat,Lamphelpat Local Council Group 05,Lamphelpat Demo Village 023,3112,756,736,548,312,56.93,613,392,63.95,563,304,54.00,705,543,77.02,126,17.12,51.0,64.95,57.93,82.02,24.819508,93.911601,2025-03-31
MAN-IWE-01-024,Manipur,Imphal West,Lamphelpat,Lamphelpat Local Council Group 05,Lamphelpat Demo Village 024,1586,279,206,178,151,84.83,200,180,90.00,157,132,84.08,201,181,90.05,10,4.85,82.08,88.0,86.83,86.05,24.880678,93.822021,2025-03-31
MAN-IWE-01-025,Manipur,Imphal West,Lamphelpat,Lamphelpat Local Council Group 05,Lamphelpat Demo Village 025,3495,738,512,371,315,84.91,501,481,96.01,419,406,96.90,369,317,85.91,35,6.84,95.9,93.01,80.91,85.91,24.819192,93.815829,2025-03-31
MAN-IWE-02-001,Manipur,Imphal West,Wangoi,Wangoi Local Council Group 01,Wangoi Demo Village 001,721,134,133,122,105,86.07,99,83,83.84,128,52,40.63,116,84,72.41,19,14.29,43.63,84.84,89.07,75.41,24.802176,93.920116,2025-03-31
MAN-IWE-02-002,Manipur,Imphal West,Wangoi,Wangoi Local Council Group 01,Wangoi Demo Village 002,2416,576,453,354,297,83.90,416,171,41.11,335,234,69.85,400,324,81.00,50,11.04,65.85,44.11,78.9,75.0,24.858017,93.846646,2025-03-31
MAN-IWE-02-003,Manipur,Imphal West,Wangoi,Wangoi Local Council Group 01,Wangoi Demo Village 003,2641,686,477,437,201,46.00,345,314,91.01,473,364,76.96,381,328,86.09,43,9.01,77.96,86.01,51.0,92.09,24.860492,93.887483,2025-03-31
MAN-IWE-02-004,Manipur,Imphal West,Wangoi,Wangoi Local Council Group 01,Wangoi Demo Village 004,1042,225,161,120,102,85.00,130,114,87.69,124,113,91.13,117,35,29.91,17,10.56,90.13,89.69,91.0,32.91,24.918775,93.802301,2025-03-31
MAN-IWE-02-005,Manipur,Imphal West,Wangoi,Wangoi Local Council Group 01,Wangoi Demo Village 005,756,125,109,83,40,48.19,83,29,34.94,85,36,42.35,106,55,51.89,20,18.35,36.35,31.94,49.19,55.89,24.725455,93.823823,2025-03-31
MAN-IWE-02-006,Manipur,Imphal West,Wangoi,Wangoi Local Council Group 02,Wangoi Demo Village 006,914,224,201,198,160,80.81,149,118,79.19,188,158,84.04,155,105,67.74,50,24.88,81.04,73.19,78.81,68.74,24.742972,93.926204,2025-03-31
MAN-IWE-02-007,Manipur,Imphal West,Wangoi,Wangoi Local Council Group 02,Wangoi Demo Village 007,758,137,132,130,103,79.23,98,72,73.47,105,67,63.81,130,92,70.77,17,12.88,86.81,99.0,99.0,88.77,24.765299,93.887342,2025-03-31
MAN-IWE-02-008,Manipur,Imphal West,Wangoi,Wangoi Local Council Group 02,Wangoi Demo Village 008,2611,595,482,402,358,89.05,458,224,48.91,365,321,87.95,442,172,38.91,41,8.51,93.95,54.91,84.05,36.91,24.742134,94.028494,2025-03-31
MAN-IWE-02-009,Manipur,Imphal West,Wangoi,Wangoi Local Council Group 02,Wangoi Demo Village 009,2693,521,324,322,232,72.05,308,271,87.99,277,194,70.04,316,291,92.09,13,4.01,71.04,88.99,67.05,97.09,24.762368,93.873729,2025-03-31
MAN-IWE-02-010,Manipur,Imphal West,Wangoi,Wangoi Local Council Group 02,Wangoi Demo Village 010,2828,500,492,485,373,76.91,491,319,64.97,365,248,67.95,369,196,53.12,65,13.21,61.95,59.97,81.91,51.12,24.868412,94.011944,2025-03-31
MAN-IWE-02-011,Manipur,Imphal West,Wangoi,Wangoi Local Council Group 03,Wangoi Demo Village 011,3515,676,567,426,366,85.92,526,447,84.98,535,433,80.93,498,408,81.93,34,6.00,78.93,86.98,82.92,76.93,24.762768,93.911413,2025-03-31
MAN-IWE-02-012,Manipur,Imphal West,Wangoi,Wangoi Local Council Group 03,Wangoi Demo Village 012,1664,310,218,167,157,94.01,176,150,85.23,163,150,92.02,185,166,89.73,6,2.75,92.02,81.23,92.01,84.73,24.845832,93.934743,2025-03-31
MAN-IWE-02-013,Manipur,Imphal West,Wangoi,Wangoi Local Council Group 03,Wangoi Demo Village 013,3615,723,524,388,322,82.99,389,350,89.97,444,226,50.90,486,340,69.96,12,2.29,46.9,92.97,79.99,72.96,24.871227,93.870892,2025-03-31
MAN-IWE-02-014,Manipur,Imphal West,Wangoi,Wangoi Local Council Group 03,Wangoi Demo Village 014,2725,523,475,368,272,73.91,412,148,35.92,468,332,70.94,423,326,77.07,86,18.11,72.94,40.92,69.91,74.07,24.73934,93.96731,2025-03-31
MAN-IWE-02-015,Manipur,Imphal West,Wangoi,Wangoi Local Council Group 03,Wangoi Demo Village 015,1993,403,332,280,101,36.07,299,254,84.95,275,204,74.18,274,203,74.09,48,14.46,70.18,79.95,31.07,78.09,24.85929,93.896619,2025-03-31
MAN-IWE-02-016,Manipur,Imphal West,Wangoi,Wangoi Local Council Group 04,Wangoi Demo Village 016,1938,494,382,365,332,90.96,305,253,82.95,311,230,73.95,323,123,38.08,73,19.11,76.95,86.95,88.96,38.08,24.855938,93.990575,2025-03-31
MAN-IWE-02-017,Manipur,Imphal West,Wangoi,Wangoi Local Council Group 04,Wangoi Demo Village 017,3319,547,395,373,123,32.98,305,134,43.93,352,172,48.86,392,118,30.10,76,19.24,47.86,40.93,26.98,24.1,24.788007,93.87995,2025-03-31
MAN-IWE-02-018,Manipur,Imphal West,Wangoi,Wangoi Local Council Group 04,Wangoi Demo Village 018,3909,669,594,451,352,78.05,458,371,81.00,580,429,73.97,584,520,89.04,203,34.18,78.97,75.0,77.05,90.04,24.724266,93.972706,2025-03-31
MAN-IWE-02-019,Manipur,Imphal West,Wangoi,Wangoi Local Council Group 04,Wangoi Demo Village 019,1135,240,221,199,145,72.86,172,120,69.77,202,158,78.22,216,173,80.09,38,17.19,99.0,85.77,91.86,99.0,24.911473,93.846669,2025-03-31
MAN-IWE-02-020,Manipur,Imphal West,Wangoi,Wangoi Local Council Group 04,Wangoi Demo Village 020,2791,625,507,456,438,96.05,464,213,45.91,416,366,87.98,375,199,53.07,99,19.53,82.98,50.91,99.0,58.07,24.729812,93.863027,2025-03-31
MAN-IWE-02-021,Manipur,Imphal West,Wangoi,Wangoi Local Council Group 05,Wangoi Demo Village 021,3326,780,760,674,479,71.07,562,455,80.96,681,511,75.04,633,468,73.93,123,16.18,74.04,80.96,65.07,67.93,24.811835,93.90765,2025-03-31
MAN-IWE-02-022,Manipur,Imphal West,Wangoi,Wangoi Local Council Group 05,Wangoi Demo Village 022,1648,385,320,247,126,51.01,249,152,61.04,315,176,55.87,269,153,56.88,17,5.31,56.87,62.04,54.01,50.88,24.813512,93.815894,2025-03-31
MAN-IWE-02-023,Manipur,Imphal West,Wangoi,Wangoi Local Council Group 05,Wangoi Demo Village 023,1424,241,166,159,146,91.82,129,101,78.29,121,108,89.26,153,133,86.93,18,10.84,88.26,72.29,85.82,86.93,24.836754,93.921155,2025-03-31
MAN-IWE-02-024,Manipur,Imphal West,Wangoi,Wangoi Local Council Group 05,Wangoi Demo Village 024,4061,719,699,691,601,86.98,581,482,82.96,627,602,96.01,694,673,96.97,73,10.44,96.01,79.96,86.98,91.97,24.809079,93.938999,2025-03-31
MAN-IWE-02-025,Manipur,Imphal West,Wangoi,Wangoi Local Council Group 05,Wangoi Demo Village 025,3319,732,641,481,337,70.06,487,385,79.06,500,230,46.00,543,478,88.03,81,12.64,46.0,76.06,70.06,86.03,24.775605,93.908114,2025-03-31
MAN-IWE-03-001,Manipur,Imphal West,Patsoi,Patsoi Local Council Group 01,Patsoi Demo Village 001,2939,617,466,342,260,76.02,407,118,28.99,420,298,70.95,403,326,80.89,44,9.44,75.95,27.99,75.02,84.89,24.852516,93.864613,2025-03-31
MAN-IWE-03-002,Manipur,Imphal West,Patsoi,Patsoi Local Council Group 01,Patsoi Demo Village 002,2877,754,672,578,277,47.92,539,458,84.97,533,469,87.99,647,492,76.04,121,18.01,83.99,85.97,51.92,80.04,24.880014,93.942675,2025-03-31
MAN-IWE-03-003,Manipur,Imphal West,Patsoi,Patsoi Local Council Group 01,Patsoi Demo Village 003,2754,555,503,415,349,84.10,378,310,82.01,408,371,90.93,379,190,50.13,64,12.72,87.93,88.01,86.1,49.13,24.741241,93.82523,2025-03-31
MAN-IWE-03-004,Manipur,Imphal West,Patsoi,Patsoi Local Council Group 01,Patsoi Demo Village 004,707,181,166,157,71,45.22,121,54,44.63,151,83,54.97,138,66,47.83,55,33.13,59.97,43.63,41.22,52.83,24.866971,93.800832,2025-03-31
MAN-IWE-03-005,Manipur,Imphal West,Patsoi,Patsoi Local Council Group 01,Patsoi Demo Village 005,3200,697,597,498,364,73.09,592,527,89.02,512,425,83.01,597,490,82.08,216,36.18,84.01,91.02,70.09,79.08,24.892565,93.878664,2025-03-31
MAN-IWE-03-006,Manipur,Imphal West,Patsoi,Patsoi Local Council Group 02,Patsoi Demo Village 006,2840,693,605,470,310,65.96,496,412,83.06,534,395,73.97,569,387,68.01,14,2.31,89.97,98.06,93.96,91.01,24.702274,93.802768,2025-03-31
MAN-IWE-03-007,Manipur,Imphal West,Patsoi,Patsoi Local Council Group 02,Patsoi Demo Village 007,985,247,213,213,209,98.12,182,60,32.97,187,170,90.91,210,90,42.86,30,14.08,85.91,33.97,99.0,45.86,24.88647,93.974423,2025-03-31
MAN-IWE-03-008,Manipur,Imphal West,Patsoi,Patsoi Local Council Group 02,Patsoi Demo Village 008,3471,644,571,517,372,71.95,554,510,92.06,490,363,74.08,471,433,91.93,34,5.95,76.08,95.06,72.95,87.93,24.910505,93.813411,2025-03-31
MAN-IWE-03-009,Manipur,Imphal West,Patsoi,Patsoi Local Council Group 02,Patsoi Demo Village 009,2934,595,469,429,219,51.05,434,291,67.05,374,288,77.01,373,250,67.02,37,7.89,72.01,70.05,50.05,65.02,24.832344,93.961267,2025-03-31
MAN-IWE-03-010,Manipur,Imphal West,Patsoi,Patsoi Local Council Group 02,Patsoi Demo Village 010,3708,746,516,423,321,75.89,421,358,85.04,470,390,82.98,391,293,74.94,83,16.09,79.98,84.04,70.89,73.94,24.814543,93.926125,2025-03-31
MAN-IWE-03-011,Manipur,Imphal West,Patsoi,Patsoi Local Council Group 03,Patsoi Demo Village 011,2380,575,516,441,379,85.94,406,374,92.12,406,357,87.93,476,400,84.03,76,14.73,83.93,91.12,83.94,83.03,24.850256,93.983646,2025-03-31
MAN-IWE-03-012,Manipur,Imphal West,Patsoi,Patsoi Local Council Group 03,Patsoi Demo Village 012,1526,319,222,173,152,87.86,173,149,86.13,175,88,50.29,193,149,77.20,29,13.06,44.29,85.13,87.86,73.2,24.820439,94.008067,2025-03-31
MAN-IWE-03-013,Manipur,Imphal West,Patsoi,Patsoi Local Council Group 03,Patsoi Demo Village 013,963,185,117,99,89,89.90,106,36,33.96,104,94,90.38,85,68,80.00,8,6.84,96.38,39.96,95.9,79.0,24.783688,93.906973,2025-03-31
MAN-IWE-03-014,Manipur,Imphal West,Patsoi,Patsoi Local Council Group 03,Patsoi Demo Village 014,1162,304,296,259,109,42.08,234,206,88.03,256,230,89.84,267,238,89.14,13,4.39,85.84,85.03,36.08,84.14,24.791576,93.823538,2025-03-31
MAN-IWE-03-015,Manipur,Imphal West,Patsoi,Patsoi Local Council Group 03,Patsoi Demo Village 015,807,160,152,110,95,86.36,138,108,78.26,109,87,79.82,152,55,36.18,28,18.42,80.82,75.26,80.36,31.18,24.915252,93.934444,2025-03-31
MAN-IWE-03-016,Manipur,Imphal West,Patsoi,Patsoi Local Council Group 04,Patsoi Demo Village 016,2022,398,368,328,157,47.87,298,119,39.93,305,98,32.13,331,142,42.90,125,33.97,34.13,41.93,49.87,40.9,24.815582,94.002076,2025-03-31
MAN-IWE-03-017,Manipur,Imphal West,Patsoi,Patsoi Local Council Group 04,Patsoi Demo Village 017,374,97,73,65,59,90.77,70,50,71.43,55,39,70.91,73,54,73.97,21,28.77,69.91,67.43,93.77,70.97,24.774638,94.016102,2025-03-31
MAN-IWE-03-018,Manipur,Imphal West,Patsoi,Patsoi Local Council Group 04,Patsoi Demo Village 018,1560,272,177,141,89,63.12,163,112,68.71,154,94,61.04,136,106,77.94,32,18.08,83.04,87.71,78.12,99.0,24.810588,94.001124,2025-03-31
MAN-IWE-03-019,Manipur,Imphal West,Patsoi,Patsoi Local Council Group 04,Patsoi Demo Village 019,3418,769,642,538,506,94.05,521,193,37.04,609,560,91.95,501,190,37.92,68,10.59,87.95,34.04,99.0,40.92,24.706004,93.905456,2025-03-31
MAN-IWE-03-020,Manipur,Imphal West,Patsoi,Patsoi Local Council Group 04,Patsoi Demo Village 020,2424,556,444,421,370,87.89,397,369,92.95,419,293,69.93,325,306,94.15,66,14.86,68.93,86.95,86.89,99.0,24.743031,93.937415,2025-03-31
MAN-IWE-03-021,Manipur,Imphal West,Patsoi,Patsoi Local Council Group 05,Patsoi Demo Village 021,1974,502,349,348,174,50.00,290,177,61.03,274,151,55.11,268,190,70.90,28,8.02,61.11,63.03,50.0,67.9,24.894587,93.806254,2025-03-31
MAN-IWE-03-022,Manipur,Imphal West,Patsoi,Patsoi Local Council Group 05,Patsoi Demo Village 022,664,163,158,130,118,90.77,127,97,76.38,121,86,71.07,143,112,78.32,9,5.70,67.07,81.38,88.77,79.32,24.736819,93.987314,2025-03-31
MAN-IWE-03-023,Manipur,Imphal West,Patsoi,Patsoi Local Council Group 05,Patsoi Demo Village 023,2471,551,520,400,340,85.00,390,339,86.92,491,442,90.02,472,425,90.04,81,15.58,85.02,82.92,83.0,86.04,24.899384,93.972922,2025-03-31
MAN-IWE-03-024,Manipur,Imphal West,Patsoi,Patsoi Local Council Group 05,Patsoi Demo Village 024,2037,381,373,366,318,86.89,288,228,79.17,362,145,40.06,292,210,71.92,13,3.49,41.06,73.17,81.89,68.92,24.843593,94.01387,2025-03-31
MAN-IWE-03-025,Manipur,Imphal West,Patsoi,Patsoi Local Council Group 05,Patsoi Demo Village 025,3651,743,518,482,405,84.02,477,162,33.96,375,338,90.13,401,325,81.05,89,17.18,92.13,27.96,88.02,84.05,24.846687,94.014611,2025-03-31
MAN-IWE-04-001,Manipur,Imphal West,Sekmai,Sekmai Local Council Group 01,Sekmai Demo Village 001,596,146,103,83,42,50.60,91,75,82.42,96,68,70.83,80,64,80.00,5,4.85,64.83,81.42,49.6,79.0,24.814324,94.012713,2025-03-31
MAN-IWE-04-002,Manipur,Imphal West,Sekmai,Sekmai Local Council Group 01,Sekmai Demo Village 002,1005,208,208,185,139,75.14,163,124,76.07,167,145,86.83,208,102,49.04,13,6.25,84.83,82.07,70.14,53.04,24.87566,93.983809,2025-03-31
MAN-IWE-04-003,Manipur,Imphal West,Sekmai,Sekmai Local Council Group 01,Sekmai Demo Village 003,3496,651,602,562,320,56.94,483,270,55.90,601,282,46.92,463,190,41.04,186,30.90,45.92,54.9,53.94,37.04,24.790747,93.878394,2025-03-31
MAN-IWE-04-004,Manipur,Imphal West,Sekmai,Sekmai Local Council Group 01,Sekmai Demo Village 004,2289,386,355,259,215,83.01,343,278,81.05,331,281,84.89,317,216,68.14,87,24.51,80.89,81.05,89.01,71.14,24.79937,93.947885,2025-03-31
MAN-IWE-04-005,Manipur,Imphal West,Sekmai,Sekmai Local Council Group 01,Sekmai Demo Village 005,2364,529,466,356,263,73.88,466,294,63.09,373,291,78.02,418,330,78.95,28,6.01,99.0,86.09,99.0,97.95,24.782388,93.846085,2025-03-31
MAN-IWE-04-006,Manipur,Imphal West,Sekmai,Sekmai Local Council Group 02,Sekmai Demo Village 006,1400,286,284,219,215,98.17,283,102,36.04,249,222,89.16,212,98,46.23,26,9.15,88.16,41.04,92.17,40.23,24.833606,93.812589,2025-03-31
MAN-IWE-04-007,Manipur,Imphal West,Sekmai,Sekmai Local Council Group 02,Sekmai Demo Village 007,3840,697,526,495,416,84.04,436,401,91.97,495,346,69.90,393,299,76.08,67,12.74,67.9,89.97,90.04,79.08,24.753421,93.93939,2025-03-31
MAN-IWE-04-008,Manipur,Imphal West,Sekmai,Sekmai Local Council Group 02,Sekmai Demo Village 008,567,143,124,98,61,62.24,92,66,71.74,105,67,63.81,99,46,46.46,11,8.87,58.81,77.74,62.24,46.46,24.813716,94.000351,2025-03-31
MAN-IWE-04-009,Manipur,Imphal West,Sekmai,Sekmai Local Council Group 02,Sekmai Demo Village 009,2718,562,539,485,393,81.03,522,376,72.03,530,488,92.08,410,328,80.00,6,1.11,91.08,75.03,84.03,83.0,24.863846,93.804471,2025-03-31
MAN-IWE-04-010,Manipur,Imphal West,Sekmai,Sekmai Local Council Group 02,Sekmai Demo Village 010,1210,214,191,168,138,82.14,180,155,86.11,174,158,90.80,165,160,96.97,22,11.52,87.8,83.11,80.14,93.97,24.886417,93.794134,2025-03-31
MAN-IWE-04-011,Manipur,Imphal West,Sekmai,Sekmai Local Council Group 03,Sekmai Demo Village 011,2904,480,324,295,251,85.08,310,279,90.00,235,113,48.09,256,200,78.13,42,12.96,42.09,95.0,86.08,82.13,24.829223,93.825619,2025-03-31
MAN-IWE-04-012,Manipur,Imphal West,Sekmai,Sekmai Local Council Group 03,Sekmai Demo Village 012,1247,269,172,148,114,77.03,150,56,37.33,147,122,82.99,148,120,81.08,9,5.23,82.99,35.33,77.03,76.08,24.789196,93.839424,2025-03-31
MAN-IWE-04-013,Manipur,Imphal West,Sekmai,Sekmai Local Council Group 03,Sekmai Demo Village 013,3816,716,454,357,161,45.10,399,319,79.95,329,286,86.93,417,292,70.02,41,9.03,89.93,80.95,45.1,71.02,24.852182,93.869394,2025-03-31
MAN-IWE-04-014,Manipur,Imphal West,Sekmai,Sekmai Local Council Group 03,Sekmai Demo Village 014,2305,602,452,394,276,70.05,393,358,91.09,409,344,84.11,429,124,28.90,23,5.09,83.11,85.09,67.05,32.9,24.886256,93.933019,2025-03-31
MAN-IWE-04-015,Manipur,Imphal West,Sekmai,Sekmai Local Council Group 03,Sekmai Demo Village 015,2825,706,580,450,256,56.89,485,272,56.08,466,224,48.07,465,140,30.11,160,27.59,47.07,62.08,53.89,28.11,24.9019,93.978711,2025-03-31
MAN-IWE-04-016,Manipur,Imphal West,Sekmai,Sekmai Local Council Group 04,Sekmai Demo Village 016,1767,421,332,323,287,88.85,296,234,79.05,282,251,89.01,271,238,87.82,136,40.96,85.01,73.05,87.85,90.82,24.850654,93.984808,2025-03-31
MAN-IWE-04-017,Manipur,Imphal West,Sekmai,Sekmai Local Council Group 04,Sekmai Demo Village 017,1060,265,193,162,117,72.22,187,133,71.12,168,104,61.90,169,120,71.01,16,8.29,75.9,97.12,89.22,97.01,24.785978,93.979904,2025-03-31
MAN-IWE-04-018,Manipur,Imphal West,Sekmai,Sekmai Local Council Group 04,Sekmai Demo Village 018,428,110,79,76,72,94.74,57,26,45.61,65,59,90.77,75,36,48.00,8,10.13,87.77,49.61,95.74,52.0,24.809997,93.873746,2025-03-31
MAN-IWE-04-019,Manipur,Imphal West,Sekmai,Sekmai Local Council Group 04,Sekmai Demo Village 019,1908,371,302,248,184,74.19,236,205,86.86,272,199,73.16,260,234,90.00,46,15.23,77.16,81.86,76.19,86.0,24.743576,93.883218,2025-03-31
MAN-IWE-04-020,Manipur,Imphal West,Sekmai,Sekmai Local Council Group 04,Sekmai Demo Village 020,2376,404,382,276,138,50.00,296,181,61.15,287,178,62.02,324,181,55.86,10,2.62,65.02,64.15,51.0,61.86,24.799797,93.962787,2025-03-31
MAN-IWE-04-021,Manipur,Imphal West,Sekmai,Sekmai Local Council Group 05,Sekmai Demo Village 021,2759,609,570,419,352,84.01,486,374,76.95,415,357,86.02,563,439,77.98,43,7.54,89.02,81.95,83.01,76.98,24.726373,93.839398,2025-03-31
MAN-IWE-04-022,Manipur,Imphal West,Sekmai,Sekmai Local Council Group 05,Sekmai Demo Village 022,715,159,146,122,111,90.98,121,100,82.64,122,110,90.16,107,98,91.59,8,5.48,87.16,80.64,85.98,86.59,24.808734,93.922442,2025-03-31
MAN-IWE-04-023,Manipur,Imphal West,Sekmai,Sekmai Local Council Group 05,Sekmai Demo Village 023,3887,649,649,476,338,71.01,615,437,71.06,517,253,48.94,563,417,74.07,121,18.64,43.94,75.06,66.01,80.07,24.909015,93.815219,2025-03-31
MAN-IWE-04-024,Manipur,Imphal West,Sekmai,Sekmai Local Council Group 05,Sekmai Demo Village 024,2757,480,422,306,266,86.93,394,142,36.04,356,313,87.92,381,343,90.03,46,10.90,82.92,31.04,92.93,85.03,24.878087,94.021594,2025-03-31
MAN-IWE-04-025,Manipur,Imphal West,Sekmai,Sekmai Local Council Group 05,Sekmai Demo Village 025,3178,538,450,400,196,49.00,374,307,82.09,362,329,90.88,344,282,81.98,31,6.89,91.88,77.09,48.0,77.98,24.845831,93.968196,2025-03-31
MAN-IWE-05-001,Manipur,Imphal West,Mayang Imphal,Mayang Imphal Local Council Group 01,Mayang Imphal Demo Village 001,2177,479,298,234,197,84.19,264,195,73.86,251,216,86.06,272,131,48.16,32,10.74,90.06,68.86,85.19,51.16,24.899771,93.830858,2025-03-31
MAN-IWE-05-002,Manipur,Imphal West,Mayang Imphal,Mayang Imphal Local Council Group 01,Mayang Imphal Demo Village 002,3374,567,362,267,115,43.07,320,99,30.94,285,114,40.00,296,166,56.08,67,18.51,42.0,35.94,42.07,55.08,24.853229,94.017108,2025-03-31
MAN-IWE-05-003,Manipur,Imphal West,Mayang Imphal,Mayang Imphal Local Council Group 01,Mayang Imphal Demo Village 003,1612,366,366,343,274,79.88,275,201,73.09,319,265,83.07,273,213,78.02,103,28.14,87.07,67.09,76.88,75.02,24.794578,93.914192,2025-03-31
MAN-IWE-05-004,Manipur,Imphal West,Mayang Imphal,Mayang Imphal Local Council Group 01,Mayang Imphal Demo Village 004,1470,280,236,201,125,62.19,173,133,76.88,218,146,66.97,171,108,63.16,31,13.14,93.97,99.0,80.19,79.16,24.876727,93.811699,2025-03-31
MAN-IWE-05-005,Manipur,Imphal West,Mayang Imphal,Mayang Imphal Local Council Group 01,Mayang Imphal Demo Village 005,1380,339,267,264,248,93.94,203,87,42.86,192,173,90.10,264,87,32.95,16,5.99,89.1,48.86,97.94,38.95,24.754018,93.844041,2025-03-31
MAN-IWE-05-006,Manipur,Imphal West,Mayang Imphal,Mayang Imphal Local Council Group 02,Mayang Imphal Demo Village 006,1565,402,392,342,291,85.09,321,260,81.00,383,349,91.12,358,315,87.99,47,11.99,86.12,82.0,83.09,88.99,24.810923,93.916414,2025-03-31
MAN-IWE-05-007,Manipur,Imphal West,Mayang Imphal,Mayang Imphal Local Council Group 02,Mayang Imphal Demo Village 007,1737,328,231,193,139,72.02,183,130,71.04,203,126,62.07,192,108,56.25,35,15.15,67.07,65.04,72.02,56.25,24.806746,94.018162,2025-03-31
MAN-IWE-05-008,Manipur,Imphal West,Mayang Imphal,Mayang Imphal Local Council Group 02,Mayang Imphal Demo Village 008,3140,719,709,659,521,79.06,670,482,71.94,566,504,89.05,560,420,75.00,58,8.18,92.05,73.94,78.06,69.0,24.758872,93.891815,2025-03-31
MAN-IWE-05-009,Manipur,Imphal West,Mayang Imphal,Mayang Imphal Local Council Group 02,Mayang Imphal Demo Village 009,1764,456,361,303,291,96.04,290,255,87.93,353,342,96.88,320,307,95.94,20,5.54,96.88,82.93,93.04,92.94,24.867895,94.00881,2025-03-31
MAN-IWE-05-010,Manipur,Imphal West,Mayang Imphal,Mayang Imphal Local Council Group 02,Mayang Imphal Demo Village 010,401,74,61,46,39,84.78,47,39,82.98,58,19,32.76,47,35,74.47,10,16.39,27.76,78.98,84.78,75.47,24.856733,94.003687,2025-03-31
MAN-IWE-05-011,Manipur,Imphal West,Mayang Imphal,Mayang Imphal Local Council Group 03,Mayang Imphal Demo Village 011,3021,531,377,337,293,86.94,351,109,31.05,375,304,81.07,291,256,87.97,49,13.00,81.07,36.05,86.94,82.97,24.707705,93.838477,2025-03-31
MAN-IWE-05-012,Manipur,Imphal West,Mayang Imphal,Mayang Imphal Local Council Group 03,Mayang Imphal Demo Village 012,3600,606,466,363,123,33.88,382,313,81.94,375,308,82.13,348,306,87.93,89,19.10,86.13,84.94,39.88,86.93,24.854468,93.914523,2025-03-31
MAN-IWE-05-013,Manipur,Imphal West,Mayang Imphal,Mayang Imphal Local Council Group 03,Mayang Imphal Demo Village 013,1454,308,278,273,235,86.08,259,186,71.81,256,197,76.95,220,106,48.18,26,9.35,71.95,76.81,87.08,49.18,24.802989,93.871072,2025-03-31
MAN-IWE-05-014,Manipur,Imphal West,Mayang Imphal,Mayang Imphal Local Council Group 03,Mayang Imphal Demo Village 014,4245,760,734,556,172,30.94,647,304,46.99,708,297,41.95,563,220,39.08,170,23.16,47.95,44.99,27.94,43.08,24.872495,93.831294,2025-03-31
MAN-IWE-05-015,Manipur,Imphal West,Mayang Imphal,Mayang Imphal Local Council Group 03,Mayang Imphal Demo Village 015,1287,243,180,169,142,84.02,143,97,67.83,179,136,75.98,154,119,77.27,49,27.22,70.98,67.83,78.02,71.27,24.747286,93.838495,2025-03-31
MAN-IWE-05-016,Manipur,Imphal West,Mayang Imphal,Mayang Imphal Local Council Group 04,Mayang Imphal Demo Village 016,1088,251,234,186,125,67.20,173,145,83.82,215,163,75.81,232,144,62.07,41,17.52,99.0,99.0,93.2,77.07,24.830096,93.936274,2025-03-31
MAN-IWE-05-017,Manipur,Imphal West,Mayang Imphal,Mayang Imphal Local Council Group 04,Mayang Imphal Demo Village 017,1686,384,278,243,236,97.12,204,94,46.08,225,189,84.00,278,97,34.89,25,8.99,88.0,46.08,99.0,34.89,24.718085,93.979649,2025-03-31
MAN-IWE-05-018,Manipur,Imphal West,Mayang Imphal,Mayang Imphal Local Council Group 04,Mayang Imphal Demo Village 018,3206,744,726,638,587,92.01,600,456,76.00,643,463,72.01,564,502,89.01,68,9.37,73.01,71.0,96.01,86.01,24.827306,93.837963,2025-03-31
MAN-IWE-05-019,Manipur,Imphal West,Mayang Imphal,Mayang Imphal Local Council Group 04,Mayang Imphal Demo Village 019,1098,188,153,120,61,50.83,119,83,69.75,129,97,75.19,144,68,47.22,8,5.23,80.19,74.75,47.83,44.22,24.787364,93.855624,2025-03-31
MAN-IWE-05-020,Manipur,Imphal West,Mayang Imphal,Mayang Imphal Local Council Group 04,Mayang Imphal Demo Village 020,2909,670,480,456,401,87.94,413,388,93.95,362,304,83.98,421,370,87.89,31,6.46,86.98,99.0,88.94,84.89,24.73495,94.002993,2025-03-31
MAN-IWE-05-021,Manipur,Imphal West,Mayang Imphal,Mayang Imphal Local Council Group 05,Mayang Imphal Demo Village 021,1459,339,297,238,214,89.92,226,188,83.19,270,238,88.15,295,251,85.08,21,7.07,84.15,82.19,87.92,85.08,24.772338,94.017597,2025-03-31
MAN-IWE-05-022,Manipur,Imphal West,Mayang Imphal,Mayang Imphal Local Council Group 05,Mayang Imphal Demo Village 022,3044,540,503,366,315,86.07,492,428,86.99,463,157,33.91,368,280,76.09,100,19.88,27.91,88.99,81.07,70.09,24.792148,93.97546,2025-03-31
MAN-IWE-05-023,Manipur,Imphal West,Mayang Imphal,Mayang Imphal Local Council Group 05,Mayang Imphal Demo Village 023,2827,522,331,295,245,83.05,242,102,42.15,309,226,73.14,263,189,71.86,20,6.04,74.14,39.15,78.05,67.86,24.735375,93.899322,2025-03-31
MAN-IWE-05-024,Manipur,Imphal West,Mayang Imphal,Mayang Imphal Local Council Group 05,Mayang Imphal Demo Village 024,1744,342,221,212,78,36.79,177,158,89.27,167,140,83.83,160,112,70.00,17,7.69,84.83,91.27,36.79,70.0,24.833739,93.848736,2025-03-31
MAN-IWE-05-025,Manipur,Imphal West,Mayang Imphal,Mayang Imphal Local Council Group 05,Mayang Imphal Demo Village 025,574,117,85,73,52,71.23,71,64,90.14,70,51,72.86,77,39,50.65,7,8.24,77.86,95.14,72.23,44.65,24.791051,93.862668,2025-03-31
MAN-JIR-01-001,Manipur,Jiribam,Jiribam,Jiribam Local Council Group 01,Jiribam Demo Village 001,3593,753,601,481,197,40.96,473,383,80.97,573,521,90.92,461,346,75.05,7,1.16,89.92,77.97,44.96,73.05,24.695058,93.22158,2025-03-31
MAN-JIR-01-002,Manipur,Jiribam,Jiribam,Jiribam Local Council Group 01,Jiribam Demo Village 002,3972,732,570,530,424,80.00,542,472,87.08,514,380,73.93,570,222,38.95,25,4.39,79.93,91.08,84.0,35.95,24.868828,93.104992,2025-03-31
MAN-JIR-01-003,Manipur,Jiribam,Jiribam,Jiribam Local Council Group 01,Jiribam Demo Village 003,1611,389,346,310,136,43.87,303,97,32.01,287,115,40.07,276,88,31.88,113,32.66,41.07,33.01,41.87,34.88,24.704646,93.114904,2025-03-31
MAN-JIR-01-004,Manipur,Jiribam,Jiribam,Jiribam Local Council Group 01,Jiribam Demo Village 004,998,207,128,116,101,87.07,123,111,90.24,117,82,70.09,93,84,90.32,43,33.59,67.09,88.24,87.07,84.32,24.894379,93.145593,2025-03-31
MAN-JIR-01-005,Manipur,Jiribam,Jiribam,Jiribam Local Council Group 01,Jiribam Demo Village 005,219,46,45,45,36,80.00,34,27,79.41,34,24,70.59,32,21,65.63,8,17.78,91.59,99.0,99.0,92.63,24.746723,93.055731,2025-03-31
MAN-JIR-01-006,Manipur,Jiribam,Jiribam,Jiribam Local Council Group 02,Jiribam Demo Village 006,739,193,183,176,167,94.89,144,59,40.97,177,172,97.18,171,91,53.22,26,14.21,98.18,38.97,97.89,59.22,24.77191,93.081098,2025-03-31
MAN-JIR-01-007,Manipur,Jiribam,Jiribam,Jiribam Local Council Group 02,Jiribam Demo Village 007,1395,337,219,210,174,82.86,196,153,78.06,206,171,83.01,198,168,84.85,24,10.96,80.01,81.06,77.86,81.85,24.868288,93.029113,2025-03-31
MAN-JIR-01-008,Manipur,Jiribam,Jiribam,Jiribam Local Council Group 02,Jiribam Demo Village 008,646,136,119,103,53,51.46,119,83,69.75,98,62,63.27,104,55,52.88,2,1.68,65.27,68.75,47.46,53.88,24.788143,93.050653,2025-03-31
MAN-JIR-01-009,Manipur,Jiribam,Jiribam,Jiribam Local Council Group 02,Jiribam Demo Village 009,3220,552,513,404,335,82.92,406,304,74.88,469,324,69.08,435,392,90.11,34,6.63,72.08,80.88,83.92,87.11,24.765679,93.053817,2025-03-31
MAN-JIR-01-010,Manipur,Jiribam,Jiribam,Jiribam Local Council Group 02,Jiribam Demo Village 010,255,63,46,37,33,89.19,37,31,83.78,44,39,88.64,38,32,84.21,9,19.57,85.64,81.78,89.19,83.21,24.781496,93.012616,2025-03-31
MAN-JIR-01-011,Manipur,Jiribam,Jiribam,Jiribam Local Council Group 03,Jiribam Demo Village 011,1199,208,193,141,114,80.85,164,149,90.85,147,57,38.78,180,126,70.00,12,6.22,40.78,96.85,78.85,70.0,24.820008,93.020527,2025-03-31
MAN-JIR-01-012,Manipur,Jiribam,Jiribam,Jiribam Local Council Group 03,Jiribam Demo Village 012,2572,547,423,355,273,76.90,394,154,39.09,354,283,79.94,318,264,83.02,30,7.09,83.94,44.09,80.9,84.02,24.719316,93.017044,2025-03-31
MAN-JIR-01-013,Manipur,Jiribam,Jiribam,Jiribam Local Council Group 03,Jiribam Demo Village 013,2552,519,397,341,130,38.12,334,240,71.86,383,318,83.03,359,276,76.88,55,13.85,77.03,66.86,33.12,82.88,24.714276,93.097546,2025-03-31
MAN-JIR-01-014,Manipur,Jiribam,Jiribam,Jiribam Local Council Group 03,Jiribam Demo Village 014,2368,628,581,419,352,84.01,443,359,81.04,473,336,71.04,552,276,50.00,116,19.97,65.04,83.04,82.01,50.0,24.830504,93.146106,2025-03-31
MAN-JIR-01-015,Manipur,Jiribam,Jiribam,Jiribam Local Council Group 03,Jiribam Demo Village 015,433,95,90,86,41,47.67,72,31,43.06,75,40,53.33,69,28,40.58,25,27.78,55.33,37.06,45.67,42.58,24.813621,93.101936,2025-03-31
MAN-JIR-01-016,Manipur,Jiribam,Jiribam,Jiribam Local Council Group 04,Jiribam Demo Village 016,3420,590,395,379,303,79.95,375,292,77.87,331,268,80.97,298,247,82.89,122,30.89,82.97,78.87,80.95,77.89,24.745226,93.005812,2025-03-31
MAN-JIR-01-017,Manipur,Jiribam,Jiribam,Jiribam Local Council Group 04,Jiribam Demo Village 017,1800,461,327,271,176,64.94,270,192,71.11,325,228,70.15,244,163,66.80,26,7.95,99.0,92.11,91.94,80.8,24.862287,93.195764,2025-03-31
MAN-JIR-01-018,Manipur,Jiribam,Jiribam,Jiribam Local Council Group 04,Jiribam Demo Village 018,2590,461,333,300,294,98.00,302,133,44.04,241,227,94.19,300,147,49.00,46,13.81,90.19,49.04,95.0,52.0,24.817512,93.122911,2025-03-31
MAN-JIR-01-019,Manipur,Jiribam,Jiribam,Jiribam Local Council Group 04,Jiribam Demo Village 019,1182,247,173,170,155,91.18,169,139,82.25,155,140,90.32,130,100,76.92,12,6.94,90.32,83.25,97.18,80.92,24.756642,93.17342,2025-03-31
MAN-JIR-01-020,Manipur,Jiribam,Jiribam,Jiribam Local Council Group 04,Jiribam Demo Village 020,1382,279,245,238,148,62.18,188,141,75.00,241,166,68.88,192,129,67.19,36,14.69,70.88,69.0,67.18,62.19,24.7415,93.160883,2025-03-31
MAN-JIR-01-021,Manipur,Jiribam,Jiribam,Jiribam Local Council Group 05,Jiribam Demo Village 021,290,57,43,34,24,70.59,42,29,69.05,40,37,92.50,38,27,71.05,7,16.28,96.5,73.05,68.59,71.05,24.695923,93.01366,2025-03-31
MAN-JIR-01-022,Manipur,Jiribam,Jiribam,Jiribam Local Council Group 05,Jiribam Demo Village 022,622,152,123,112,108,96.43,122,112,91.80,121,113,93.39,89,75,84.27,19,15.45,92.39,88.8,91.43,82.27,24.902451,93.115274,2025-03-31
MAN-JIR-01-023,Manipur,Jiribam,Jiribam,Jiribam Local Council Group 05,Jiribam Demo Village 023,4179,745,680,549,412,75.05,657,493,75.04,589,177,30.05,523,413,78.97,73,10.74,25.05,79.04,76.05,79.97,24.721625,93.237383,2025-03-31
MAN-JIR-01-024,Manipur,Jiribam,Jiribam,Jiribam Local Council Group 05,Jiribam Demo Village 024,2142,423,275,220,198,90.00,261,102,39.08,240,185,77.08,198,152,76.77,37,13.45,82.08,37.08,91.0,72.77,24.72893,93.192905,2025-03-31
MAN-JIR-01-025,Manipur,Jiribam,Jiribam,Jiribam Local Council Group 05,Jiribam Demo Village 025,1345,358,340,307,138,44.95,263,224,85.17,327,262,80.12,268,233,86.94,47,13.82,79.12,82.17,41.95,81.94,24.81701,93.148026,2025-03-31
MAN-JIR-01-026,Manipur,Jiribam,Jiribam,Jiribam Local Council Group 06,Jiribam Demo Village 026,3346,630,589,494,370,74.90,556,423,76.08,479,345,72.03,515,227,44.08,9,1.53,67.03,78.08,75.9,43.08,24.887022,93.169493,2025-03-31
MAN-JIR-01-027,Manipur,Jiribam,Jiribam,Jiribam Local Council Group 06,Jiribam Demo Village 027,1960,417,319,306,162,52.94,247,104,42.11,306,147,48.04,247,131,53.04,78,24.45,44.04,42.11,51.94,51.04,24.72161,93.099405,2025-03-31
MAN-JIR-01-028,Manipur,Jiribam,Jiribam,Jiribam Local Council Group 06,Jiribam Demo Village 028,1227,298,215,175,131,74.86,202,145,71.78,197,140,71.07,160,118,73.75,72,33.49,77.07,72.78,77.86,77.75,24.89085,93.11503,2025-03-31
MAN-JIR-01-029,Manipur,Jiribam,Jiribam,Jiribam Local Council Group 06,Jiribam Demo Village 029,3395,733,555,499,299,59.92,455,300,65.93,519,363,69.94,429,270,62.94,8,1.44,89.94,91.93,77.92,89.94,24.738891,93.095295,2025-03-31
MAN-JIR-01-030,Manipur,Jiribam,Jiribam,Jiribam Local Council Group 06,Jiribam Demo Village 030,2128,482,444,409,368,89.98,428,163,38.08,421,366,86.94,417,154,36.93,31,6.98,89.94,34.08,83.98,34.93,24.774442,93.232875,2025-03-31
MAN-JIR-01-031,Manipur,Jiribam,Jiribam,Jiribam Local Council Group 07,Jiribam Demo Village 031,1554,324,321,242,223,92.15,316,259,81.96,281,208,74.02,270,213,78.89,13,4.05,78.02,87.96,86.15,80.89,24.888101,93.21126,2025-03-31
MAN-JIR-01-032,Manipur,Jiribam,Jiribam,Jiribam Local Council Group 07,Jiribam Demo Village 032,2742,603,491,438,254,57.99,394,225,57.11,370,215,58.11,491,368,74.95,67,13.65,52.11,52.11,62.99,78.95,24.855271,93.15238,2025-03-31
MAN-JIR-01-033,Manipur,Jiribam,Jiribam,Jiribam Local Council Group 07,Jiribam Demo Village 033,2840,581,545,500,445,89.00,540,470,87.04,486,350,72.02,530,403,76.04,81,14.86,72.02,84.04,94.0,79.04,24.691803,93.114764,2025-03-31
MAN-JIR-01-034,Manipur,Jiribam,Jiribam,Jiribam Local Council Group 07,Jiribam Demo Village 034,381,69,59,51,49,96.08,48,41,85.42,57,54,94.74,54,45,83.33,7,11.86,94.74,82.42,91.08,80.33,24.897629,93.140877,2025-03-31
MAN-JIR-01-035,Manipur,Jiribam,Jiribam,Jiribam Local Council Group 07,Jiribam Demo Village 035,1273,339,278,211,167,79.15,235,207,88.09,237,104,43.88,203,177,87.19,46,16.55,47.88,87.09,79.15,81.19,24.790407,93.078645,2025-03-31
MAN-JIR-01-036,Manipur,Jiribam,Jiribam,Jiribam Local Council Group 08,Jiribam Demo Village 036,4043,667,499,411,353,85.89,463,153,33.05,445,316,71.01,449,350,77.95,65,13.03,73.01,29.05,88.89,78.95,24.785678,93.10492,2025-03-31
MAN-JIR-01-037,Manipur,Jiribam,Jiribam,Jiribam Local Council Group 08,Jiribam Demo Village 037,417,77,63,58,24,41.38,48,39,81.25,60,48,80.00,55,44,80.00,12,19.05,75.0,79.25,35.38,81.0,24.698974,93.100536,2025-03-31
MAN-JIR-01-038,Manipur,Jiribam,Jiribam,Jiribam Local Council Group 08,Jiribam Demo Village 038,3230,629,614,583,501,85.93,530,419,79.06,460,382,83.04,497,159,31.99,91,14.82,80.04,82.06,89.93,28.99,24.830289,93.077958,2025-03-31
MAN-JIR-01-039,Manipur,Jiribam,Jiribam,Jiribam Local Council Group 08,Jiribam Demo Village 039,2832,672,533,532,234,43.98,430,168,39.07,481,202,42.00,434,239,55.07,141,26.45,37.0,35.07,40.98,52.07,24.722383,93.222999,2025-03-31
MAN-JIR-01-040,Manipur,Jiribam,Jiribam,Jiribam Local Council Group 08,Jiribam Demo Village 040,1865,327,248,240,178,74.17,203,166,81.77,192,144,75.00,199,151,75.88,89,35.89,69.0,81.77,78.17,77.88,24.899694,93.1514,2025-03-31
MAN-JIR-01-041,Manipur,Jiribam,Jiribam,Jiribam Local Council Group 09,Jiribam Demo Village 041,2498,452,387,377,317,84.08,290,218,75.17,334,271,81.14,284,182,64.08,64,16.54,99.0,94.17,99.0,83.08,24.73166,93.155835,2025-03-31
MAN-JIR-01-042,Manipur,Jiribam,Jiribam,Jiribam Local Council Group 09,Jiribam Demo Village 042,1343,249,208,166,148,89.16,182,82,45.05,208,193,92.79,199,68,34.17,35,16.83,95.79,48.05,92.16,30.17,24.793403,93.183053,2025-03-31
MAN-JIR-01-043,Manipur,Jiribam,Jiribam,Jiribam Local Council Group 09,Jiribam Demo Village 043,900,154,128,119,102,85.71,125,96,76.80,108,90,83.33,93,68,73.12,13,10.16,83.33,75.8,87.71,77.12,24.866708,93.097367,2025-03-31
MAN-JIR-01-044,Manipur,Jiribam,Jiribam,Jiribam Local Council Group 09,Jiribam Demo Village 044,4469,773,762,601,397,66.06,735,456,62.04,656,459,69.97,655,452,69.01,28,3.67,67.97,64.04,67.06,73.01,24.721366,93.130754,2025-03-31
MAN-JIR-01-045,Manipur,Jiribam,Jiribam,Jiribam Local Council Group 09,Jiribam Demo Village 045,750,182,182,147,131,89.12,160,120,75.00,161,138,85.71,131,117,89.31,35,19.23,83.71,78.0,90.12,84.31,24.785754,93.036771,2025-03-31
MAN-JIR-01-046,Manipur,Jiribam,Jiribam,Jiribam Local Council Group 10,Jiribam Demo Village 046,2797,618,531,452,398,88.05,490,441,90.00,392,380,96.94,400,352,88.00,28,5.27,96.94,87.0,87.05,84.0,24.904424,93.01761,2025-03-31
MAN-JIR-01-047,Manipur,Jiribam,Jiribam,Jiribam Local Council Group 10,Jiribam Demo Village 047,2161,362,264,216,179,82.87,216,197,91.20,217,108,49.77,226,167,73.89,30,11.36,55.77,94.2,77.87,77.89,24.806807,93.149746,2025-03-31
MAN-JIR-01-048,Manipur,Jiribam,Jiribam,Jiribam Local Council Group 10,Jiribam Demo Village 048,2022,533,507,386,351,90.93,432,173,40.05,366,304,83.06,458,385,84.06,42,8.28,85.06,43.05,88.93,84.06,24.716975,93.200752,2025-03-31
MAN-JIR-01-049,Manipur,Jiribam,Jiribam,Jiribam Local Council Group 10,Jiribam Demo Village 049,527,120,117,109,36,33.03,111,99,89.19,99,81,81.82,104,93,89.42,22,18.80,79.82,91.19,34.03,92.42,24.867522,93.185587,2025-03-31
MAN-JIR-01-050,Manipur,Jiribam,Jiribam,Jiribam Local Council Group 10,Jiribam Demo Village 050,1933,370,300,248,174,70.16,249,187,75.10,240,214,89.17,291,111,38.14,12,4.00,88.17,77.1,73.16,33.14,24.745059,93.232534,2025-03-31
MAN-JIR-01-051,Manipur,Jiribam,Jiribam,Jiribam Local Council Group 11,Jiribam Demo Village 051,957,203,153,117,36,30.77,151,47,31.13,119,48,40.34,137,48,35.04,45,29.41,45.34,37.13,26.77,31.04,24.803692,93.149227,2025-03-31
MAN-JIR-01-052,Manipur,Jiribam,Jiribam,Jiribam Local Council Group 11,Jiribam Demo Village 052,3429,702,469,353,244,69.12,377,294,77.98,460,377,81.96,406,329,81.03,130,27.72,78.96,81.98,70.12,83.03,24.835768,93.170849,2025-03-31
MAN-JIR-01-053,Manipur,Jiribam,Jiribam,Jiribam Local Council Group 11,Jiribam Demo Village 053,1769,383,310,254,206,81.10,270,184,68.15,224,152,67.86,240,192,80.00,38,12.26,82.86,83.15,99.0,99.0,24.808866,93.066756,2025-03-31
MAN-JIR-01-054,Manipur,Jiribam,Jiribam,Jiribam Local Council Group 11,Jiribam Demo Village 054,1541,289,264,223,219,98.21,202,71,35.15,196,176,89.80,217,98,45.16,17,6.44,91.8,38.15,92.21,45.16,24.884497,93.140777,2025-03-31
MAN-JIR-01-055,Manipur,Jiribam,Jiribam,Jiribam Local Council Group 11,Jiribam Demo Village 055,1814,364,321,277,260,93.86,241,205,85.06,257,239,93.00,316,224,70.89,25,7.79,95.0,83.06,91.86,75.89,24.777539,93.071097,2025-03-31
MAN-JIR-01-056,Manipur,Jiribam,Jiribam,Jiribam Local Council Group 12,Jiribam Demo Village 056,1181,248,205,182,122,67.03,151,113,74.83,167,95,56.89,163,111,68.10,37,18.05,60.89,72.83,69.03,62.1,24.907143,93.033935,2025-03-31
MAN-JIR-01-057,Manipur,Jiribam,Jiribam,Jiribam Local Council Group 12,Jiribam Demo Village 057,1989,407,353,255,201,78.82,303,258,85.15,295,277,93.90,256,220,85.94,13,3.68,98.9,85.15,81.82,87.94,24.831204,93.115174,2025-03-31
MAN-JIR-01-058,Manipur,Jiribam,Jiribam,Jiribam Local Council Group 12,Jiribam Demo Village 058,2347,467,464,396,325,82.07,415,361,86.99,418,347,83.01,440,396,90.00,30,6.47,79.01,85.99,81.07,85.0,24.70028,93.227802,2025-03-31
MAN-JIR-01-059,Manipur,Jiribam,Jiribam,Jiribam Local Council Group 12,Jiribam Demo Village 059,2418,616,545,487,438,89.94,392,310,79.08,494,188,38.06,395,356,90.13,98,17.98,43.06,82.08,87.94,86.13,24.7534,93.038845,2025-03-31
MAN-JIR-01-060,Manipur,Jiribam,Jiribam,Jiribam Local Council Group 12,Jiribam Demo Village 060,1811,320,218,191,172,90.05,180,54,30.00,180,157,87.22,179,136,75.98,11,5.05,87.22,30.0,95.05,72.98,24.748252,93.131524,2025-03-31
MAN-JIR-01-061,Manipur,Jiribam,Jiribam,Jiribam Local Council Group 13,Jiribam Demo Village 061,1230,278,263,189,53,28.04,242,191,78.93,239,191,79.92,259,215,83.01,30,11.41,82.92,80.93,24.04,87.01,24.870385,93.116576,2025-03-31
MAN-JIR-01-062,Manipur,Jiribam,Jiribam,Jiribam Local Council Group 13,Jiribam Demo Village 062,2437,552,457,412,363,88.11,415,365,87.95,414,331,79.95,363,185,50.96,23,5.03,76.95,88.95,91.11,51.96,24.828478,93.232297,2025-03-31
MAN-JIR-01-063,Manipur,Jiribam,Jiribam,Jiribam Local Council Group 13,Jiribam Demo Village 063,2350,434,339,305,140,45.90,301,144,47.84,335,168,50.15,247,74,29.96,96,28.32,45.15,43.84,44.9,34.96,24.752689,93.084589,2025-03-31
MAN-JIR-02-001,Manipur,Jiribam,Borobekra,Borobekra Local Council Group 01,Borobekra Demo Village 001,3649,616,467,410,316,77.07,377,343,90.98,457,370,80.96,436,336,77.06,181,38.76,86.96,90.98,81.07,83.06,24.817112,93.093013,2025-03-31
MAN-JIR-02-002,Manipur,Jiribam,Borobekra,Borobekra Local Council Group 01,Borobekra Demo Village 002,2156,450,437,375,311,82.93,324,230,70.99,353,233,66.01,359,219,61.00,15,3.43,84.01,95.99,99.0,91.0,24.801115,93.08286,2025-03-31
MAN-JIR-02-003,Manipur,Jiribam,Borobekra,Borobekra Local Council Group 01,Borobekra Demo Village 003,1722,311,274,252,237,94.05,240,94,39.17,256,248,96.88,204,100,49.02,11,4.01,93.88,33.17,99.0,43.02,24.825219,93.138102,2025-03-31
MAN-JIR-02-004,Manipur,Jiribam,Borobekra,Borobekra Local Council Group 01,Borobekra Demo Village 004,1290,221,140,114,79,69.30,129,95,73.64,116,102,87.93,109,94,86.24,16,11.43,85.93,75.64,67.3,86.24,24.879754,93.073168,2025-03-31
MAN-JIR-02-005,Manipur,Jiribam,Borobekra,Borobekra Local Council Group 01,Borobekra Demo Village 005,2122,352,326,302,163,53.97,326,228,69.94,256,159,62.11,294,194,65.99,21,6.44,60.11,70.94,48.97,68.99,24.707496,93.189008,2025-03-31
MAN-JIR-02-006,Manipur,Jiribam,Borobekra,Borobekra Local Council Group 02,Borobekra Demo Village 006,2317,495,387,343,274,79.88,338,243,71.89,361,264,73.13,344,323,93.90,15,3.88,78.13,65.89,74.88,88.9,24.897906,93.181854,2025-03-31
MAN-JIR-02-007,Manipur,Jiribam,Borobekra,Borobekra Local Council Group 02,Borobekra Demo Village 007,4083,683,621,537,478,89.01,551,501,90.93,615,597,97.07,475,390,82.11,66,10.63,96.07,90.93,84.01,77.11,24.799082,93.144715,2025-03-31
MAN-JIR-02-008,Manipur,Jiribam,Borobekra,Borobekra Local Council Group 02,Borobekra Demo Village 008,1370,244,176,127,89,70.08,152,108,71.05,136,42,30.88,172,122,70.93,16,9.09,28.88,70.05,75.08,76.93,24.809409,93.110338,2025-03-31
MAN-JIR-02-009,Manipur,Jiribam,Borobekra,Borobekra Local Council Group 02,Borobekra Demo Village 009,3865,646,586,541,417,77.08,461,175,37.96,572,521,91.08,534,411,76.97,105,17.92,90.08,41.96,72.08,70.97,24.819566,93.062206,2025-03-31
MAN-JIR-02-010,Manipur,Jiribam,Borobekra,Borobekra Local Council Group 02,Borobekra Demo Village 010,3347,687,446,397,131,33.00,430,357,83.02,381,271,71.13,414,339,81.88,27,6.05,71.13,78.02,32.0,80.88,24.83751,93.155651,2025-03-31
MAN-JIR-02-011,Manipur,Jiribam,Borobekra,Borobekra Local Council Group 03,Borobekra Demo Village 011,3831,752,604,506,395,78.06,549,434,79.05,588,453,77.04,594,261,43.94,62,10.26,76.04,77.05,82.06,42.94,24.693297,93.23593,2025-03-31
MAN-JIR-02-012,Manipur,Jiribam,Borobekra,Borobekra Local Council Group 03,Borobekra Demo Village 012,1143,267,247,241,101,41.91,216,80,37.04,216,86,39.81,198,85,42.93,64,25.91,39.81,32.04,37.91,46.93,24.734768,93.176348,2025-03-31
MAN-JIR-02-013,Manipur,Jiribam,Borobekra,Borobekra Local Council Group 03,Borobekra Demo Village 013,2964,628,447,390,324,83.08,339,258,76.11,350,287,82.00,413,293,70.94,113,25.28,78.0,82.11,78.08,69.94,24.850298,93.002012,2025-03-31
MAN-JIR-02-014,Manipur,Jiribam,Borobekra,Borobekra Local Council Group 03,Borobekra Demo Village 014,3548,739,706,605,466,77.02,661,496,75.04,571,405,70.93,641,417,65.05,9,1.27,88.93,89.04,95.02,94.05,24.899168,93.017687,2025-03-31
MAN-JIR-02-015,Manipur,Jiribam,Borobekra,Borobekra Local Council Group 03,Borobekra Demo Village 015,1098,184,179,138,124,89.86,154,69,44.81,143,130,90.91,168,77,45.83,14,7.82,96.91,46.81,91.86,46.83,24.691186,93.176169,2025-03-31
MAN-JIR-02-016,Manipur,Jiribam,Borobekra,Borobekra Local Council Group 04,Borobekra Demo Village 016,1396,348,297,270,235,87.04,281,197,70.11,255,214,83.92,260,231,88.85,48,16.16,81.92,64.11,86.04,89.85,24.790714,93.078035,2025-03-31
MAN-JIR-02-017,Manipur,Jiribam,Borobekra,Borobekra Local Council Group 04,Borobekra Demo Village 017,2951,680,455,375,289,77.07,395,237,60.00,348,191,54.89,398,295,74.12,71,15.60,58.89,66.0,75.07,69.12,24.850775,93.142692,2025-03-31
MAN-JIR-02-018,Manipur,Jiribam,Borobekra,Borobekra Local Council Group 04,Borobekra Demo Village 018,2836,705,514,434,378,87.10,494,361,73.08,461,346,75.05,451,419,92.90,57,11.09,69.05,68.08,85.1,94.9,24.714293,93.19282,2025-03-31
MAN-JIR-02-019,Manipur,Jiribam,Borobekra,Borobekra Local Council Group 04,Borobekra Demo Village 019,1799,365,324,281,270,96.09,252,214,84.92,322,280,86.96,261,219,83.91,32,9.88,81.96,83.92,92.09,82.91,24.792323,93.208369,2025-03-31
MAN-JIR-02-020,Manipur,Jiribam,Borobekra,Borobekra Local Council Group 04,Borobekra Demo Village 020,1800,342,340,252,189,75.00,291,236,81.10,280,90,32.14,335,241,71.94,41,12.06,34.14,87.1,72.0,66.94,24.89631,93.180521,2025-03-31
MAN-JIR-02-021,Manipur,Jiribam,Borobekra,Borobekra Local Council Group 05,Borobekra Demo Village 021,3239,690,506,444,377,84.91,391,184,47.06,475,337,70.95,380,304,80.00,49,9.68,73.95,47.06,84.91,83.0,24.71535,93.083469,2025-03-31
MAN-JIR-02-022,Manipur,Jiribam,Borobekra,Borobekra Local Council Group 05,Borobekra Demo Village 022,1441,281,249,223,94,42.15,222,182,81.98,206,181,87.86,238,217,91.18,31,12.45,82.86,81.98,43.15,93.18,24.824426,93.13988,2025-03-31
MAN-JIR-02-023,Manipur,Jiribam,Borobekra,Borobekra Local Council Group 05,Borobekra Demo Village 023,990,169,162,160,139,86.88,138,120,86.96,152,138,90.79,117,33,28.21,12,7.41,89.79,84.96,86.88,34.21,24.835516,93.124933,2025-03-31
MAN-JIR-02-024,Manipur,Jiribam,Borobekra,Borobekra Local Council Group 05,Borobekra Demo Village 024,2781,744,494,409,123,30.07,428,167,39.02,437,179,40.96,476,267,56.09,166,33.60,39.96,45.02,32.07,62.09,24.798524,93.20671,2025-03-31
MAN-JIR-02-025,Manipur,Jiribam,Borobekra,Borobekra Local Council Group 05,Borobekra Demo Village 025,4341,771,652,568,449,79.05,505,389,77.03,480,341,71.04,511,450,88.06,175,26.84,74.04,80.03,76.05,87.06,24.840083,93.12394,2025-03-31
MAN-JIR-02-026,Manipur,Jiribam,Borobekra,Borobekra Local Council Group 06,Borobekra Demo Village 026,4184,775,538,483,304,62.94,446,290,65.02,512,343,66.99,480,317,66.04,100,18.59,85.99,90.02,80.94,86.04,24.895466,93.017844,2025-03-31
MAN-JIR-02-027,Manipur,Jiribam,Borobekra,Borobekra Local Council Group 06,Borobekra Demo Village 027,3593,676,484,475,418,88.00,390,156,40.00,358,315,87.99,370,133,35.95,67,13.84,86.99,42.0,84.0,32.95,24.768861,93.050737,2025-03-31
MAN-JIR-02-028,Manipur,Jiribam,Borobekra,Borobekra Local Council Group 06,Borobekra Demo Village 028,1163,206,196,192,157,81.77,154,139,90.26,169,118,69.82,196,135,68.88,8,4.08,69.82,88.26,86.77,70.88,24.743643,93.195904,2025-03-31
MAN-JIR-02-029,Manipur,Jiribam,Borobekra,Borobekra Local Council Group 06,Borobekra Demo Village 029,2129,427,366,329,230,69.91,328,243,74.09,275,148,53.82,276,171,61.96,28,7.65,58.82,73.09,63.91,61.96,24.762143,93.088417,2025-03-31
MAN-JIR-02-030,Manipur,Jiribam,Borobekra,Borobekra Local Council Group 06,Borobekra Demo Village 030,2613,627,579,541,476,87.99,439,378,86.10,572,452,79.02,420,365,86.90,42,7.25,73.02,82.1,81.99,80.9,24.821343,93.211773,2025-03-31
MAN-JIR-02-031,Manipur,Jiribam,Borobekra,Borobekra Local Council Group 07,Borobekra Demo Village 031,1627,273,246,224,195,87.05,239,213,89.12,218,201,92.20,226,210,92.92,30,12.20,91.2,85.12,84.05,90.92,24.827574,93.118104,2025-03-31
MAN-JIR-02-032,Manipur,Jiribam,Borobekra,Borobekra Local Council Group 07,Borobekra Demo Village 032,1798,458,429,397,333,83.88,311,283,91.00,373,175,46.92,350,270,77.14,40,9.32,46.92,88.0,86.88,73.14,24.874865,93.11529,2025-03-31
MAN-JIR-02-033,Manipur,Jiribam,Borobekra,Borobekra Local Council Group 07,Borobekra Demo Village 033,2193,362,240,185,159,85.95,175,56,32.00,186,134,72.04,182,140,76.92,37,15.42,66.04,35.0,91.95,82.92,24.712245,93.116178,2025-03-31
MAN-JIR-02-034,Manipur,Jiribam,Borobekra,Borobekra Local Council Group 07,Borobekra Demo Village 034,1971,335,235,208,89,42.79,211,175,82.94,229,172,75.11,233,179,76.82,26,11.06,74.11,81.94,43.79,72.82,24.800159,93.150159,2025-03-31
MAN-JIR-02-035,Manipur,Jiribam,Borobekra,Borobekra Local Council Group 07,Borobekra Demo Village 035,2528,604,384,317,231,72.87,377,290,76.92,381,335,87.93,339,119,35.10,35,9.11,85.93,75.92,73.87,36.1,24.804612,93.053341,2025-03-31
MAN-JIR-02-036,Manipur,Jiribam,Borobekra,Borobekra Local Council Group 08,Borobekra Demo Village 036,3396,745,525,468,150,32.05,514,231,44.94,475,195,41.05,409,131,32.03,145,27.62,46.05,47.94,32.05,38.03,24.741987,93.041477,2025-03-31
MAN-JIR-02-037,Manipur,Jiribam,Borobekra,Borobekra Local Council Group 08,Borobekra Demo Village 037,3368,708,508,499,374,74.95,462,342,74.03,496,427,86.09,470,362,77.02,187,36.81,82.09,80.03,69.95,83.02,24.734898,93.234422,2025-03-31
MAN-JIR-02-038,Manipur,Jiribam,Borobekra,Borobekra Local Council Group 08,Borobekra Demo Village 038,3436,736,623,506,359,70.95,481,303,62.99,617,444,71.96,531,340,64.03,119,19.10,88.96,82.99,97.95,79.03,24.752305,93.224643,2025-03-31
MAN-JIR-02-039,Manipur,Jiribam,Borobekra,Borobekra Local Council Group 08,Borobekra Demo Village 039,988,206,154,111,99,89.19,150,52,34.67,114,103,90.35,124,41,33.06,24,15.58,86.35,33.67,93.19,39.06,24.883245,93.163304,2025-03-31
MAN-JIR-02-040,Manipur,Jiribam,Borobekra,Borobekra Local Council Group 08,Borobekra Demo Village 040,746,175,161,144,101,70.14,147,125,85.03,148,112,75.68,133,109,81.95,13,8.07,71.68,86.03,64.14,75.95,24.760104,93.225078,2025-03-31
MAN-JIR-02-041,Manipur,Jiribam,Borobekra,Borobekra Local Council Group 09,Borobekra Demo Village 041,928,161,138,122,67,54.92,102,52,50.98,121,86,71.07,131,66,50.38,27,19.57,73.07,45.98,59.92,47.38,24.78269,93.210278,2025-03-31
MAN-JIR-02-042,Manipur,Jiribam,Borobekra,Borobekra Local Council Group 09,Borobekra Demo Village 042,2145,490,347,297,279,93.94,281,250,88.97,344,299,86.92,315,243,77.14,32,9.22,83.92,82.97,97.94,79.14,24.826954,93.149659,2025-03-31
MAN-JIR-02-043,Manipur,Jiribam,Borobekra,Borobekra Local Council Group 09,Borobekra Demo Village 043,870,156,112,111,99,89.19,93,86,92.47,97,81,83.51,101,84,83.17,11,9.82,79.51,90.47,88.19,81.17,24.879504,93.083592,2025-03-31
MAN-JIR-02-044,Manipur,Jiribam,Borobekra,Borobekra Local Council Group 09,Borobekra Demo Village 044,1288,220,145,142,119,83.80,130,94,72.31,120,35,29.17,120,103,85.83,9,6.21,27.17,75.31,84.8,85.83,24.73169,93.120223,2025-03-31
MAN-JIR-02-045,Manipur,Jiribam,Borobekra,Borobekra Local Council Group 09,Borobekra Demo Village 045,315,73,61,51,37,72.55,50,14,28.00,58,46,79.31,60,48,80.00,11,18.03,77.31,23.0,78.55,83.0,24.829157,93.18918,2025-03-31
MAN-JIR-02-046,Manipur,Jiribam,Borobekra,Borobekra Local Council Group 10,Borobekra Demo Village 046,663,131,105,78,34,43.59,85,74,87.06,78,56,71.79,99,75,75.76,12,11.43,65.79,85.06,47.59,71.76,24.875911,93.128695,2025-03-31
MAN-JIR-02-047,Manipur,Jiribam,Borobekra,Borobekra Local Council Group 10,Borobekra Demo Village 047,1895,340,275,241,219,90.87,265,236,89.06,273,248,90.84,272,101,37.13,18,6.55,93.84,83.06,84.87,35.13,24.754147,93.030348,2025-03-31
MAN-JIR-02-048,Manipur,Jiribam,Borobekra,Borobekra Local Council Group 10,Borobekra Demo Village 048,263,53,53,48,27,56.25,39,15,38.46,39,12,30.77,38,19,50.00,17,32.08,34.77,38.46,59.25,56.0,24.705681,93.21648,2025-03-31
MAN-JIR-02-049,Manipur,Jiribam,Borobekra,Borobekra Local Council Group 10,Borobekra Demo Village 049,3521,611,554,493,439,89.05,506,420,83.00,457,402,87.96,548,373,68.07,232,41.88,81.96,82.0,84.05,73.07,24.895412,93.103664,2025-03-31
MAN-JIR-02-050,Manipur,Jiribam,Borobekra,Borobekra Local Council Group 10,Borobekra Demo Village 050,2804,547,450,378,261,69.05,395,273,69.11,360,284,78.89,392,267,68.11,69,15.33,99.0,85.11,95.05,95.11,24.704965,93.012824,2025-03-31
MAN-JIR-02-051,Manipur,Jiribam,Borobekra,Borobekra Local Council Group 11,Borobekra Demo Village 051,3443,565,457,339,315,92.92,351,172,49.00,441,419,95.01,349,178,51.00,81,17.72,91.01,46.0,98.92,54.0,24.874525,93.097625,2025-03-31
MAN-JIR-02-052,Manipur,Jiribam,Borobekra,Borobekra Local Council Group 11,Borobekra Demo Village 052,3051,639,468,447,402,89.93,404,311,76.98,392,314,80.10,445,392,88.09,66,14.10,85.1,71.98,85.93,87.09,24.829243,93.181797,2025-03-31
MAN-JIR-02-053,Manipur,Jiribam,Borobekra,Borobekra Local Council Group 11,Borobekra Demo Village 053,3294,643,628,563,304,54.00,606,436,71.95,521,260,49.90,578,353,61.07,101,16.08,54.9,77.95,59.0,62.07,24.871184,93.017578,2025-03-31
MAN-JIR-02-054,Manipur,Jiribam,Borobekra,Borobekra Local Council Group 11,Borobekra Demo Village 054,1301,302,280,212,163,76.89,234,180,76.92,217,169,77.88,247,195,78.95,50,17.86,83.88,72.92,75.89,76.95,24.722357,93.195959,2025-03-31
MAN-JIR-02-055,Manipur,Jiribam,Borobekra,Borobekra Local Council Group 11,Borobekra Demo Village 055,1860,332,229,212,187,88.21,221,214,96.83,174,146,83.91,195,174,89.23,10,4.37,78.91,95.83,88.21,86.23,24.750166,93.168755,2025-03-31
MAN-JIR-02-056,Manipur,Jiribam,Borobekra,Borobekra Local Council Group 12,Borobekra Demo Village 056,2089,384,279,260,226,86.92,243,214,88.07,271,122,45.02,213,179,84.04,35,12.54,42.02,92.07,80.92,83.04,24.809922,93.130524,2025-03-31
MAN-JIR-02-057,Manipur,Jiribam,Borobekra,Borobekra Local Council Group 12,Borobekra Demo Village 057,3488,677,420,356,310,87.08,390,168,43.08,409,327,79.95,307,267,86.97,15,3.57,75.95,49.08,86.08,85.97,24.77632,93.115992,2025-03-31
MAN-JIR-02-058,Manipur,Jiribam,Borobekra,Borobekra Local Council Group 12,Borobekra Demo Village 058,1791,311,267,199,76,38.19,240,175,72.92,211,179,84.83,217,152,70.05,23,8.61,89.83,73.92,39.19,74.05,24.718136,93.094879,2025-03-31
MAN-JIR-02-059,Manipur,Jiribam,Borobekra,Borobekra Local Council Group 12,Borobekra Demo Village 059,2305,479,435,316,228,72.15,385,327,84.94,401,289,72.07,424,216,50.94,61,14.02,77.07,86.94,75.15,54.94,24.831793,93.220737,2025-03-31
MAN-JIR-02-060,Manipur,Jiribam,Borobekra,Borobekra Local Council Group 12,Borobekra Demo Village 060,2682,525,440,439,228,51.94,428,223,52.10,346,142,41.04,436,135,30.96,101,22.95,47.04,50.1,52.94,33.96,24.776029,93.002382,2025-03-31
MAN-JIR-02-061,Manipur,Jiribam,Borobekra,Borobekra Local Council Group 13,Borobekra Demo Village 061,2434,501,387,347,298,85.88,296,269,90.88,356,260,73.03,293,231,78.84,132,34.11,70.03,85.88,81.88,79.84,24.835813,93.067751,2025-03-31
MAN-JIR-02-062,Manipur,Jiribam,Borobekra,Borobekra Local Council Group 13,Borobekra Demo Village 062,1761,365,318,310,260,83.87,296,184,62.16,262,160,61.07,286,206,72.03,5,1.57,79.07,86.16,99.0,98.03,24.722396,93.191064,2025-03-31
MAN-KAK-01-001,Manipur,Kakching,Kakching,Kakching Local Council Group 01,Kakching Demo Village 001,2558,642,447,402,346,86.07,360,274,76.11,334,240,71.86,336,272,80.95,124,27.74,65.86,81.11,90.07,84.95,24.498724,94.070689,2025-03-31
MAN-KAK-01-002,Manipur,Kakching,Kakching,Kakching Local Council Group 01,Kakching Demo Village 002,1769,380,249,218,131,60.09,242,182,75.21,242,184,76.03,214,141,65.89,47,18.88,99.0,98.21,85.09,90.89,24.544072,93.984688,2025-03-31
MAN-KAK-01-003,Manipur,Kakching,Kakching,Kakching Local Council Group 01,Kakching Demo Village 003,750,130,87,87,79,90.80,67,32,47.76,74,72,97.30,87,46,52.87,16,18.39,99.0,44.76,86.8,58.87,24.406012,93.872026,2025-03-31
MAN-KAK-01-004,Manipur,Kakching,Kakching,Kakching Local Council Group 01,Kakching Demo Village 004,229,43,34,34,32,94.12,24,20,83.33,34,31,91.18,32,29,90.63,2,5.88,92.18,80.33,95.12,93.63,24.428947,93.930608,2025-03-31
MAN-KAK-01-005,Manipur,Kakching,Kakching,Kakching Local Council Group 01,Kakching Demo Village 005,1568,390,383,337,246,73.00,354,230,64.97,354,209,59.04,345,221,64.06,44,11.49,53.04,64.97,67.0,66.06,24.455141,93.946915,2025-03-31
MAN-KAK-01-006,Manipur,Kakching,Kakching,Kakching Local Council Group 02,Kakching Demo Village 006,2313,566,351,253,190,75.10,265,183,69.06,292,231,79.11,327,291,88.99,67,19.09,81.11,65.06,81.1,83.99,24.443202,94.01089,2025-03-31
MAN-KAK-01-007,Manipur,Kakching,Kakching,Kakching Local Council Group 02,Kakching Demo Village 007,313,70,52,47,46,97.87,47,39,82.98,43,40,93.02,38,33,86.84,6,11.54,92.02,82.98,95.87,85.84,24.522107,93.97815,2025-03-31
MAN-KAK-01-008,Manipur,Kakching,Kakching,Kakching Local Council Group 02,Kakching Demo Village 008,442,106,97,71,56,78.87,75,65,86.67,89,25,28.09,94,67,71.28,7,7.22,28.09,89.67,74.87,69.28,24.515853,94.007356,2025-03-31
MAN-KAK-01-009,Manipur,Kakching,Kakching,Kakching Local Council Group 02,Kakching Demo Village 009,2634,653,615,554,399,72.02,571,183,32.05,591,443,74.96,494,400,80.97,20,3.25,70.96,30.05,75.02,79.97,24.387864,93.924242,2025-03-31
MAN-KAK-01-010,Manipur,Kakching,Kakching,Kakching Local Council Group 02,Kakching Demo Village 010,2056,499,346,273,115,42.12,329,243,73.86,336,302,89.88,289,214,74.05,66,19.08,89.88,75.86,39.12,73.05,24.401101,94.095054,2025-03-31
MAN-KAK-01-011,Manipur,Kakching,Kakching,Kakching Local Council Group 03,Kakching Demo Village 011,3851,675,657,605,430,71.07,513,405,78.95,657,480,73.06,573,223,38.92,26,3.96,68.06,77.95,72.07,38.92,24.484956,93.877103,2025-03-31
MAN-KAK-01-012,Manipur,Kakching,Kakching,Kakching Local Council Group 03,Kakching Demo Village 012,2309,529,344,276,97,35.14,295,106,35.93,329,184,55.93,303,158,52.15,82,23.84,54.93,37.93,33.14,54.15,24.539601,93.962598,2025-03-31
MAN-KAK-01-013,Manipur,Kakching,Kakching,Kakching Local Council Group 03,Kakching Demo Village 013,801,197,145,140,105,75.00,129,110,85.27,128,92,71.88,112,78,69.64,37,25.52,74.88,83.27,74.0,66.64,24.462837,93.91313,2025-03-31
MAN-KAK-01-014,Manipur,Kakching,Kakching,Kakching Local Council Group 03,Kakching Demo Village 014,307,59,38,31,24,77.42,34,24,70.59,36,27,75.00,38,29,76.32,3,7.89,96.0,97.59,99.0,99.0,24.573658,93.890336,2025-03-31
MAN-KAK-01-015,Manipur,Kakching,Kakching,Kakching Local Council Group 03,Kakching Demo Village 015,1012,215,134,106,103,97.17,101,33,32.67,124,113,91.13,96,39,40.63,15,11.19,86.13,31.67,94.17,34.63,24.395056,94.058266,2025-03-31
MAN-KAK-01-016,Manipur,Kakching,Kakching,Kakching Local Council Group 04,Kakching Demo Village 016,471,119,75,59,51,86.44,71,55,77.46,68,49,72.06,69,57,82.61,8,10.67,77.06,82.46,89.44,81.61,24.456709,93.975684,2025-03-31
MAN-KAK-01-017,Manipur,Kakching,Kakching,Kakching Local Council Group 04,Kakching Demo Village 017,579,101,82,73,47,64.38,78,60,76.92,61,34,55.74,74,52,70.27,9,10.98,51.74,76.92,64.38,72.27,24.4441,94.065778,2025-03-31
MAN-KAK-01-018,Manipur,Kakching,Kakching,Kakching Local Council Group 04,Kakching Demo Village 018,1612,349,253,249,179,71.89,232,218,93.97,203,185,91.13,231,217,93.94,33,13.04,90.13,95.97,65.89,92.94,24.534854,93.870419,2025-03-31
MAN-KAK-01-019,Manipur,Kakching,Kakching,Kakching Local Council Group 04,Kakching Demo Village 019,1560,326,312,262,223,85.11,301,247,82.06,225,205,91.11,265,254,95.85,27,8.65,88.11,79.06,83.11,91.85,24.409232,94.018793,2025-03-31
MAN-KAK-01-020,Manipur,Kakching,Kakching,Kakching Local Council Group 04,Kakching Demo Village 020,1216,207,171,160,134,83.75,143,110,76.92,164,69,42.07,134,122,91.04,14,8.19,40.07,74.92,77.75,94.04,24.444139,93.985712,2025-03-31
MAN-KAK-01-021,Manipur,Kakching,Kakching,Kakching Local Council Group 05,Kakching Demo Village 021,972,224,163,147,121,82.31,142,51,35.92,123,91,73.98,159,116,72.96,15,9.20,79.98,34.92,78.31,78.96,24.556735,93.934629,2025-03-31
MAN-KAK-01-022,Manipur,Kakching,Kakching,Kakching Local Council Group 05,Kakching Demo Village 022,1630,324,208,161,48,29.81,153,138,90.20,164,149,90.85,177,138,77.97,31,14.90,90.85,96.2,27.81,74.97,24.505703,93.926393,2025-03-31
MAN-KAK-01-023,Manipur,Kakching,Kakching,Kakching Local Council Group 05,Kakching Demo Village 023,1556,359,334,263,195,74.14,286,257,89.86,249,192,77.11,264,135,51.14,56,16.77,81.11,85.86,70.14,47.14,24.434586,93.978209,2025-03-31
MAN-KAK-01-024,Manipur,Kakching,Kakching,Kakching Local Council Group 05,Kakching Demo Village 024,2829,606,456,444,235,52.93,428,133,31.07,363,145,39.94,417,213,51.08,115,25.22,42.94,29.07,54.93,49.08,24.512679,94.069779,2025-03-31
MAN-KAK-01-025,Manipur,Kakching,Kakching,Kakching Local Council Group 05,Kakching Demo Village 025,1434,349,232,220,163,74.09,208,185,88.94,227,177,77.97,202,160,79.21,83,35.78,74.97,86.94,79.09,77.21,24.488152,93.9412,2025-03-31
MAN-KAK-01-026,Manipur,Kakching,Kakching,Kakching Local Council Group 06,Kakching Demo Village 026,1039,228,226,189,138,73.02,214,169,78.97,184,151,82.07,209,132,63.16,17,7.52,99.0,99.0,97.02,77.16,24.39161,94.036873,2025-03-31
MAN-KAK-01-027,Manipur,Kakching,Kakching,Kakching Local Council Group 06,Kakching Demo Village 027,2132,536,372,289,283,97.92,357,129,36.13,354,329,92.94,303,103,33.99,38,10.22,91.94,34.13,91.92,31.99,24.407731,94.051289,2025-03-31
MAN-KAK-01-028,Manipur,Kakching,Kakching,Kakching Local Council Group 06,Kakching Demo Village 028,1080,203,154,149,124,83.22,147,138,93.88,152,129,84.87,149,106,71.14,6,3.90,89.87,99.0,85.22,74.14,24.54144,94.089716,2025-03-31
MAN-KAK-01-029,Manipur,Kakching,Kakching,Kakching Local Council Group 06,Kakching Demo Village 029,397,74,60,53,39,73.58,50,30,60.00,54,41,75.93,45,29,64.44,8,13.33,69.93,54.0,72.58,69.44,24.509801,94.064883,2025-03-31
MAN-KAK-01-030,Manipur,Kakching,Kakching,Kakching Local Council Group 06,Kakching Demo Village 030,3143,673,635,539,458,84.97,601,493,82.03,507,451,88.95,523,392,74.95,53,8.35,87.95,85.03,90.97,73.95,24.582073,94.084577,2025-03-31
MAN-KAK-01-031,Manipur,Kakching,Kakching,Kakching Local Council Group 07,Kakching Demo Village 031,1086,199,178,177,150,84.75,154,140,90.91,131,117,89.31,153,148,96.73,4,2.25,87.31,87.91,81.75,95.73,24.515642,94.026088,2025-03-31
MAN-KAK-01-032,Manipur,Kakching,Kakching,Kakching Local Council Group 07,Kakching Demo Village 032,991,169,140,135,119,88.15,107,81,75.70,101,40,39.60,137,99,72.26,19,13.57,40.6,71.7,90.15,69.26,24.381766,93.905911,2025-03-31
MAN-KAK-01-033,Manipur,Kakching,Kakching,Kakching Local Council Group 07,Kakching Demo Village 033,782,157,99,76,53,69.74,85,28,32.94,83,71,85.54,78,61,78.21,16,16.16,84.54,34.94,64.74,79.21,24.559967,93.952295,2025-03-31
MAN-KAK-01-034,Manipur,Kakching,Kakching,Kakching Local Council Group 07,Kakching Demo Village 034,610,138,130,104,35,33.65,94,73,77.66,128,100,78.13,110,90,81.82,2,1.54,72.13,83.66,30.65,86.82,24.548144,94.075901,2025-03-31
MAN-KAK-01-035,Manipur,Kakching,Kakching,Kakching Local Council Group 07,Kakching Demo Village 035,2114,511,468,401,305,76.06,350,259,74.00,446,401,89.91,399,152,38.10,83,17.74,90.91,70.0,71.06,36.1,24.427856,93.999769,2025-03-31
MAN-KAK-01-036,Manipur,Kakching,Kakching,Kakching Local Council Group 08,Kakching Demo Village 036,3659,689,552,540,162,30.00,448,224,50.00,531,159,29.94,406,195,48.03,158,28.62,24.94,50.0,34.0,51.03,24.425463,94.056088,2025-03-31
MAN-KAK-01-037,Manipur,Kakching,Kakching,Kakching Local Council Group 08,Kakching Demo Village 037,4288,768,585,539,404,74.95,494,380,76.92,555,505,90.99,454,313,68.94,156,26.67,88.99,76.92,75.95,65.94,24.402394,93.922674,2025-03-31
MAN-KAK-01-038,Manipur,Kakching,Kakching,Kakching Local Council Group 08,Kakching Demo Village 038,1563,287,227,169,137,81.07,163,112,68.71,203,150,73.89,223,145,65.02,14,6.17,89.89,90.71,98.07,87.02,24.473677,94.014559,2025-03-31
MAN-KAK-01-039,Manipur,Kakching,Kakching,Kakching Local Council Group 08,Kakching Demo Village 039,1773,377,360,340,309,90.88,320,125,39.06,319,293,91.85,317,120,37.85,41,11.39,90.85,40.06,88.88,35.85,24.592823,94.005809,2025-03-31
MAN-KAK-01-040,Manipur,Kakching,Kakching,Kakching Local Council Group 08,Kakching Demo Village 040,2804,498,371,311,267,85.85,347,319,91.93,319,242,75.86,364,317,87.09,73,19.68,69.86,97.93,82.85,93.09,24.402134,94.052713,2025-03-31
MAN-KAK-01-041,Manipur,Kakching,Kakching,Kakching Local Council Group 09,Kakching Demo Village 041,2937,631,595,594,368,61.95,553,371,67.09,513,298,58.09,502,261,51.99,31,5.21,58.09,61.09,57.95,50.99,24.45803,93.979851,2025-03-31
MAN-KAK-01-042,Manipur,Kakching,Kakching,Kakching Local Council Group 09,Kakching Demo Village 042,3081,637,448,414,302,72.95,399,343,85.96,367,316,86.10,324,237,73.15,21,4.69,89.1,84.96,73.95,69.15,24.393608,94.046061,2025-03-31
MAN-KAK-02-001,Manipur,Kakching,Waikhong,Waikhong Local Council Group 01,Waikhong Demo Village 001,1855,465,347,296,260,87.84,287,264,91.99,279,237,84.95,298,265,88.93,67,19.31,79.95,89.99,82.84,88.93,24.481531,93.899974,2025-03-31
MAN-KAK-02-002,Manipur,Kakching,Waikhong,Waikhong Local Council Group 01,Waikhong Demo Village 002,1221,295,257,224,168,75.00,190,142,74.74,185,81,43.78,242,198,81.82,33,12.84,49.78,79.74,70.0,85.82,24.52436,94.092048,2025-03-31
MAN-KAK-02-003,Manipur,Kakching,Waikhong,Waikhong Local Council Group 01,Waikhong Demo Village 003,981,209,181,165,139,84.24,170,54,31.76,165,142,86.06,157,113,71.97,2,1.10,85.06,37.76,81.24,75.97,24.457537,94.099213,2025-03-31
MAN-KAK-02-004,Manipur,Kakching,Waikhong,Waikhong Local Council Group 01,Waikhong Demo Village 004,2865,513,377,351,126,35.90,348,268,77.01,354,319,90.11,349,307,87.97,34,9.02,93.11,71.01,31.9,84.97,24.47026,93.88282,2025-03-31
MAN-KAK-02-005,Manipur,Kakching,Waikhong,Waikhong Local Council Group 01,Waikhong Demo Village 005,1890,371,271,208,171,82.21,225,160,71.11,230,184,80.00,199,92,46.23,43,15.87,82.0,71.11,80.21,49.23,24.491386,93.926949,2025-03-31
MAN-KAK-02-006,Manipur,Kakching,Waikhong,Waikhong Local Council Group 02,Waikhong Demo Village 006,1164,270,239,206,103,50.00,224,74,33.04,223,78,34.98,203,99,48.77,73,30.54,28.98,37.04,46.0,49.77,24.447809,93.949735,2025-03-31
MAN-KAK-02-007,Manipur,Kakching,Waikhong,Waikhong Local Council Group 02,Waikhong Demo Village 007,731,175,157,125,109,87.20,154,131,85.06,141,118,83.69,151,112,74.17,53,33.76,84.69,82.06,84.2,71.17,24.453343,94.015518,2025-03-31
MAN-KAK-02-008,Manipur,Kakching,Waikhong,Waikhong Local Council Group 02,Waikhong Demo Village 008,511,87,80,60,45,75.00,79,52,65.82,62,51,82.26,63,44,69.84,13,16.25,99.0,93.82,94.0,92.84,24.475377,93.894487,2025-03-31
MAN-KAK-02-009,Manipur,Kakching,Waikhong,Waikhong Local Council Group 02,Waikhong Demo Village 009,1536,346,225,201,185,92.04,203,79,38.92,199,183,91.96,176,69,39.20,34,15.11,85.96,39.92,96.04,33.2,24.479236,93.867985,2025-03-31
MAN-KAK-02-010,Manipur,Kakching,Waikhong,Waikhong Local Council Group 02,Waikhong Demo Village 010,616,115,102,87,67,77.01,84,79,94.05,89,73,82.02,85,80,94.12,2,1.96,78.02,94.05,74.01,91.12,24.591989,94.060126,2025-03-31
MAN-KAK-02-011,Manipur,Kakching,Waikhong,Waikhong Local Council Group 03,Waikhong Demo Village 011,1797,418,322,289,133,46.02,311,230,73.95,322,151,46.89,271,190,70.11,62,19.25,44.89,67.95,49.02,70.11,24.536372,93.860751,2025-03-31
MAN-KAK-02-012,Manipur,Kakching,Waikhong,Waikhong Local Council Group 03,Waikhong Demo Village 012,769,144,103,95,76,80.00,88,69,78.41,76,71,93.42,85,69,81.18,3,2.91,89.42,74.41,77.0,77.18,24.420718,94.049624,2025-03-31
MAN-KAK-02-013,Manipur,Kakching,Waikhong,Waikhong Local Council Group 03,Waikhong Demo Village 013,1479,248,160,131,111,84.73,121,99,81.82,142,129,90.85,123,114,92.68,2,1.25,89.85,80.82,82.73,87.68,24.507297,93.896,2025-03-31
MAN-KAK-02-014,Manipur,Kakching,Waikhong,Waikhong Local Council Group 03,Waikhong Demo Village 014,472,108,95,87,79,90.80,95,71,74.74,83,36,43.37,95,74,77.89,14,14.74,41.37,68.74,88.8,76.89,24.471126,93.884111,2025-03-31
MAN-KAK-02-015,Manipur,Kakching,Waikhong,Waikhong Local Council Group 03,Waikhong Demo Village 015,896,159,106,87,75,86.21,94,31,32.98,93,73,78.49,105,89,84.76,12,11.32,83.49,33.98,82.21,89.76,24.500004,94.008694,2025-03-31
MAN-KAK-02-016,Manipur,Kakching,Waikhong,Waikhong Local Council Group 04,Waikhong Demo Village 016,1887,447,293,265,98,36.98,236,203,86.02,273,229,83.88,253,182,71.94,58,19.80,80.88,85.02,32.98,69.94,24.49017,94.090333,2025-03-31
MAN-KAK-02-017,Manipur,Kakching,Waikhong,Waikhong Local Council Group 04,Waikhong Demo Village 017,328,66,57,49,37,75.51,43,32,74.42,54,49,90.74,41,13,31.71,4,7.02,96.74,79.42,70.51,26.71,24.465294,94.032166,2025-03-31
MAN-KAK-02-018,Manipur,Kakching,Waikhong,Waikhong Local Council Group 04,Waikhong Demo Village 018,248,52,46,34,12,35.29,37,13,35.14,36,18,50.00,35,11,31.43,12,26.09,48.0,35.14,38.29,34.43,24.58064,94.012746,2025-03-31
MAN-KAK-02-019,Manipur,Kakching,Waikhong,Waikhong Local Council Group 04,Waikhong Demo Village 019,808,164,108,93,71,76.34,78,53,67.95,87,64,73.56,93,85,91.40,34,31.48,68.56,70.95,81.34,96.4,24.528162,93.875438,2025-03-31
MAN-KAK-02-020,Manipur,Kakching,Waikhong,Waikhong Local Council Group 04,Waikhong Demo Village 020,2173,516,487,374,277,74.06,408,322,78.92,393,295,75.06,471,344,73.04,92,18.89,89.06,92.92,89.06,87.04,24.430605,94.0401,2025-03-31
MAN-KAK-02-021,Manipur,Kakching,Waikhong,Waikhong Local Council Group 05,Waikhong Demo Village 021,3754,704,512,420,412,98.10,439,145,33.03,487,468,96.10,480,226,47.08,89,17.38,99.0,32.03,99.0,48.08,24.524897,93.920796,2025-03-31
MAN-KAK-02-022,Manipur,Kakching,Waikhong,Waikhong Local Council Group 05,Waikhong Demo Village 022,263,68,51,49,42,85.71,38,32,84.21,38,30,78.95,37,35,94.59,6,11.76,74.95,78.21,82.71,91.59,24.442588,93.885006,2025-03-31
MAN-KAK-02-023,Manipur,Kakching,Waikhong,Waikhong Local Council Group 05,Waikhong Demo Village 023,2833,586,519,412,309,75.00,404,307,75.99,518,383,73.94,453,226,49.89,75,14.45,79.94,72.99,71.0,52.89,24.391375,94.068239,2025-03-31
MAN-KAK-02-024,Manipur,Kakching,Waikhong,Waikhong Local Council Group 05,Waikhong Demo Village 024,2159,392,259,218,177,81.19,233,219,93.99,218,205,94.04,205,156,76.10,20,7.72,88.04,90.99,78.19,72.1,24.485303,93.896948,2025-03-31
MAN-KAK-02-025,Manipur,Kakching,Waikhong,Waikhong Local Council Group 05,Waikhong Demo Village 025,2320,589,586,468,417,89.10,561,499,88.95,553,476,86.08,466,447,95.92,15,2.56,84.08,84.95,88.1,92.92,24.591724,94.053443,2025-03-31
MAN-KAK-02-026,Manipur,Kakching,Waikhong,Waikhong Local Council Group 06,Waikhong Demo Village 026,1144,223,185,166,128,77.11,174,157,90.23,141,61,43.26,163,139,85.28,36,19.46,38.26,91.23,72.11,82.28,24.542006,94.069685,2025-03-31
MAN-KAK-02-027,Manipur,Kakching,Waikhong,Waikhong Local Council Group 06,Waikhong Demo Village 027,3925,768,524,483,440,91.10,506,238,47.04,506,460,90.91,456,360,78.95,85,16.22,96.91,52.04,89.1,84.95,24.568625,93.957152,2025-03-31
MAN-KAK-02-028,Manipur,Kakching,Waikhong,Waikhong Local Council Group 06,Waikhong Demo Village 028,2740,617,600,509,199,39.10,482,410,85.06,522,407,77.97,495,411,83.03,27,4.50,74.97,86.06,45.1,81.03,24.519025,94.029857,2025-03-31
MAN-KAK-02-029,Manipur,Kakching,Waikhong,Waikhong Local Council Group 06,Waikhong Demo Village 029,1593,275,266,258,183,70.93,221,188,85.07,201,177,88.06,197,67,34.01,17,6.39,94.06,88.07,70.93,32.01,24.454718,93.912544,2025-03-31
MAN-KAK-02-030,Manipur,Kakching,Waikhong,Waikhong Local Council Group 06,Waikhong Demo Village 030,3257,655,486,432,186,43.06,371,111,29.92,371,200,53.91,421,206,48.93,164,33.74,53.91,35.92,48.06,49.93,24.510857,93.914007,2025-03-31
MAN-KAK-02-031,Manipur,Kakching,Waikhong,Waikhong Local Council Group 07,Waikhong Demo Village 031,3571,608,528,421,362,85.99,395,340,86.08,385,281,72.99,427,325,76.11,153,28.98,77.99,92.08,88.99,79.11,24.532759,94.059519,2025-03-31
MAN-KAK-02-032,Manipur,Kakching,Waikhong,Waikhong Local Council Group 07,Waikhong Demo Village 032,273,62,47,45,32,71.11,40,34,85.00,35,22,62.86,35,27,77.14,2,4.26,90.86,99.0,89.11,99.0,24.584723,93.954602,2025-03-31
MAN-KAK-02-033,Manipur,Kakching,Waikhong,Waikhong Local Council Group 07,Waikhong Demo Village 033,1432,295,211,194,171,88.14,158,57,36.08,194,182,93.81,164,74,45.12,28,13.27,87.81,40.08,82.14,47.12,24.576993,94.031946,2025-03-31
MAN-KAK-02-034,Manipur,Kakching,Waikhong,Waikhong Local Council Group 07,Waikhong Demo Village 034,1288,318,259,186,132,70.97,211,188,89.10,258,204,79.07,245,216,88.16,51,19.69,83.07,92.1,65.97,94.16,24.584268,93.977758,2025-03-31
MAN-KAK-02-035,Manipur,Kakching,Waikhong,Waikhong Local Council Group 07,Waikhong Demo Village 035,3890,772,545,471,330,70.06,447,246,55.03,478,296,61.92,508,345,67.91,9,1.65,63.92,61.03,70.06,65.91,24.558034,94.048683,2025-03-31
MAN-KAK-02-036,Manipur,Kakching,Waikhong,Waikhong Local Council Group 08,Waikhong Demo Village 036,3268,675,616,605,484,80.00,497,447,89.94,507,375,73.96,588,476,80.95,58,9.42,78.96,88.94,82.0,77.95,24.393535,94.035645,2025-03-31
MAN-KAK-02-037,Manipur,Kakching,Waikhong,Waikhong Local Council Group 08,Waikhong Demo Village 037,561,94,62,53,45,84.91,62,58,93.55,45,40,88.89,51,44,86.27,6,9.68,84.89,89.55,79.91,84.27,24.5686,94.014391,2025-03-31
MAN-KAK-02-038,Manipur,Kakching,Waikhong,Waikhong Local Council Group 08,Waikhong Demo Village 038,456,122,119,106,90,84.91,101,74,73.27,91,34,37.36,95,83,87.37,9,7.56,43.36,77.27,85.91,88.37,24.514893,94.060445,2025-03-31
MAN-KAK-02-039,Manipur,Kakching,Waikhong,Waikhong Local Council Group 08,Waikhong Demo Village 039,915,163,157,124,110,88.71,145,65,44.83,155,126,81.29,120,97,80.83,30,19.11,86.29,45.83,91.71,85.83,24.5307,94.021611,2025-03-31
MAN-KAK-02-040,Manipur,Kakching,Waikhong,Waikhong Local Council Group 08,Waikhong Demo Village 040,2975,633,467,426,132,30.99,353,307,86.97,387,306,79.07,370,322,87.03,36,7.71,80.07,92.97,35.99,84.03,24.492222,93.908483,2025-03-31
MAN-KAK-02-041,Manipur,Kakching,Waikhong,Waikhong Local Council Group 09,Waikhong Demo Village 041,2900,623,477,383,299,78.07,355,248,69.86,364,328,90.11,448,220,49.11,14,2.94,91.11,74.86,76.07,51.11,24.418356,93.95559,2025-03-31
MAN-KAK-02-042,Manipur,Kakching,Waikhong,Waikhong Local Council Group 09,Waikhong Demo Village 042,1527,389,242,229,94,41.05,229,121,52.84,198,107,54.04,197,75,38.07,59,24.38,50.04,48.84,35.05,34.07,24.503093,93.938846,2025-03-31
MAN-KAK-03-001,Manipur,Kakching,Sugnu,Sugnu Local Council Group 01,Sugnu Demo Village 001,1704,338,255,249,219,87.95,195,154,78.97,233,175,75.11,206,175,84.95,79,30.98,73.11,83.97,85.95,79.95,24.517741,93.9031,2025-03-31
MAN-KAK-03-002,Manipur,Kakching,Sugnu,Sugnu Local Council Group 01,Sugnu Demo Village 002,1095,201,167,129,81,62.79,155,105,67.74,165,107,64.85,140,92,65.71,7,4.19,80.85,90.74,91.79,95.71,24.575985,93.882189,2025-03-31
MAN-KAK-03-003,Manipur,Kakching,Sugnu,Sugnu Local Council Group 01,Sugnu Demo Village 003,1419,291,253,202,194,96.04,190,78,41.05,188,182,96.81,223,89,39.91,37,14.62,95.81,42.05,99.0,42.91,24.548384,93.8929,2025-03-31
MAN-KAK-03-004,Manipur,Kakching,Sugnu,Sugnu Local Council Group 01,Sugnu Demo Village 004,3132,591,508,390,359,92.05,465,423,90.97,493,389,78.90,493,439,89.05,42,8.27,81.9,93.97,93.05,93.05,24.412665,93.96373,2025-03-31
MAN-KAK-03-005,Manipur,Kakching,Sugnu,Sugnu Local Council Group 01,Sugnu Demo Village 005,3070,595,481,364,244,67.03,471,358,76.01,410,250,60.98,383,214,55.87,82,17.05,59.98,71.01,70.03,52.87,24.569938,93.861102,2025-03-31
MAN-KAK-03-006,Manipur,Kakching,Sugnu,Sugnu Local Council Group 02,Sugnu Demo Village 006,4113,677,518,395,276,69.87,477,353,74.00,450,392,87.11,408,322,78.92,6,1.16,92.11,68.0,68.87,74.92,24.42283,94.013319,2025-03-31
MAN-KAK-03-007,Manipur,Kakching,Sugnu,Sugnu Local Council Group 02,Sugnu Demo Village 007,2049,418,281,270,246,91.11,236,194,82.20,256,223,87.11,223,190,85.20,38,13.52,82.11,82.2,89.11,81.2,24.539529,93.886551,2025-03-31
MAN-KAK-03-008,Manipur,Kakching,Sugnu,Sugnu Local Council Group 02,Sugnu Demo Village 008,3396,780,711,643,585,90.98,548,416,75.91,590,283,47.97,676,473,69.97,47,6.61,48.97,77.91,87.98,69.97,24.487994,93.949963,2025-03-31
MAN-KAK-03-009,Manipur,Kakching,Sugnu,Sugnu Local Council Group 02,Sugnu Demo Village 009,3808,633,447,385,289,75.06,394,181,45.94,329,263,79.94,328,269,82.01,30,6.71,83.94,49.94,80.06,87.01,24.404201,93.906209,2025-03-31
MAN-KAK-03-010,Manipur,Kakching,Sugnu,Sugnu Local Council Group 02,Sugnu Demo Village 010,3271,761,485,376,105,27.93,402,310,77.11,473,369,78.01,451,383,84.92,31,6.39,82.01,74.11,24.93,86.92,24.389812,93.924874,2025-03-31
MAN-KAK-03-011,Manipur,Kakching,Sugnu,Sugnu Local Council Group 03,Sugnu Demo Village 011,609,133,118,108,77,71.30,91,83,91.21,86,77,89.53,101,35,34.65,19,16.10,88.53,94.21,70.3,39.65,24.397064,93.909902,2025-03-31
MAN-KAK-03-012,Manipur,Kakching,Sugnu,Sugnu Local Council Group 03,Sugnu Demo Village 012,2456,441,287,208,114,54.81,264,103,39.02,224,87,38.84,226,93,41.15,97,33.80,39.84,37.02,58.81,41.15,24.39938,94.052448,2025-03-31
MAN-KAK-03-013,Manipur,Kakching,Sugnu,Sugnu Local Council Group 03,Sugnu Demo Village 013,3145,549,379,294,203,69.05,370,270,72.97,370,285,77.03,369,288,78.05,99,26.12,81.03,68.97,65.05,82.05,24.449273,94.014548,2025-03-31
MAN-KAK-03-014,Manipur,Kakching,Sugnu,Sugnu Local Council Group 03,Sugnu Demo Village 014,1289,265,220,188,135,71.81,204,133,65.20,217,143,65.90,180,130,72.22,18,8.18,81.9,87.2,99.0,97.22,24.529919,94.081403,2025-03-31
MAN-KAK-03-015,Manipur,Kakching,Sugnu,Sugnu Local Council Group 03,Sugnu Demo Village 015,1382,255,169,160,144,90.00,124,43,34.68,140,129,92.14,137,60,43.80,2,1.18,91.14,30.68,87.0,49.8,24.497493,94.07248,2025-03-31
MAN-KAK-03-016,Manipur,Kakching,Sugnu,Sugnu Local Council Group 04,Sugnu Demo Village 016,3331,606,548,535,428,80.00,539,399,74.03,518,420,81.08,517,429,82.98,38,6.93,75.08,79.03,79.0,86.98,24.550239,93.947854,2025-03-31
MAN-KAK-03-017,Manipur,Kakching,Sugnu,Sugnu Local Council Group 04,Sugnu Demo Village 017,1451,315,281,205,96,46.83,272,163,59.93,247,146,59.11,207,137,66.18,45,16.01,53.11,61.93,47.83,62.18,24.546902,93.982742,2025-03-31
MAN-KAK-03-018,Manipur,Kakching,Sugnu,Sugnu Local Council Group 04,Sugnu Demo Village 018,3996,695,531,480,446,92.92,490,431,87.96,387,310,80.10,428,355,82.94,64,12.05,86.1,93.96,86.92,77.94,24.524818,93.965631,2025-03-31
MAN-KAK-03-019,Manipur,Kakching,Sugnu,Sugnu Local Council Group 04,Sugnu Demo Village 019,3302,700,607,567,533,94.00,459,390,84.97,571,508,88.97,545,523,95.96,82,13.51,84.97,79.97,89.0,92.96,24.548038,93.928334,2025-03-31
MAN-KAK-03-020,Manipur,Kakching,Sugnu,Sugnu Local Council Group 04,Sugnu Demo Village 020,530,109,80,78,67,85.90,66,47,71.21,76,26,34.21,78,58,74.36,3,3.75,37.21,65.21,87.9,70.36,24.546435,93.884192,2025-03-31
MAN-KAK-03-021,Manipur,Kakching,Sugnu,Sugnu Local Council Group 05,Sugnu Demo Village 021,1151,209,181,141,99,70.21,173,74,42.77,132,116,87.88,163,130,79.75,7,3.87,92.88,46.77,70.21,77.75,24.475171,94.052521,2025-03-31
MAN-KAK-03-022,Manipur,Kakching,Sugnu,Sugnu Local Council Group 05,Sugnu Demo Village 022,355,64,55,53,25,47.17,52,45,86.54,54,49,90.74,55,41,74.55,7,12.73,89.74,88.54,53.17,76.55,24.389652,94.0151,2025-03-31
MAN-KAK-03-023,Manipur,Kakching,Sugnu,Sugnu Local Council Group 05,Sugnu Demo Village 023,2979,616,412,306,257,83.99,353,268,75.92,350,262,74.86,331,159,48.04,10,2.43,77.86,78.92,89.99,54.04,24.433907,94.097446,2025-03-31
MAN-KAK-03-024,Manipur,Kakching,Sugnu,Sugnu Local Council Group 05,Sugnu Demo Village 024,3805,734,709,535,251,46.92,622,342,54.98,588,206,35.03,625,294,47.04,230,32.44,35.03,49.98,42.92,47.04,24.470085,93.869898,2025-03-31
MAN-KAK-03-025,Manipur,Kakching,Sugnu,Sugnu Local Council Group 05,Sugnu Demo Village 025,2700,689,465,402,293,72.89,448,399,89.06,350,248,70.86,442,389,88.01,143,30.75,72.86,93.06,66.89,87.01,24.469716,93.908433,2025-03-31
MAN-KAK-03-026,Manipur,Kakching,Sugnu,Sugnu Local Council Group 06,Sugnu Demo Village 026,845,158,129,108,85,78.70,123,80,65.04,101,81,80.20,120,74,61.67,19,14.73,99.0,88.04,99.0,76.67,24.516504,93.889236,2025-03-31
MAN-KAK-03-027,Manipur,Kakching,Sugnu,Sugnu Local Council Group 06,Sugnu Demo Village 027,474,112,96,86,76,88.37,86,40,46.51,84,72,85.71,78,27,34.62,2,2.08,85.71,50.51,90.37,30.62,24.448341,94.06725,2025-03-31
MAN-KAK-03-028,Manipur,Kakching,Sugnu,Sugnu Local Council Group 06,Sugnu Demo Village 028,2079,432,353,345,259,75.07,352,246,69.89,296,275,92.91,329,237,72.04,14,3.97,92.91,67.89,76.07,73.04,24.460444,93.874381,2025-03-31
MAN-KAK-03-029,Manipur,Kakching,Sugnu,Sugnu Local Council Group 06,Sugnu Demo Village 029,1744,361,251,213,132,61.97,195,113,57.95,214,139,64.95,234,154,65.81,45,17.93,68.95,57.95,64.97,63.81,24.534803,93.910205,2025-03-31
MAN-KAK-03-030,Manipur,Kakching,Sugnu,Sugnu Local Council Group 06,Sugnu Demo Village 030,2875,752,658,567,454,80.07,616,450,73.05,624,555,88.94,643,508,79.00,122,18.54,85.94,77.05,84.07,80.0,24.498044,93.921502,2025-03-31
MAN-KAK-03-031,Manipur,Kakching,Sugnu,Sugnu Local Council Group 07,Sugnu Demo Village 031,1863,353,226,184,151,82.07,218,183,83.94,222,184,82.88,190,184,96.84,34,15.04,79.88,79.94,82.07,91.84,24.454943,93.908807,2025-03-31
MAN-KAK-03-032,Manipur,Kakching,Sugnu,Sugnu Local Council Group 07,Sugnu Demo Village 032,1145,281,228,184,164,89.13,220,183,83.18,221,84,38.01,207,164,79.23,27,11.84,42.01,77.18,83.13,85.23,24.421442,93.933753,2025-03-31
MAN-KAK-03-033,Manipur,Kakching,Sugnu,Sugnu Local Council Group 07,Sugnu Demo Village 033,2019,416,325,240,170,70.83,309,127,41.10,273,194,71.06,320,288,90.00,60,18.46,69.06,41.1,76.83,88.0,24.529246,94.003479,2025-03-31
MAN-KAK-03-034,Manipur,Kakching,Sugnu,Sugnu Local Council Group 07,Sugnu Demo Village 034,262,44,43,34,11,32.35,32,27,84.38,35,32,91.43,38,30,78.95,8,18.60,97.43,79.38,28.35,75.95,24.578173,94.030071,2025-03-31
MAN-KAK-03-035,Manipur,Kakching,Sugnu,Sugnu Local Council Group 07,Sugnu Demo Village 035,1357,364,233,180,153,85.00,189,144,76.19,217,197,90.78,171,62,36.26,39,16.74,93.78,72.19,90.0,39.26,24.577748,93.965687,2025-03-31
MAN-KAK-03-036,Manipur,Kakching,Sugnu,Sugnu Local Council Group 08,Sugnu Demo Village 036,2804,550,443,334,164,49.10,420,181,43.10,345,166,48.12,391,196,50.13,142,32.05,43.12,39.1,44.1,56.13,24.566051,94.044501,2025-03-31
MAN-KAK-03-037,Manipur,Kakching,Sugnu,Sugnu Local Council Group 08,Sugnu Demo Village 037,2322,387,372,293,246,83.96,349,272,77.94,316,234,74.05,304,255,83.88,102,27.42,78.05,79.94,84.96,78.88,24.456366,93.930275,2025-03-31
MAN-KAK-03-038,Manipur,Kakching,Sugnu,Sugnu Local Council Group 08,Sugnu Demo Village 038,196,44,33,31,22,70.97,24,20,83.33,31,25,80.65,24,15,62.50,3,9.09,99.0,99.0,88.97,76.5,24.390266,93.972632,2025-03-31
MAN-KAK-03-039,Manipur,Kakching,Sugnu,Sugnu Local Council Group 08,Sugnu Demo Village 039,2258,497,441,392,368,93.88,351,144,41.03,428,372,86.92,392,184,46.94,54,12.24,84.92,41.03,93.88,43.94,24.48913,93.982917,2025-03-31
MAN-KAK-03-040,Manipur,Kakching,Sugnu,Sugnu Local Council Group 08,Sugnu Demo Village 040,2192,514,435,368,305,82.88,359,291,81.06,429,373,86.95,377,268,71.09,73,16.78,89.95,79.06,85.88,76.09,24.411057,93.949202,2025-03-31
MAN-KAK-03-041,Manipur,Kakching,Sugnu,Sugnu Local Council Group 09,Sugnu Demo Village 041,1682,359,261,216,160,74.07,222,127,57.21,198,113,57.07,231,176,76.19,34,13.03,58.07,56.21,70.07,73.19,24.546291,93.903146,2025-03-31
MAN-KAM-01-001,Manipur,Kamjong,Kamjong,Kamjong Local Council Group 01,Kamjong Demo Village 001,378,64,45,38,30,78.95,37,31,83.78,45,32,71.11,39,27,69.23,5,11.11,65.11,83.78,73.95,63.23,24.833612,94.385094,2025-03-31
MAN-KAM-01-002,Manipur,Kamjong,Kamjong,Kamjong Local Council Group 01,Kamjong Demo Village 002,1378,303,275,229,158,69.00,267,176,65.92,268,131,48.88,241,130,53.94,37,13.45,42.88,71.92,63.0,59.94,24.920899,94.441747,2025-03-31
MAN-KAM-01-003,Manipur,Kamjong,Kamjong,Kamjong Local Council Group 01,Kamjong Demo Village 003,3458,693,645,518,373,72.01,611,483,79.05,628,484,77.07,507,375,73.96,113,17.52,75.07,73.05,78.01,69.96,24.947071,94.385092,2025-03-31
MAN-KAM-01-004,Manipur,Kamjong,Kamjong,Kamjong Local Council Group 01,Kamjong Demo Village 004,4514,761,579,522,438,83.91,551,479,86.93,502,482,96.02,468,440,94.02,110,19.00,93.02,84.93,80.91,93.02,24.861925,94.596438,2025-03-31
MAN-KAM-01-005,Manipur,Kamjong,Kamjong,Kamjong Local Council Group 01,Kamjong Demo Village 005,1432,259,196,177,150,84.75,174,124,71.26,171,58,33.92,188,171,90.96,32,16.33,31.92,70.26,88.75,92.96,24.932691,94.421954,2025-03-31
MAN-KAM-01-006,Manipur,Kamjong,Kamjong,Kamjong Local Council Group 02,Kamjong Demo Village 006,2935,755,697,514,370,71.98,628,195,31.05,564,457,81.03,592,485,81.93,27,3.87,86.03,34.05,72.98,76.93,24.818546,94.463064,2025-03-31
MAN-KAM-01-007,Manipur,Kamjong,Kamjong,Kamjong Local Council Group 02,Kamjong Demo Village 007,473,93,64,64,19,29.69,62,51,82.26,51,37,72.55,52,43,82.69,9,14.06,69.55,86.26,24.69,82.69,24.788926,94.569908,2025-03-31
MAN-KAM-01-008,Manipur,Kamjong,Kamjong,Kamjong Local Council Group 02,Kamjong Demo Village 008,3796,753,467,447,331,74.05,346,308,89.02,451,388,86.03,375,154,41.07,32,6.85,80.03,88.02,77.05,42.07,24.926106,94.401995,2025-03-31
MAN-KAM-01-009,Manipur,Kamjong,Kamjong,Kamjong Local Council Group 02,Kamjong Demo Village 009,631,157,135,118,59,50.00,102,48,47.06,97,37,38.14,112,37,33.04,26,19.26,40.14,45.06,53.0,27.04,24.825391,94.400741,2025-03-31
MAN-KAM-01-010,Manipur,Kamjong,Kamjong,Kamjong Local Council Group 02,Kamjong Demo Village 010,2201,583,534,507,350,69.03,414,352,85.02,457,329,71.99,411,333,81.02,217,40.64,77.99,90.02,68.03,76.02,24.833286,94.438673,2025-03-31
MAN-KAM-01-011,Manipur,Kamjong,Kamjong,Kamjong Local Council Group 03,Kamjong Demo Village 011,1748,393,283,264,158,59.85,253,172,67.98,215,150,69.77,258,165,63.95,22,7.77,91.77,88.98,74.85,85.95,24.790839,94.555914,2025-03-31
MAN-KAM-01-012,Manipur,Kamjong,Kamjong,Kamjong Local Council Group 03,Kamjong Demo Village 012,4202,741,660,595,530,89.08,629,208,33.07,505,460,91.09,546,273,50.00,106,16.06,85.09,29.07,93.08,50.0,24.905492,94.453859,2025-03-31
MAN-KAM-01-013,Manipur,Kamjong,Kamjong,Kamjong Local Council Group 03,Kamjong Demo Village 013,1529,273,232,230,182,79.13,175,156,89.14,209,196,93.78,204,184,90.20,38,16.38,92.78,93.14,79.13,86.2,24.920254,94.555384,2025-03-31
MAN-KAM-01-014,Manipur,Kamjong,Kamjong,Kamjong Local Council Group 03,Kamjong Demo Village 014,541,105,84,73,54,73.97,66,44,66.67,66,38,57.58,72,54,75.00,10,11.90,52.58,67.67,70.97,77.0,24.884098,94.383726,2025-03-31
MAN-KAM-01-015,Manipur,Kamjong,Kamjong,Kamjong Local Council Group 03,Kamjong Demo Village 015,3189,598,527,382,275,71.99,470,367,78.09,519,441,84.97,391,305,78.01,60,11.39,81.97,83.09,74.99,78.01,24.802449,94.585522,2025-03-31
MAN-KAM-01-016,Manipur,Kamjong,Kamjong,Kamjong Local Council Group 04,Kamjong Demo Village 016,3205,714,456,426,358,84.04,370,303,81.89,346,294,84.97,380,369,97.11,28,6.14,79.97,81.89,80.04,97.11,24.88884,94.503417,2025-03-31
MAN-KAM-01-017,Manipur,Kamjong,Kamjong,Kamjong Local Council Group 04,Kamjong Demo Village 017,3200,653,536,470,414,88.09,508,432,85.04,427,154,36.07,513,462,90.06,21,3.92,38.07,89.04,92.09,91.06,24.826597,94.520343,2025-03-31
MAN-KAM-01-018,Manipur,Kamjong,Kamjong,Kamjong Local Council Group 04,Kamjong Demo Village 018,1936,348,267,242,194,80.17,211,76,36.02,198,147,74.24,214,180,84.11,36,13.48,77.24,30.02,79.17,84.11,24.766267,94.405297,2025-03-31
MAN-KAM-01-019,Manipur,Kamjong,Kamjong,Kamjong Local Council Group 04,Kamjong Demo Village 019,2481,550,442,375,112,29.87,333,233,69.97,360,310,86.11,324,237,73.15,87,19.68,84.11,63.97,23.87,69.15,24.884291,94.522916,2025-03-31
MAN-KAM-01-020,Manipur,Kamjong,Kamjong,Kamjong Local Council Group 04,Kamjong Demo Village 020,3232,580,537,522,376,72.03,414,323,78.02,456,328,71.93,463,153,33.05,26,4.84,74.93,82.02,69.03,27.05,24.842685,94.433122,2025-03-31
MAN-KAM-01-021,Manipur,Kamjong,Kamjong,Kamjong Local Council Group 05,Kamjong Demo Village 021,1569,308,278,206,72,34.95,248,104,41.94,208,108,51.92,251,126,50.20,57,20.50,46.92,43.94,32.95,49.2,24.756186,94.535644,2025-03-31
MAN-KAM-01-022,Manipur,Kamjong,Kamjong,Kamjong Local Council Group 05,Kamjong Demo Village 022,1016,167,124,90,76,84.44,95,74,77.89,108,96,88.89,102,74,72.55,43,34.68,90.89,79.89,89.44,72.55,24.819984,94.550904,2025-03-31
MAN-KAM-01-023,Manipur,Kamjong,Kamjong,Kamjong Local Council Group 05,Kamjong Demo Village 023,2003,389,247,227,159,70.04,203,154,75.86,182,146,80.22,207,135,65.22,21,8.50,99.0,99.0,99.0,95.22,24.833056,94.594588,2025-03-31
MAN-KAM-01-024,Manipur,Kamjong,Kamjong,Kamjong Local Council Group 05,Kamjong Demo Village 024,968,162,117,107,95,88.79,94,31,32.98,108,96,88.89,106,55,51.89,4,3.42,89.89,35.98,89.79,47.89,24.807038,94.391103,2025-03-31
MAN-KAM-01-025,Manipur,Kamjong,Kamjong,Kamjong Local Council Group 05,Kamjong Demo Village 025,652,140,131,108,96,88.89,123,90,73.17,126,100,79.37,101,70,69.31,5,3.82,85.37,69.17,83.89,72.31,24.907216,94.503024,2025-03-31
MAN-KAM-01-026,Manipur,Kamjong,Kamjong,Kamjong Local Council Group 06,Kamjong Demo Village 026,2705,497,416,338,172,50.89,326,199,61.04,330,168,50.91,392,235,59.95,69,16.59,45.91,60.04,56.89,58.95,24.955526,94.516603,2025-03-31
MAN-KAM-01-027,Manipur,Kamjong,Kamjong,Kamjong Local Council Group 06,Kamjong Demo Village 027,727,125,108,83,78,93.98,83,69,83.13,97,76,78.35,85,65,76.47,8,7.41,80.35,81.13,94.98,72.47,24.862043,94.437096,2025-03-31
MAN-KAM-01-028,Manipur,Kamjong,Kamjong,Kamjong Local Council Group 06,Kamjong Demo Village 028,1743,349,292,276,259,93.84,231,217,93.94,228,189,82.89,261,222,85.06,55,18.84,82.89,91.94,91.84,84.06,24.920556,94.565725,2025-03-31
MAN-KAM-01-029,Manipur,Kamjong,Kamjong,Kamjong Local Council Group 06,Kamjong Demo Village 029,1213,274,257,215,150,69.77,217,180,82.95,204,88,43.14,191,147,76.96,3,1.17,41.14,76.95,75.77,73.96,24.917434,94.54515,2025-03-31
MAN-KAM-01-030,Manipur,Kamjong,Kamjong,Kamjong Local Council Group 06,Kamjong Demo Village 030,1514,288,254,243,202,83.13,252,83,32.94,251,193,76.89,254,231,90.94,16,6.30,72.89,26.94,87.13,90.94,24.76844,94.456074,2025-03-31
MAN-KAM-01-031,Manipur,Kamjong,Kamjong,Kamjong Local Council Group 07,Kamjong Demo Village 031,1587,314,218,172,81,47.09,200,178,89.00,187,166,88.77,206,165,80.10,28,12.84,91.77,88.0,46.09,83.1,24.934959,94.578183,2025-03-31
MAN-KAM-01-032,Manipur,Kamjong,Kamjong,Kamjong Local Council Group 07,Kamjong Demo Village 032,3172,702,456,339,281,82.89,450,328,72.89,333,266,79.88,407,204,50.12,27,5.92,76.88,76.89,80.89,51.12,24.811889,94.453695,2025-03-31
MAN-KAM-02-001,Manipur,Kamjong,Phungyar,Phungyar Local Council Group 01,Phungyar Demo Village 001,3033,575,404,398,127,31.91,386,147,38.08,331,142,42.90,403,210,52.11,78,19.31,41.9,39.08,37.91,54.11,24.862267,94.603255,2025-03-31
MAN-KAM-02-002,Manipur,Kamjong,Phungyar,Phungyar Local Council Group 01,Phungyar Demo Village 002,1169,202,141,121,110,90.91,133,94,70.68,124,107,86.29,130,91,70.00,55,39.01,82.29,74.68,93.91,76.0,24.74181,94.406036,2025-03-31
MAN-KAM-02-003,Manipur,Kamjong,Phungyar,Phungyar Local Council Group 01,Phungyar Demo Village 003,1217,236,178,128,78,60.94,131,80,61.07,165,109,66.06,153,121,79.08,22,12.36,91.06,89.07,78.94,99.0,24.808075,94.569985,2025-03-31
MAN-KAM-02-004,Manipur,Kamjong,Phungyar,Phungyar Local Council Group 01,Phungyar Demo Village 004,3150,715,682,603,561,93.03,538,226,42.01,598,568,94.98,626,232,37.06,20,2.93,89.98,40.01,95.03,31.06,24.857317,94.445016,2025-03-31
MAN-KAM-02-005,Manipur,Kamjong,Phungyar,Phungyar Local Council Group 01,Phungyar Demo Village 005,1423,274,212,180,169,93.89,179,161,89.94,197,160,81.22,190,150,78.95,39,18.40,77.22,89.94,89.89,76.95,24.766287,94.499459,2025-03-31
MAN-KAM-02-006,Manipur,Kamjong,Phungyar,Phungyar Local Council Group 02,Phungyar Demo Village 006,1380,257,248,224,134,59.82,186,102,54.84,232,111,47.84,226,142,62.83,33,13.31,53.84,50.84,58.82,63.83,24.931634,94.498161,2025-03-31
MAN-KAM-02-007,Manipur,Kamjong,Phungyar,Phungyar Local Council Group 02,Phungyar Demo Village 007,4365,761,487,425,310,72.94,371,308,83.02,418,393,94.02,472,420,88.98,21,4.31,91.02,89.02,77.94,89.98,24.913306,94.409971,2025-03-31
MAN-KAM-02-008,Manipur,Kamjong,Phungyar,Phungyar Local Council Group 02,Phungyar Demo Village 008,3076,671,575,486,428,88.07,572,475,83.04,496,407,82.06,480,451,93.96,70,12.17,79.06,83.04,88.07,88.96,24.912163,94.541844,2025-03-31
MAN-KAM-02-009,Manipur,Kamjong,Phungyar,Phungyar Local Council Group 02,Phungyar Demo Village 009,2941,766,708,701,512,73.04,583,408,69.98,559,280,50.09,700,560,80.00,45,6.36,49.09,68.98,71.04,80.0,24.952518,94.436586,2025-03-31
MAN-KAM-02-010,Manipur,Kamjong,Phungyar,Phungyar Local Council Group 02,Phungyar Demo Village 010,2275,457,427,309,229,74.11,335,127,37.91,401,309,77.06,321,241,75.08,37,8.67,75.06,31.91,75.11,73.08,24.806435,94.53929,2025-03-31
MAN-KAM-02-011,Manipur,Kamjong,Phungyar,Phungyar Local Council Group 03,Phungyar Demo Village 011,2034,385,374,278,117,42.09,275,206,74.91,301,259,86.05,337,303,89.91,36,9.63,85.05,78.91,39.09,86.91,24.858908,94.480243,2025-03-31
MAN-KAM-02-012,Manipur,Kamjong,Phungyar,Phungyar Local Council Group 03,Phungyar Demo Village 012,949,203,132,100,80,80.00,102,80,78.43,114,88,77.19,111,39,35.14,10,7.58,78.19,77.43,74.0,31.14,24.942672,94.576998,2025-03-31
MAN-KAM-02-013,Manipur,Kamjong,Phungyar,Phungyar Local Council Group 03,Phungyar Demo Village 013,2806,521,474,448,242,54.02,425,238,56.00,427,222,51.99,390,140,35.90,129,27.22,49.99,61.0,52.02,30.9,24.847957,94.490172,2025-03-31
MAN-KAM-02-014,Manipur,Kamjong,Phungyar,Phungyar Local Council Group 03,Phungyar Demo Village 014,4051,718,598,484,329,67.98,575,414,72.00,508,427,84.06,440,299,67.95,223,37.29,78.06,67.0,68.98,66.95,24.942333,94.502517,2025-03-31
MAN-KAM-02-015,Manipur,Kamjong,Phungyar,Phungyar Local Council Group 03,Phungyar Demo Village 015,645,161,103,85,62,72.94,87,65,74.71,82,61,74.39,79,66,83.54,19,18.45,96.39,99.0,97.94,99.0,24.957156,94.573932,2025-03-31
MAN-KAM-02-016,Manipur,Kamjong,Phungyar,Phungyar Local Council Group 04,Phungyar Demo Village 016,2490,415,414,349,339,97.13,356,121,33.99,409,360,88.02,321,109,33.96,74,17.87,87.02,37.99,96.13,35.96,24.832062,94.455051,2025-03-31
MAN-KAM-02-017,Manipur,Kamjong,Phungyar,Phungyar Local Council Group 04,Phungyar Demo Village 017,2239,475,432,390,300,76.92,366,296,80.87,362,275,75.97,336,316,94.05,85,19.68,73.97,81.87,81.92,96.05,24.846701,94.434691,2025-03-31
MAN-KAM-02-018,Manipur,Kamjong,Phungyar,Phungyar Local Council Group 04,Phungyar Demo Village 018,3367,665,458,400,296,74.00,336,235,69.94,405,259,63.95,430,228,53.02,64,13.97,61.95,68.94,78.0,55.02,24.927089,94.556823,2025-03-31
MAN-KAM-02-019,Manipur,Kamjong,Phungyar,Phungyar Local Council Group 04,Phungyar Demo Village 019,884,161,118,102,72,70.59,100,90,90.00,99,83,83.84,89,77,86.52,5,4.24,85.84,84.0,75.59,83.52,24.901798,94.496087,2025-03-31
MAN-KAM-02-020,Manipur,Kamjong,Phungyar,Phungyar Local Council Group 04,Phungyar Demo Village 020,673,144,141,113,108,95.58,134,123,91.79,139,133,95.68,105,87,82.86,12,8.51,90.68,90.79,92.58,82.86,24.955218,94.612801,2025-03-31
MAN-KAM-02-021,Manipur,Kamjong,Phungyar,Phungyar Local Council Group 05,Phungyar Demo Village 021,819,136,98,80,56,70.00,84,69,82.14,95,43,45.26,71,65,91.55,13,13.27,47.26,77.14,75.0,91.55,24.809039,94.609492,2025-03-31
MAN-KAM-02-022,Manipur,Kamjong,Phungyar,Phungyar Local Council Group 05,Phungyar Demo Village 022,2711,591,581,557,440,78.99,518,233,44.98,562,444,79.00,454,400,88.11,50,8.61,77.0,48.98,84.99,90.11,24.761682,94.496892,2025-03-31
MAN-KAM-02-023,Manipur,Kamjong,Phungyar,Phungyar Local Council Group 05,Phungyar Demo Village 023,3527,634,508,473,203,42.92,460,391,85.00,366,318,86.89,503,443,88.07,34,6.69,88.89,83.0,39.92,93.07,24.753292,94.573001,2025-03-31
MAN-KAM-02-024,Manipur,Kamjong,Phungyar,Phungyar Local Council Group 05,Phungyar Demo Village 024,2667,515,451,401,297,74.06,449,373,83.07,339,298,87.91,418,180,43.06,86,19.07,88.91,88.07,79.06,47.06,24.749754,94.619917,2025-03-31
MAN-KAM-02-025,Manipur,Kamjong,Phungyar,Phungyar Local Council Group 05,Phungyar Demo Village 025,2331,570,452,364,135,37.09,405,134,33.09,342,178,52.05,350,144,41.14,132,29.20,50.05,30.09,38.09,41.14,24.805695,94.489643,2025-03-31
MAN-KAM-02-026,Manipur,Kamjong,Phungyar,Phungyar Local Council Group 06,Phungyar Demo Village 026,1867,316,207,149,115,77.18,169,147,86.98,164,118,71.95,180,131,72.78,68,32.85,66.95,82.98,81.18,73.78,24.86568,94.534385,2025-03-31
MAN-KAM-02-027,Manipur,Kamjong,Phungyar,Phungyar Local Council Group 06,Phungyar Demo Village 027,2488,466,370,358,254,70.95,277,219,79.06,266,189,71.05,307,224,72.96,15,4.05,99.0,93.06,90.95,97.96,24.849676,94.489549,2025-03-31
MAN-KAM-02-028,Manipur,Kamjong,Phungyar,Phungyar Local Council Group 06,Phungyar Demo Village 028,2304,506,359,309,281,90.94,309,130,42.07,300,279,93.00,258,129,50.00,26,7.24,90.0,41.07,95.94,45.0,24.8529,94.466353,2025-03-31
MAN-KAM-02-029,Manipur,Kamjong,Phungyar,Phungyar Local Council Group 06,Phungyar Demo Village 029,1877,445,368,299,206,68.90,365,288,78.90,270,235,87.04,273,202,73.99,9,2.45,91.04,79.9,62.9,70.99,24.789012,94.552106,2025-03-31
MAN-KAM-02-030,Manipur,Kamjong,Phungyar,Phungyar Local Council Group 06,Phungyar Demo Village 030,1142,301,285,213,126,59.15,247,148,59.92,226,127,56.19,266,138,51.88,32,11.23,52.19,60.92,65.15,52.88,24.867842,94.528076,2025-03-31
MAN-KAM-02-031,Manipur,Kamjong,Phungyar,Phungyar Local Council Group 07,Phungyar Demo Village 031,617,153,143,129,93,72.09,110,85,77.27,111,101,90.99,113,80,70.80,26,18.18,84.99,75.27,71.09,71.8,24.784054,94.501235,2025-03-31
MAN-KAM-03-001,Manipur,Kamjong,Kasom Khullen,Kasom Khullen Local Council Group 01,Kasom Khullen Demo Village 001,3018,591,536,412,358,86.89,424,360,84.91,431,375,87.01,464,413,89.01,34,6.34,86.01,81.91,86.89,85.01,24.872367,94.501575,2025-03-31
MAN-KAM-03-002,Manipur,Kamjong,Kasom Khullen,Kasom Khullen Local Council Group 01,Kasom Khullen Demo Village 002,4259,722,505,471,367,77.92,402,310,77.11,419,126,30.07,462,420,90.91,75,14.85,33.07,79.11,73.92,96.91,24.777339,94.590977,2025-03-31
MAN-KAM-03-003,Manipur,Kamjong,Kasom Khullen,Kasom Khullen Local Council Group 01,Kasom Khullen Demo Village 003,1974,377,287,208,162,77.88,239,117,48.95,236,172,72.88,210,149,70.95,5,1.74,72.88,45.95,74.88,68.95,24.772211,94.5543,2025-03-31
MAN-KAM-03-004,Manipur,Kamjong,Kasom Khullen,Kasom Khullen Local Council Group 01,Kasom Khullen Demo Village 004,2815,481,363,309,90,29.13,284,258,90.85,271,244,90.04,350,266,76.00,23,6.34,88.04,93.85,35.13,76.0,24.865645,94.384561,2025-03-31
MAN-KAM-03-005,Manipur,Kamjong,Kasom Khullen,Kasom Khullen Local Council Group 01,Kasom Khullen Demo Village 005,746,123,93,85,69,81.18,89,81,91.01,70,60,85.71,71,22,30.99,3,3.23,86.71,96.01,79.18,32.99,24.772043,94.536965,2025-03-31
MAN-KAM-03-006,Manipur,Kamjong,Kasom Khullen,Kasom Khullen Local Council Group 02,Kasom Khullen Demo Village 006,1972,467,421,402,177,44.03,357,196,54.90,361,130,36.01,389,117,30.08,113,26.84,42.01,55.9,44.03,33.08,24.86904,94.404561,2025-03-31
MAN-KAM-03-007,Manipur,Kamjong,Kasom Khullen,Kasom Khullen Local Council Group 02,Kasom Khullen Demo Village 007,1852,365,315,249,207,83.13,256,205,80.08,292,242,82.88,241,195,80.91,107,33.97,81.88,79.08,88.13,83.91,24.856349,94.606728,2025-03-31
MAN-KAM-03-008,Manipur,Kamjong,Kasom Khullen,Kasom Khullen Local Council Group 02,Kasom Khullen Demo Village 008,1979,470,352,333,213,63.96,306,217,70.92,264,209,79.17,308,194,62.99,37,10.51,99.0,95.92,83.96,92.99,24.909348,94.61966,2025-03-31
MAN-KAM-03-009,Manipur,Kamjong,Kasom Khullen,Kasom Khullen Local Council Group 02,Kasom Khullen Demo Village 009,1652,391,252,240,226,94.17,188,62,32.98,208,185,88.94,234,103,44.02,33,13.10,92.94,30.98,92.17,49.02,24.881247,94.54868,2025-03-31
MAN-KAM-03-010,Manipur,Kamjong,Kasom Khullen,Kasom Khullen Local Council Group 02,Kasom Khullen Demo Village 010,1801,396,303,248,223,89.92,244,198,81.15,235,209,88.94,268,206,76.87,22,7.26,89.94,76.15,92.92,81.87,24.882857,94.593789,2025-03-31
MAN-KAM-03-011,Manipur,Kamjong,Kasom Khullen,Kasom Khullen Local Council Group 03,Kasom Khullen Demo Village 011,2954,580,404,315,192,60.95,404,186,46.04,398,199,50.00,294,206,70.07,69,17.08,55.0,45.04,55.95,74.07,24.748337,94.534422,2025-03-31
MAN-KAM-03-012,Manipur,Kamjong,Kasom Khullen,Kasom Khullen Local Council Group 03,Kasom Khullen Demo Village 012,3341,663,578,474,389,82.07,478,421,88.08,554,432,77.98,515,448,86.99,75,12.98,76.98,84.08,82.07,86.99,24.894775,94.614207,2025-03-31
MAN-KAM-03-013,Manipur,Kamjong,Kasom Khullen,Kasom Khullen Local Council Group 03,Kasom Khullen Demo Village 013,1277,328,220,189,159,84.13,211,173,81.99,205,191,93.17,174,153,87.93,42,19.09,90.17,79.99,79.13,83.93,24.837553,94.548194,2025-03-31
MAN-KAM-03-014,Manipur,Kamjong,Kasom Khullen,Kasom Khullen Local Council Group 03,Kasom Khullen Demo Village 014,1574,404,357,302,230,76.16,279,215,77.06,353,166,47.03,264,206,78.03,32,8.96,52.03,75.06,76.16,74.03,24.943721,94.601869,2025-03-31
MAN-KAM-03-015,Manipur,Kamjong,Kasom Khullen,Kasom Khullen Local Council Group 03,Kasom Khullen Demo Village 015,3161,671,642,525,425,80.95,566,164,28.98,628,471,75.00,637,452,70.96,11,1.71,73.0,34.98,83.95,64.96,24.863997,94.486205,2025-03-31
MAN-KAM-03-016,Manipur,Kamjong,Kasom Khullen,Kasom Khullen Local Council Group 04,Kasom Khullen Demo Village 016,1678,432,428,323,129,39.94,398,338,84.92,353,321,90.93,327,298,91.13,10,2.34,91.93,80.92,43.94,94.13,24.830027,94.50098,2025-03-31
MAN-KAM-03-017,Manipur,Kamjong,Kasom Khullen,Kasom Khullen Local Council Group 04,Kasom Khullen Demo Village 017,222,55,35,27,19,70.37,30,22,73.33,28,24,85.71,29,12,41.38,6,17.14,82.71,68.33,66.37,41.38,24.93998,94.449606,2025-03-31
MAN-KAM-03-018,Manipur,Kamjong,Kasom Khullen,Kasom Khullen Local Council Group 04,Kasom Khullen Demo Village 018,2606,434,269,207,64,30.92,195,99,50.77,242,126,52.07,264,116,43.94,52,19.33,49.07,56.77,30.92,40.94,24.741223,94.42334,2025-03-31
MAN-KAM-03-019,Manipur,Kamjong,Kasom Khullen,Kasom Khullen Local Council Group 04,Kasom Khullen Demo Village 019,1379,297,272,265,238,89.81,252,214,84.92,227,202,88.99,234,180,76.92,94,34.56,88.99,85.92,94.81,76.92,24.843768,94.554196,2025-03-31
MAN-KAM-03-020,Manipur,Kamjong,Kasom Khullen,Kasom Khullen Local Council Group 04,Kasom Khullen Demo Village 020,2391,492,410,397,266,67.00,400,292,73.00,367,224,61.04,360,266,73.89,34,8.29,80.04,99.0,86.0,99.0,24.935152,94.511355,2025-03-31
MAN-KAM-03-021,Manipur,Kamjong,Kasom Khullen,Kasom Khullen Local Council Group 05,Kasom Khullen Demo Village 021,555,115,90,75,67,89.33,85,31,36.47,65,58,89.23,75,30,40.00,13,14.44,89.23,42.47,90.33,46.0,24.747935,94.566899,2025-03-31
MAN-KAM-03-022,Manipur,Kamjong,Kasom Khullen,Kasom Khullen Local Council Group 05,Kasom Khullen Demo Village 022,1321,314,284,231,189,81.82,210,178,84.76,218,192,88.07,243,216,88.89,26,9.15,84.07,84.76,75.82,83.89,24.926594,94.487278,2025-03-31
MAN-KAM-03-023,Manipur,Kamjong,Kasom Khullen,Kasom Khullen Local Council Group 05,Kasom Khullen Demo Village 023,197,53,48,43,28,65.12,37,28,75.68,45,32,71.11,45,23,51.11,7,14.58,68.11,72.68,68.12,48.11,24.850855,94.599836,2025-03-31
MAN-KAM-03-024,Manipur,Kamjong,Kasom Khullen,Kasom Khullen Local Council Group 05,Kasom Khullen Demo Village 024,3411,779,637,552,464,84.06,616,487,79.06,551,501,90.93,622,448,72.03,84,13.19,87.93,76.06,79.06,71.03,24.866781,94.462672,2025-03-31
MAN-KAM-03-025,Manipur,Kamjong,Kasom Khullen,Kasom Khullen Local Council Group 05,Kasom Khullen Demo Village 025,3456,607,597,462,379,82.03,530,456,86.04,529,460,86.96,492,472,95.93,101,16.92,86.96,84.04,80.03,90.93,24.938395,94.431794,2025-03-31
MAN-KAM-03-026,Manipur,Kamjong,Kasom Khullen,Kasom Khullen Local Council Group 06,Kasom Khullen Demo Village 026,2848,484,426,339,264,77.88,390,285,73.08,370,185,50.00,312,275,88.14,45,10.56,52.0,67.08,83.88,85.14,24.822613,94.559855,2025-03-31
MAN-KAM-03-027,Manipur,Kamjong,Kasom Khullen,Kasom Khullen Local Council Group 06,Kasom Khullen Demo Village 027,2560,527,389,280,202,72.14,328,151,46.04,312,240,76.92,312,218,69.87,21,5.40,76.92,44.04,75.14,66.87,24.775346,94.543831,2025-03-31
MAN-KAM-03-028,Manipur,Kamjong,Kasom Khullen,Kasom Khullen Local Council Group 06,Kasom Khullen Demo Village 028,606,161,125,92,32,34.78,122,99,81.15,98,71,72.45,122,111,90.98,24,19.20,74.45,84.15,31.78,93.98,24.761212,94.532292,2025-03-31
MAN-KAM-03-029,Manipur,Kamjong,Kasom Khullen,Kasom Khullen Local Council Group 06,Kasom Khullen Demo Village 029,2653,456,360,263,239,90.87,329,293,89.06,360,320,88.89,317,95,29.97,29,8.06,91.89,88.06,87.87,31.97,24.806709,94.410117,2025-03-31
MAN-KAM-03-030,Manipur,Kamjong,Kasom Khullen,Kasom Khullen Local Council Group 06,Kasom Khullen Demo Village 030,3023,563,394,297,101,34.01,316,155,49.05,360,184,51.11,381,190,49.87,131,33.25,54.11,48.05,30.01,46.87,24.81049,94.567567,2025-03-31
MAN-KAM-03-031,Manipur,Kamjong,Kasom Khullen,Kasom Khullen Local Council Group 07,Kasom Khullen Demo Village 031,3453,650,532,502,432,86.06,470,338,71.91,461,332,72.02,495,342,69.09,135,25.38,76.02,70.91,83.06,67.09,24.880001,94.512542,2025-03-31
MAN-KAM-04-001,Manipur,Kamjong,Sahamphung,Sahamphung Local Council Group 01,Sahamphung Demo Village 001,1486,260,227,217,154,70.97,224,152,67.86,210,158,75.24,227,175,77.09,29,12.78,99.0,82.86,88.97,92.09,24.901863,94.583322,2025-03-31
MAN-KAM-04-002,Manipur,Kamjong,Sahamphung,Sahamphung Local Council Group 01,Sahamphung Demo Village 002,1149,202,138,116,114,98.28,128,56,43.75,116,108,93.10,109,49,44.95,12,8.70,98.1,49.75,99.0,46.95,24.815292,94.587489,2025-03-31
MAN-KAM-04-003,Manipur,Kamjong,Sahamphung,Sahamphung Local Council Group 01,Sahamphung Demo Village 003,2136,509,495,382,336,87.96,397,373,93.95,468,426,91.03,463,357,77.11,74,14.95,86.03,95.95,83.96,73.11,24.746159,94.48796,2025-03-31
MAN-KAM-04-004,Manipur,Kamjong,Sahamphung,Sahamphung Local Council Group 01,Sahamphung Demo Village 004,781,194,192,161,101,62.73,140,105,75.00,142,105,73.94,153,75,49.02,32,16.67,71.94,74.0,56.73,55.02,24.783279,94.541214,2025-03-31
MAN-KAM-04-005,Manipur,Kamjong,Sahamphung,Sahamphung Local Council Group 01,Sahamphung Demo Village 005,1240,218,199,167,125,74.85,164,131,79.88,143,117,81.82,161,142,88.20,19,9.55,77.82,75.88,78.85,92.2,24.884937,94.465975,2025-03-31
MAN-KAM-04-006,Manipur,Kamjong,Sahamphung,Sahamphung Local Council Group 02,Sahamphung Demo Village 006,637,112,94,90,82,91.11,73,63,86.30,80,77,96.25,68,58,85.29,8,8.51,96.25,84.3,87.11,82.29,24.938325,94.398562,2025-03-31
MAN-KAM-04-007,Manipur,Kamjong,Sahamphung,Sahamphung Local Council Group 02,Sahamphung Demo Village 007,2745,653,454,407,293,71.99,433,303,69.98,434,195,44.93,370,289,78.11,27,5.95,47.93,72.98,75.99,72.11,24.933977,94.474611,2025-03-31
MAN-KAM-04-008,Manipur,Kamjong,Sahamphung,Sahamphung Local Council Group 02,Sahamphung Demo Village 008,293,52,38,28,21,75.00,31,15,48.39,27,19,70.37,37,30,81.08,5,13.16,73.37,53.39,78.0,83.08,24.879291,94.411262,2025-03-31
MAN-KAM-04-009,Manipur,Kamjong,Sahamphung,Sahamphung Local Council Group 02,Sahamphung Demo Village 009,2549,430,358,316,98,31.01,305,253,82.95,328,246,75.00,260,203,78.08,63,17.60,81.0,79.95,27.01,83.08,24.914848,94.445099,2025-03-31
MAN-KAM-04-010,Manipur,Kamjong,Sahamphung,Sahamphung Local Council Group 02,Sahamphung Demo Village 010,3949,753,567,527,379,71.92,530,472,89.06,426,371,87.09,460,170,36.96,52,9.17,89.09,89.06,67.92,38.96,24.764378,94.545909,2025-03-31
MAN-KAM-04-011,Manipur,Kamjong,Sahamphung,Sahamphung Local Council Group 03,Sahamphung Demo Village 011,2769,575,557,442,186,42.08,448,152,33.93,537,199,37.06,481,274,56.96,120,21.54,38.06,35.93,36.08,52.96,24.807361,94.604476,2025-03-31
MAN-KAM-04-012,Manipur,Kamjong,Sahamphung,Sahamphung Local Council Group 03,Sahamphung Demo Village 012,2351,499,325,290,258,88.97,312,278,89.10,246,219,89.02,284,219,77.11,101,31.08,92.02,87.1,84.97,74.11,24.952203,94.436608,2025-03-31
MAN-KAM-04-013,Manipur,Kamjong,Sahamphung,Sahamphung Local Council Group 03,Sahamphung Demo Village 013,520,133,128,122,83,68.03,121,77,63.64,103,71,68.93,95,59,62.11,21,16.41,92.93,93.64,87.03,87.11,24.875934,94.572852,2025-03-31
MAN-KAM-04-014,Manipur,Kamjong,Sahamphung,Sahamphung Local Council Group 03,Sahamphung Demo Village 014,1146,253,174,126,111,88.10,146,60,41.10,156,142,91.03,126,60,47.62,4,2.30,95.03,42.1,89.1,51.62,24.851698,94.56512,2025-03-31
MAN-KAM-04-015,Manipur,Kamjong,Sahamphung,Sahamphung Local Council Group 03,Sahamphung Demo Village 015,1507,348,310,310,270,87.10,260,239,91.92,245,179,73.06,228,157,68.86,59,19.03,75.06,87.92,86.1,64.86,24.89771,94.507876,2025-03-31
MAN-KAM-04-016,Manipur,Kamjong,Sahamphung,Sahamphung Local Council Group 04,Sahamphung Demo Village 016,2674,501,458,398,283,71.11,361,188,52.08,368,173,47.01,349,251,71.92,76,16.59,48.01,49.08,76.11,68.92,24.811088,94.597118,2025-03-31
MAN-KAM-04-017,Manipur,Kamjong,Sahamphung,Sahamphung Local Council Group 04,Sahamphung Demo Village 017,1639,374,289,210,189,90.00,280,196,70.00,258,201,77.91,224,166,74.11,27,9.34,74.91,74.0,95.0,69.11,24.817426,94.577614,2025-03-31
MAN-KAM-04-018,Manipur,Kamjong,Sahamphung,Sahamphung Local Council Group 04,Sahamphung Demo Village 018,4128,776,774,596,554,92.95,634,596,94.01,711,583,82.00,754,626,83.02,27,3.49,81.0,89.01,87.95,82.02,24.793231,94.555902,2025-03-31
MAN-KAM-04-019,Manipur,Kamjong,Sahamphung,Sahamphung Local Council Group 04,Sahamphung Demo Village 019,1409,265,189,143,113,79.02,166,134,80.72,138,65,47.10,157,116,73.89,23,12.17,48.1,81.72,75.02,78.89,24.795581,94.398795,2025-03-31
MAN-KAM-04-020,Manipur,Kamjong,Sahamphung,Sahamphung Local Council Group 04,Sahamphung Demo Village 020,1301,337,238,209,161,77.03,205,100,48.78,216,190,87.96,207,157,75.85,43,18.07,86.96,43.78,77.03,70.85,24.953832,94.425588,2025-03-31
MAN-KAM-04-021,Manipur,Kamjong,Sahamphung,Sahamphung Local Council Group 05,Sahamphung Demo Village 021,1710,381,280,274,115,41.97,269,202,75.09,215,194,90.23,235,190,80.85,18,6.43,94.23,81.09,41.97,86.85,24.919305,94.476801,2025-03-31
MAN-KAM-04-022,Manipur,Kamjong,Sahamphung,Sahamphung Local Council Group 05,Sahamphung Demo Village 022,1600,403,392,311,271,87.14,288,245,85.07,291,259,89.00,322,126,39.13,26,6.63,91.0,81.07,85.14,37.13,24.936926,94.612538,2025-03-31
MAN-KAM-04-023,Manipur,Kamjong,Sahamphung,Sahamphung Local Council Group 05,Sahamphung Demo Village 023,1188,292,197,183,60,32.79,187,80,42.78,173,74,42.77,172,64,37.21,39,19.80,39.77,36.78,26.79,43.21,24.847154,94.567002,2025-03-31
MAN-KAM-04-024,Manipur,Kamjong,Sahamphung,Sahamphung Local Council Group 05,Sahamphung Demo Village 024,3181,687,631,558,497,89.07,518,461,89.00,505,460,91.09,526,447,84.98,240,38.03,88.09,91.0,88.07,89.98,24.818899,94.426269,2025-03-31
MAN-KAM-04-025,Manipur,Kamjong,Sahamphung,Sahamphung Local Council Group 05,Sahamphung Demo Village 025,467,109,75,73,55,75.34,67,54,80.60,64,45,70.31,62,38,61.29,2,2.67,97.31,99.0,99.0,89.29,24.940495,94.568767,2025-03-31
MAN-KAM-04-026,Manipur,Kamjong,Sahamphung,Sahamphung Local Council Group 06,Sahamphung Demo Village 026,1044,236,174,162,147,90.74,172,62,36.05,161,145,90.06,154,62,40.26,20,11.49,94.06,31.05,93.74,40.26,24.84207,94.58762,2025-03-31
MAN-KAM-04-027,Manipur,Kamjong,Sahamphung,Sahamphung Local Council Group 06,Sahamphung Demo Village 027,1847,437,433,328,289,88.11,368,254,69.02,325,231,71.08,342,311,90.94,59,13.63,65.08,73.02,82.11,87.94,24.781895,94.44825,2025-03-31
MAN-KAM-04-028,Manipur,Kamjong,Sahamphung,Sahamphung Local Council Group 06,Sahamphung Demo Village 028,867,179,123,119,62,52.10,93,66,70.97,92,47,51.09,96,65,67.71,3,2.44,45.09,73.97,53.1,62.71,24.754874,94.448749,2025-03-31
MAN-KAM-04-029,Manipur,Kamjong,Sahamphung,Sahamphung Local Council Group 06,Sahamphung Demo Village 029,3104,640,467,451,410,90.91,337,297,88.13,340,316,92.94,371,349,94.07,28,6.00,98.94,92.13,87.91,99.0,24.844338,94.609407,2025-03-31
MAN-KAM-04-030,Manipur,Kamjong,Sahamphung,Sahamphung Local Council Group 06,Sahamphung Demo Village 030,1580,404,303,274,244,89.05,257,216,84.05,224,197,87.95,267,240,89.89,4,1.32,86.95,80.05,87.05,85.89,24.867668,94.488896,2025-03-31
MAN-KAM-04-031,Manipur,Kamjong,Sahamphung,Sahamphung Local Council Group 07,Sahamphung Demo Village 031,1215,316,230,199,173,86.93,222,173,77.93,192,94,48.96,177,147,83.05,9,3.91,52.96,71.93,88.93,78.05,24.837433,94.46722,2025-03-31
MAN-KPI-01-001,Manipur,Kangpokpi,Kangpokpi,Kangpokpi Local Council Group 01,Kangpokpi Demo Village 001,3912,722,609,598,526,87.96,501,436,87.03,601,541,90.02,552,535,96.92,112,18.39,88.02,82.03,82.96,94.92,25.235027,94.098139,2025-03-31
MAN-KPI-01-002,Manipur,Kangpokpi,Kangpokpi,Kangpokpi Local Council Group 01,Kangpokpi Demo Village 002,1452,259,193,174,157,90.23,158,125,79.11,182,53,29.12,159,142,89.31,30,15.54,27.12,85.11,94.23,85.31,25.080495,93.934985,2025-03-31
MAN-KPI-01-003,Manipur,Kangpokpi,Kangpokpi,Kangpokpi Local Council Group 01,Kangpokpi Demo Village 003,4010,665,412,369,292,79.13,329,158,48.02,315,255,80.95,363,323,88.98,17,4.13,85.95,48.02,77.13,82.98,25.184068,93.92208,2025-03-31
MAN-KPI-01-004,Manipur,Kangpokpi,Kangpokpi,Kangpokpi Local Council Group 01,Kangpokpi Demo Village 004,464,86,63,52,15,28.85,59,44,74.58,46,35,76.09,45,41,91.11,10,15.87,70.09,72.58,31.85,91.11,25.065146,94.037499,2025-03-31
MAN-KPI-01-005,Manipur,Kangpokpi,Kangpokpi,Kangpokpi Local Council Group 01,Kangpokpi Demo Village 005,632,105,91,80,68,85.00,87,63,72.41,76,67,88.16,74,26,35.14,11,12.09,91.16,68.41,80.0,41.14,25.103017,94.056183,2025-03-31
MAN-KPI-01-006,Manipur,Kangpokpi,Kangpokpi,Kangpokpi Local Council Group 02,Kangpokpi Demo Village 006,2820,555,355,265,117,44.15,345,145,42.03,269,124,46.10,287,126,43.90,107,30.14,50.1,38.03,49.15,45.9,25.083969,93.902566,2025-03-31
MAN-KPI-01-007,Manipur,Kangpokpi,Kangpokpi,Kangpokpi Local Council Group 02,Kangpokpi Demo Village 007,2423,458,371,354,241,68.08,296,231,78.04,340,306,90.00,315,243,77.14,144,38.81,91.0,72.04,65.08,74.14,25.205052,94.077392,2025-03-31
MAN-KPI-01-008,Manipur,Kangpokpi,Kangpokpi,Kangpokpi Local Council Group 02,Kangpokpi Demo Village 008,466,77,61,56,42,75.00,60,37,61.67,60,41,68.33,53,39,73.58,7,11.48,97.33,82.67,99.0,99.0,25.077212,93.916428,2025-03-31
MAN-KPI-01-009,Manipur,Kangpokpi,Kangpokpi,Kangpokpi Local Council Group 02,Kangpokpi Demo Village 009,1019,264,245,184,162,88.04,203,77,37.93,205,182,88.78,230,92,40.00,46,18.78,91.78,34.93,94.04,41.0,25.255209,94.03207,2025-03-31
MAN-KPI-01-010,Manipur,Kangpokpi,Kangpokpi,Kangpokpi Local Council Group 02,Kangpokpi Demo Village 010,616,139,123,90,69,76.67,118,84,71.19,103,75,72.82,93,82,88.17,5,4.07,70.82,71.19,74.67,91.17,25.23364,94.034796,2025-03-31
MAN-KPI-01-011,Manipur,Kangpokpi,Kangpokpi,Kangpokpi Local Council Group 03,Kangpokpi Demo Village 011,2945,526,509,400,260,65.00,459,252,54.90,498,349,70.08,440,295,67.05,28,5.50,66.08,52.9,64.0,68.05,25.10394,94.095037,2025-03-31
MAN-KPI-01-012,Manipur,Kangpokpi,Kangpokpi,Kangpokpi Local Council Group 03,Kangpokpi Demo Village 012,1870,382,240,180,166,92.22,202,162,80.20,239,165,69.04,205,172,83.90,13,5.42,66.04,81.2,91.22,89.9,25.237472,93.880173,2025-03-31
MAN-KPI-01-013,Manipur,Kangpokpi,Kangpokpi,Kangpokpi Local Council Group 03,Kangpokpi Demo Village 013,790,206,195,186,179,96.24,194,169,87.11,194,171,88.14,159,132,83.02,11,5.64,86.14,86.11,96.24,83.02,25.116454,93.906887,2025-03-31
MAN-KPI-01-014,Manipur,Kangpokpi,Kangpokpi,Kangpokpi Local Council Group 03,Kangpokpi Demo Village 014,3431,648,481,403,359,89.08,467,346,74.09,467,196,41.97,387,294,75.97,22,4.57,44.97,68.09,95.08,77.97,25.113117,94.09708,2025-03-31
MAN-KPI-01-015,Manipur,Kangpokpi,Kangpokpi,Kangpokpi Local Council Group 03,Kangpokpi Demo Village 015,909,198,151,136,102,75.00,113,35,30.97,117,90,76.92,151,136,90.07,8,5.30,72.92,24.97,74.0,84.07,25.131709,93.902743,2025-03-31
MAN-KPI-01-016,Manipur,Kangpokpi,Kangpokpi,Kangpokpi Local Council Group 04,Kangpokpi Demo Village 016,3241,579,468,444,142,31.98,464,418,90.09,428,308,71.96,344,289,84.01,47,10.04,72.96,96.09,27.98,83.01,25.117361,93.997405,2025-03-31
MAN-KPI-01-017,Manipur,Kangpokpi,Kangpokpi,Kangpokpi Local Council Group 04,Kangpokpi Demo Village 017,4153,694,649,520,421,80.96,495,396,80.00,476,376,78.99,598,275,45.99,82,12.63,74.99,85.0,79.96,39.99,25.168154,94.052495,2025-03-31
MAN-KPI-01-018,Manipur,Kangpokpi,Kangpokpi,Kangpokpi Local Council Group 04,Kangpokpi Demo Village 018,1180,225,156,113,36,31.86,113,38,33.63,113,54,47.79,156,73,46.79,36,23.08,50.79,35.63,36.86,49.79,25.246718,93.944163,2025-03-31
MAN-KPI-01-019,Manipur,Kangpokpi,Kangpokpi,Kangpokpi Local Council Group 04,Kangpokpi Demo Village 019,806,198,186,139,96,69.06,143,110,76.92,166,124,74.70,145,126,86.90,67,36.02,73.7,76.92,67.06,80.9,25.150688,93.920259,2025-03-31
MAN-KPI-01-020,Manipur,Kangpokpi,Kangpokpi,Kangpokpi Local Council Group 04,Kangpokpi Demo Village 020,463,87,72,60,41,68.33,62,42,67.74,68,51,75.00,58,47,81.03,2,2.78,99.0,82.74,94.33,99.0,25.13302,94.063112,2025-03-31
MAN-KPI-01-021,Manipur,Kangpokpi,Kangpokpi,Kangpokpi Local Council Group 05,Kangpokpi Demo Village 021,3262,639,514,453,426,94.04,373,131,35.12,439,391,89.07,372,171,45.97,50,9.73,83.07,40.12,93.04,43.97,25.096284,94.025125,2025-03-31
MAN-KPI-01-022,Manipur,Kangpokpi,Kangpokpi,Kangpokpi Local Council Group 05,Kangpokpi Demo Village 022,3939,696,663,485,422,87.01,613,515,84.01,640,544,85.00,557,524,94.08,21,3.17,84.0,81.01,89.01,99.0,25.049283,94.026714,2025-03-31
MAN-KPI-01-023,Manipur,Kangpokpi,Kangpokpi,Kangpokpi Local Council Group 05,Kangpokpi Demo Village 023,1893,368,362,319,207,64.89,316,193,61.08,276,127,46.01,326,156,47.85,51,14.09,43.01,59.08,68.89,44.85,25.055753,94.098587,2025-03-31
MAN-KPI-01-024,Manipur,Kangpokpi,Kangpokpi,Kangpokpi Local Council Group 05,Kangpokpi Demo Village 024,755,187,170,122,109,89.34,129,112,86.82,140,101,72.14,137,116,84.67,8,4.71,78.14,85.82,83.34,90.67,25.100464,93.984483,2025-03-31
MAN-KPI-01-025,Manipur,Kangpokpi,Kangpokpi,Kangpokpi Local Council Group 05,Kangpokpi Demo Village 025,1162,260,218,175,158,90.29,202,180,89.11,158,149,94.30,196,169,86.22,28,12.84,89.3,87.11,89.29,81.22,25.217948,94.071799,2025-03-31
MAN-KPI-01-026,Manipur,Kangpokpi,Kangpokpi,Kangpokpi Local Council Group 06,Kangpokpi Demo Village 026,2639,518,444,389,342,87.92,342,284,83.04,421,160,38.00,346,273,78.90,20,4.50,36.0,86.04,90.92,78.9,25.213877,93.872893,2025-03-31
MAN-KPI-01-027,Manipur,Kangpokpi,Kangpokpi,Kangpokpi Local Council Group 06,Kangpokpi Demo Village 027,846,157,142,118,85,72.03,129,55,42.64,130,109,83.85,123,107,86.99,27,19.01,87.85,45.64,68.03,82.99,25.230081,93.933376,2025-03-31
MAN-KPI-01-028,Manipur,Kangpokpi,Kangpokpi,Kangpokpi Local Council Group 06,Kangpokpi Demo Village 028,2069,522,356,291,140,48.11,312,275,88.14,300,267,89.00,301,259,86.05,49,13.76,89.0,86.14,51.11,80.05,25.086793,94.023945,2025-03-31
MAN-KPI-01-029,Manipur,Kangpokpi,Kangpokpi,Kangpokpi Local Council Group 06,Kangpokpi Demo Village 029,1375,336,271,226,194,85.84,266,213,80.08,200,180,90.00,232,81,34.91,29,10.70,96.0,82.08,79.84,40.91,25.1347,93.927522,2025-03-31
MAN-KPI-01-030,Manipur,Kangpokpi,Kangpokpi,Kangpokpi Local Council Group 06,Kangpokpi Demo Village 030,3168,776,529,415,166,40.00,471,198,42.04,439,224,51.03,427,158,37.00,108,20.42,53.03,42.04,42.0,37.0,25.079559,94.083211,2025-03-31
MAN-KPI-01-031,Manipur,Kangpokpi,Kangpokpi,Kangpokpi Local Council Group 07,Kangpokpi Demo Village 031,3480,632,557,506,359,70.95,401,361,90.02,554,438,79.06,544,446,81.99,142,25.49,79.06,96.02,75.95,87.99,25.253702,94.024595,2025-03-31
MAN-KPI-01-032,Manipur,Kangpokpi,Kangpokpi,Kangpokpi Local Council Group 07,Kangpokpi Demo Village 032,1605,350,325,261,196,75.10,254,208,81.89,285,180,63.16,320,221,69.06,57,17.54,91.16,99.0,89.1,85.06,25.218707,94.027688,2025-03-31
MAN-KPI-02-001,Manipur,Kangpokpi,Saikul,Saikul Local Council Group 01,Saikul Demo Village 001,2328,493,486,424,377,88.92,435,196,45.06,397,373,93.95,415,166,40.00,67,13.79,94.95,50.06,92.92,44.0,25.079299,94.043174,2025-03-31
MAN-KPI-02-002,Manipur,Kangpokpi,Saikul,Saikul Local Council Group 01,Saikul Demo Village 002,1573,324,276,265,220,83.02,275,206,74.91,249,189,75.90,248,179,72.18,22,7.97,74.9,75.91,86.02,68.18,25.194813,93.984497,2025-03-31
MAN-KPI-02-003,Manipur,Kangpokpi,Saikul,Saikul Local Council Group 01,Saikul Demo Village 003,1319,270,251,197,95,48.22,233,158,67.81,211,146,69.19,203,97,47.78,18,7.17,70.19,63.81,51.22,48.78,25.206442,94.053832,2025-03-31
MAN-KPI-02-004,Manipur,Kangpokpi,Saikul,Saikul Local Council Group 01,Saikul Demo Village 004,1135,262,234,189,153,80.95,223,165,73.99,225,198,88.00,172,134,77.91,25,10.68,89.0,74.99,84.95,82.91,25.157495,93.989957,2025-03-31
MAN-KPI-02-005,Manipur,Kangpokpi,Saikul,Saikul Local Council Group 01,Saikul Demo Village 005,3710,624,508,381,335,87.93,425,412,96.94,381,328,86.09,482,453,93.98,76,14.96,86.09,91.94,85.93,89.98,25.092592,94.096508,2025-03-31
MAN-KPI-02-006,Manipur,Kangpokpi,Saikul,Saikul Local Council Group 02,Saikul Demo Village 006,1015,170,114,83,71,85.54,93,76,81.72,105,30,28.57,88,80,90.91,16,14.04,26.57,85.72,81.54,94.91,25.137518,94.060744,2025-03-31
MAN-KPI-02-007,Manipur,Kangpokpi,Saikul,Saikul Local Council Group 02,Saikul Demo Village 007,2792,639,638,602,488,81.06,540,259,47.96,605,484,80.00,595,416,69.92,85,13.32,85.0,41.96,83.06,74.92,25.052456,93.964816,2025-03-31
MAN-KPI-02-008,Manipur,Kangpokpi,Saikul,Saikul Local Council Group 02,Saikul Demo Village 008,2308,486,399,334,130,38.92,340,303,89.12,362,297,82.04,382,294,76.96,19,4.76,88.04,92.12,39.92,77.96,25.159299,93.876285,2025-03-31
MAN-KPI-02-009,Manipur,Kangpokpi,Saikul,Saikul Local Council Group 02,Saikul Demo Village 009,1575,305,190,160,130,81.25,170,150,88.24,165,124,75.15,171,82,47.95,9,4.74,70.15,94.24,87.25,41.95,25.106451,94.101419,2025-03-31
MAN-KPI-02-010,Manipur,Kangpokpi,Saikul,Saikul Local Council Group 02,Saikul Demo Village 010,2664,501,490,421,173,41.09,387,190,49.10,464,139,29.96,478,249,52.09,147,30.00,29.96,47.1,37.09,53.09,25.094753,94.105521,2025-03-31
MAN-KPI-02-011,Manipur,Kangpokpi,Saikul,Saikul Local Council Group 03,Saikul Demo Village 011,726,174,117,116,97,83.62,104,78,75.00,112,85,75.89,105,74,70.48,46,39.32,75.89,78.0,81.62,76.48,25.172343,93.933525,2025-03-31
MAN-KPI-02-012,Manipur,Kangpokpi,Saikul,Saikul Local Council Group 03,Saikul Demo Village 012,1763,467,464,373,228,61.13,342,250,73.10,419,335,79.95,402,257,63.93,27,5.82,94.95,92.1,91.13,92.93,25.160946,94.076434,2025-03-31
MAN-KPI-02-013,Manipur,Kangpokpi,Saikul,Saikul Local Council Group 03,Saikul Demo Village 013,3799,739,627,476,457,96.01,577,254,44.02,503,443,88.07,544,218,40.07,45,7.18,87.07,43.02,91.01,35.07,25.212489,94.046329,2025-03-31
MAN-KPI-02-014,Manipur,Kangpokpi,Saikul,Saikul Local Council Group 03,Saikul Demo Village 014,375,92,79,57,49,85.96,62,56,90.32,75,61,81.33,79,69,87.34,7,8.86,86.33,84.32,89.96,83.34,25.130542,93.949375,2025-03-31
MAN-KPI-02-015,Manipur,Kangpokpi,Saikul,Saikul Local Council Group 03,Saikul Demo Village 015,766,207,156,129,83,64.34,124,81,65.32,152,70,46.05,125,81,64.80,5,3.21,50.05,69.32,68.34,65.8,25.191379,94.078665,2025-03-31
MAN-KPI-02-016,Manipur,Kangpokpi,Saikul,Saikul Local Council Group 04,Saikul Demo Village 016,1599,398,306,284,224,78.87,293,234,79.86,253,185,73.12,246,207,84.15,7,2.29,73.12,82.86,83.87,85.15,25.238499,94.035466,2025-03-31
MAN-KPI-02-017,Manipur,Kangpokpi,Saikul,Saikul Local Council Group 04,Saikul Demo Village 017,2025,514,371,279,232,83.15,324,314,96.91,305,290,95.08,344,303,88.08,12,3.23,91.08,93.91,80.15,83.08,25.152374,94.03108,2025-03-31
MAN-KPI-02-018,Manipur,Kangpokpi,Saikul,Saikul Local Council Group 04,Saikul Demo Village 018,2404,571,560,553,415,75.05,431,328,76.10,405,194,47.90,463,361,77.97,99,17.68,53.9,71.1,73.05,72.97,25.231467,94.050757,2025-03-31
MAN-KPI-02-019,Manipur,Kangpokpi,Saikul,Saikul Local Council Group 04,Saikul Demo Village 019,461,85,60,54,47,87.04,44,21,47.73,46,37,80.43,56,41,73.21,10,16.67,80.43,45.73,87.04,79.21,25.197929,93.874413,2025-03-31
MAN-KPI-02-020,Manipur,Kangpokpi,Saikul,Saikul Local Council Group 04,Saikul Demo Village 020,1972,361,269,196,67,34.18,203,158,77.83,233,212,90.99,255,222,87.06,51,18.96,84.99,80.83,37.18,93.06,25.173509,93.892204,2025-03-31
MAN-KPI-02-021,Manipur,Kangpokpi,Saikul,Saikul Local Council Group 05,Saikul Demo Village 021,3814,756,673,661,562,85.02,533,437,81.99,544,435,79.96,492,221,44.92,78,11.59,85.96,81.99,91.02,40.92,25.163559,93.936353,2025-03-31
MAN-KPI-02-022,Manipur,Kangpokpi,Saikul,Saikul Local Council Group 05,Saikul Demo Village 022,259,61,38,36,14,38.89,34,12,35.29,30,12,40.00,27,15,55.56,10,26.32,39.0,34.29,42.89,56.56,25.208214,93.88618,2025-03-31
MAN-KPI-02-023,Manipur,Kangpokpi,Saikul,Saikul Local Council Group 05,Saikul Demo Village 023,3207,586,536,445,383,86.07,445,365,82.02,423,288,68.09,509,407,79.96,131,24.44,67.09,84.02,92.07,77.96,25.070185,93.931584,2025-03-31
MAN-KPI-02-024,Manipur,Kangpokpi,Saikul,Saikul Local Council Group 05,Saikul Demo Village 024,433,103,91,77,55,71.43,70,47,67.14,79,59,74.68,80,61,76.25,14,15.38,88.68,84.14,94.43,96.25,25.112926,94.035183,2025-03-31
MAN-KPI-02-025,Manipur,Kangpokpi,Saikul,Saikul Local Council Group 05,Saikul Demo Village 025,3285,774,633,570,519,91.05,494,158,31.98,556,512,92.09,458,165,36.03,67,10.58,89.09,37.98,87.05,37.03,25.130851,94.01177,2025-03-31
MAN-KPI-02-026,Manipur,Kangpokpi,Saikul,Saikul Local Council Group 06,Saikul Demo Village 026,2925,687,533,524,424,80.92,443,403,90.97,422,312,73.93,496,417,84.07,102,19.14,71.93,91.97,76.92,83.07,25.06354,94.030864,2025-03-31
MAN-KPI-02-027,Manipur,Kangpokpi,Saikul,Saikul Local Council Group 06,Saikul Demo Village 027,4347,776,569,427,290,67.92,460,285,61.96,534,246,46.07,539,264,48.98,49,8.61,40.07,57.96,73.92,42.98,25.250239,94.104675,2025-03-31
MAN-KPI-02-028,Manipur,Kangpokpi,Saikul,Saikul Local Council Group 06,Saikul Demo Village 028,657,109,83,60,50,83.33,75,58,77.33,63,49,77.78,68,55,80.88,1,1.20,79.78,79.33,83.33,74.88,25.24489,93.931249,2025-03-31
MAN-KPI-02-029,Manipur,Kangpokpi,Saikul,Saikul Local Council Group 06,Saikul Demo Village 029,2477,564,498,421,404,95.96,415,349,84.10,431,409,94.90,413,351,84.99,58,11.65,89.9,80.1,93.96,84.99,25.101149,93.969617,2025-03-31
MAN-KPI-02-030,Manipur,Kangpokpi,Saikul,Saikul Local Council Group 06,Saikul Demo Village 030,2348,578,572,563,462,82.06,486,374,76.95,521,167,32.05,555,438,78.92,96,16.78,26.05,78.95,82.06,73.92,25.248245,93.930332,2025-03-31
MAN-KPI-02-031,Manipur,Kangpokpi,Saikul,Saikul Local Council Group 07,Saikul Demo Village 031,3347,675,581,464,422,90.95,510,260,50.98,484,358,73.97,453,335,73.95,9,1.55,78.97,48.98,84.95,78.95,25.196787,93.956044,2025-03-31
MAN-KPI-03-001,Manipur,Kangpokpi,Saitu,Saitu Local Council Group 01,Saitu Demo Village 001,2329,509,479,366,165,45.08,455,405,89.01,384,292,76.04,414,339,81.88,89,18.58,72.04,88.01,44.08,83.88,25.124579,93.944386,2025-03-31
MAN-KPI-03-002,Manipur,Kangpokpi,Saitu,Saitu Local Council Group 01,Saitu Demo Village 002,3917,757,645,616,444,72.08,514,468,91.05,469,389,82.94,491,216,43.99,60,9.30,78.94,91.05,68.08,38.99,25.042712,94.085724,2025-03-31
MAN-KPI-03-003,Manipur,Kangpokpi,Saitu,Saitu Local Council Group 01,Saitu Demo Village 003,639,111,94,86,28,32.56,84,39,46.43,93,52,55.91,73,25,34.25,17,18.09,59.91,51.43,38.56,39.25,25.187269,94.087538,2025-03-31
MAN-KPI-03-004,Manipur,Kangpokpi,Saitu,Saitu Local Council Group 01,Saitu Demo Village 004,2121,570,544,405,344,84.94,437,328,75.06,430,383,89.07,461,387,83.95,202,37.13,91.07,69.06,90.94,89.95,25.242047,93.93839,2025-03-31
MAN-KPI-03-005,Manipur,Kangpokpi,Saitu,Saitu Local Council Group 01,Saitu Demo Village 005,1491,384,360,301,181,60.13,329,211,64.13,325,247,76.00,334,281,84.13,54,15.00,90.0,86.13,82.13,99.0,25.058704,94.050211,2025-03-31
MAN-KPI-03-006,Manipur,Kangpokpi,Saitu,Saitu Local Council Group 02,Saitu Demo Village 006,981,226,202,158,153,96.84,146,61,41.78,184,177,96.20,166,80,48.19,23,11.39,99.0,37.78,99.0,48.19,25.177343,93.944786,2025-03-31
MAN-KPI-03-007,Manipur,Kangpokpi,Saitu,Saitu Local Council Group 02,Saitu Demo Village 007,1918,417,265,258,214,82.95,230,170,73.91,245,172,70.20,201,147,73.13,13,4.91,70.2,71.91,87.95,74.13,25.256208,94.033898,2025-03-31
MAN-KPI-03-008,Manipur,Kangpokpi,Saitu,Saitu Local Council Group 02,Saitu Demo Village 008,2347,629,562,497,303,60.97,407,256,62.90,443,301,67.95,464,306,65.95,40,7.12,64.95,58.9,54.97,61.95,25.210442,94.081377,2025-03-31
MAN-KPI-03-009,Manipur,Kangpokpi,Saitu,Saitu Local Council Group 02,Saitu Demo Village 009,1518,254,235,213,158,74.18,210,189,90.00,199,161,80.90,174,160,91.95,35,14.89,74.9,94.0,70.18,86.95,25.089729,94.073887,2025-03-31
MAN-KPI-03-010,Manipur,Kangpokpi,Saitu,Saitu Local Council Group 02,Saitu Demo Village 010,450,76,60,60,56,93.33,55,47,85.45,51,49,96.08,50,44,88.00,5,8.33,92.08,81.45,90.33,83.0,25.211645,93.907252,2025-03-31
MAN-KPI-03-011,Manipur,Kangpokpi,Saitu,Saitu Local Council Group 03,Saitu Demo Village 011,3366,778,772,569,410,72.06,651,488,74.96,678,305,44.99,604,441,73.01,136,17.62,45.99,77.96,78.06,79.01,25.058718,93.999232,2025-03-31
MAN-KPI-03-012,Manipur,Kangpokpi,Saitu,Saitu Local Council Group 03,Saitu Demo Village 012,3422,655,527,474,365,77.00,409,139,33.99,461,323,70.07,514,396,77.04,99,18.79,73.07,29.99,73.0,83.04,25.046947,94.098402,2025-03-31
MAN-KPI-03-013,Manipur,Kangpokpi,Saitu,Saitu Local Council Group 03,Saitu Demo Village 013,4483,742,694,688,248,36.05,502,407,81.08,670,596,88.96,582,425,73.02,37,5.33,86.96,79.08,40.05,75.02,25.060691,93.883145,2025-03-31
MAN-KPI-03-014,Manipur,Kangpokpi,Saitu,Saitu Local Council Group 03,Saitu Demo Village 014,981,227,160,143,106,74.13,154,116,75.32,121,85,70.25,137,58,42.34,18,11.25,72.25,72.32,70.13,43.34,25.13853,93.998013,2025-03-31
MAN-KPI-03-015,Manipur,Kangpokpi,Saitu,Saitu Local Council Group 03,Saitu Demo Village 015,2828,757,542,542,211,38.93,403,230,57.07,400,152,38.00,419,205,48.93,100,18.45,38.0,55.07,33.93,50.93,25.18821,93.964453,2025-03-31
MAN-KPI-03-016,Manipur,Kangpokpi,Saitu,Saitu Local Council Group 04,Saitu Demo Village 016,1283,270,225,168,148,88.10,178,142,79.78,195,142,72.82,221,179,81.00,87,38.67,71.82,82.78,86.1,76.0,25.07572,94.067296,2025-03-31
MAN-KPI-03-017,Manipur,Kangpokpi,Saitu,Saitu Local Council Group 04,Saitu Demo Village 017,1179,218,218,175,105,60.00,158,123,77.85,187,129,68.98,162,104,64.20,31,14.22,94.98,99.0,80.0,89.2,25.117492,93.919925,2025-03-31
MAN-KPI-03-018,Manipur,Kangpokpi,Saitu,Saitu Local Council Group 04,Saitu Demo Village 018,2057,345,244,201,195,97.01,187,80,42.78,233,196,84.12,217,74,34.10,39,15.98,83.12,46.78,95.01,31.1,25.20612,94.089328,2025-03-31
MAN-KPI-03-019,Manipur,Kangpokpi,Saitu,Saitu Local Council Group 04,Saitu Demo Village 019,3757,728,607,546,464,84.98,537,499,92.92,536,423,78.92,539,377,69.94,78,12.85,84.92,95.92,90.98,73.94,25.221737,93.965221,2025-03-31
MAN-KPI-03-020,Manipur,Kangpokpi,Saitu,Saitu Local Council Group 04,Saitu Demo Village 020,3660,677,627,505,293,58.02,557,340,61.04,495,332,67.07,468,295,63.03,117,18.66,70.07,64.04,62.02,64.03,25.16659,94.039955,2025-03-31
MAN-KPI-03-021,Manipur,Kangpokpi,Saitu,Saitu Local Council Group 05,Saitu Demo Village 021,2496,410,370,345,290,84.06,317,225,70.98,363,290,79.89,271,206,76.01,22,5.95,80.89,66.98,88.06,78.01,25.044987,94.094641,2025-03-31
MAN-KPI-03-022,Manipur,Kangpokpi,Saitu,Saitu Local Council Group 05,Saitu Demo Village 022,2503,625,527,513,457,89.08,489,430,87.93,479,465,97.08,521,505,96.93,63,11.95,96.08,86.93,88.08,93.93,25.191299,94.017997,2025-03-31
MAN-KPI-03-023,Manipur,Kangpokpi,Saitu,Saitu Local Council Group 05,Saitu Demo Village 023,950,235,149,144,121,84.03,134,106,79.10,147,72,48.98,142,124,87.32,8,5.37,50.98,75.1,82.03,83.32,25.162474,94.081544,2025-03-31
MAN-KPI-03-024,Manipur,Kangpokpi,Saitu,Saitu Local Council Group 05,Saitu Demo Village 024,3022,542,537,413,314,76.03,390,160,41.03,388,318,81.96,391,297,75.96,58,10.80,85.96,39.03,80.03,77.96,25.207229,94.00377,2025-03-31
MAN-KPI-03-025,Manipur,Kangpokpi,Saitu,Saitu Local Council Group 05,Saitu Demo Village 025,2631,674,550,423,195,46.10,401,353,88.03,478,387,80.96,515,443,86.02,58,10.55,78.96,82.03,41.1,80.02,25.057173,93.875088,2025-03-31
MAN-KPI-03-026,Manipur,Kangpokpi,Saitu,Saitu Local Council Group 06,Saitu Demo Village 026,1938,423,383,305,226,74.10,325,292,89.85,283,258,91.17,353,106,30.03,60,15.67,88.17,85.85,73.1,35.03,25.173579,94.098137,2025-03-31
MAN-KPI-03-027,Manipur,Kangpokpi,Saitu,Saitu Local Council Group 06,Saitu Demo Village 027,731,140,89,72,37,51.39,65,31,47.69,89,39,43.82,86,47,54.65,28,31.46,47.82,48.69,48.39,60.65,25.236212,94.013597,2025-03-31
MAN-KPI-03-028,Manipur,Kangpokpi,Saitu,Saitu Local Council Group 06,Saitu Demo Village 028,3994,762,757,604,501,82.95,573,470,82.02,598,431,72.07,739,672,90.93,236,31.18,66.07,80.02,83.95,95.93,25.133423,94.042522,2025-03-31
MAN-KPI-03-029,Manipur,Kangpokpi,Saitu,Saitu Local Council Group 06,Saitu Demo Village 029,458,97,95,71,49,69.01,68,45,66.18,91,73,80.22,81,66,81.48,1,1.05,99.0,80.18,97.01,99.0,25.151491,94.09669,2025-03-31
MAN-KPI-03-030,Manipur,Kangpokpi,Saitu,Saitu Local Council Group 06,Saitu Demo Village 030,3816,780,638,625,581,92.96,583,198,33.96,627,583,92.98,545,251,46.06,70,10.97,91.98,27.96,86.96,46.06,25.116561,93.949405,2025-03-31
MAN-KPI-03-031,Manipur,Kangpokpi,Saitu,Saitu Local Council Group 07,Saitu Demo Village 031,1020,247,181,174,130,74.71,135,111,82.22,173,156,90.17,180,135,75.00,24,13.26,87.17,88.22,77.71,69.0,25.161814,93.917739,2025-03-31
MAN-KPI-04-001,Manipur,Kangpokpi,Kangchup Geljang,Kangchup Geljang Local Council Group 01,Kangchup Geljang Demo Village 001,2709,510,421,362,192,53.04,387,224,57.88,370,278,75.14,352,197,55.97,78,18.53,78.14,62.88,48.04,53.97,25.198354,93.883848,2025-03-31
MAN-KPI-04-002,Manipur,Kangpokpi,Kangchup Geljang,Kangchup Geljang Local Council Group 01,Kangchup Geljang Demo Village 002,1578,276,222,208,171,82.21,209,176,84.21,213,153,71.83,176,153,86.93,17,7.66,75.83,84.21,84.21,89.93,25.170735,93.986359,2025-03-31
MAN-KPI-04-003,Manipur,Kangpokpi,Kangchup Geljang,Kangchup Geljang Local Council Group 01,Kangchup Geljang Demo Village 003,245,44,28,21,19,90.48,28,27,96.43,21,18,85.71,24,21,87.50,3,10.71,83.71,93.43,90.48,85.5,25.21975,94.027893,2025-03-31
MAN-KPI-04-004,Manipur,Kangpokpi,Kangchup Geljang,Kangchup Geljang Local Council Group 01,Kangchup Geljang Demo Village 004,3002,653,611,518,420,81.08,495,366,73.94,589,271,46.01,557,473,84.92,71,11.62,47.01,69.94,83.08,84.92,25.044235,94.109533,2025-03-31
MAN-KPI-04-005,Manipur,Kangpokpi,Kangchup Geljang,Kangchup Geljang Local Council Group 01,Kangchup Geljang Demo Village 005,2650,708,507,502,376,74.90,491,152,30.96,477,415,87.00,498,354,71.08,69,13.61,86.0,35.96,78.9,69.08,25.081938,93.966368,2025-03-31
MAN-KPI-04-006,Manipur,Kangpokpi,Kangchup Geljang,Kangchup Geljang Local Council Group 02,Kangchup Geljang Demo Village 006,3655,619,489,478,139,29.08,401,325,81.05,357,314,87.96,465,400,86.02,16,3.27,93.96,84.05,30.08,83.02,25.214283,93.967304,2025-03-31
MAN-KPI-04-007,Manipur,Kangpokpi,Kangchup Geljang,Kangchup Geljang Local Council Group 02,Kangchup Geljang Demo Village 007,2133,429,317,302,248,82.12,278,222,79.86,271,233,85.98,245,120,48.98,10,3.15,80.98,80.86,84.12,54.98,25.070994,94.08823,2025-03-31
MAN-KPI-04-008,Manipur,Kangpokpi,Kangchup Geljang,Kangchup Geljang Local Council Group 02,Kangchup Geljang Demo Village 008,623,111,77,75,32,42.67,59,22,37.29,68,24,35.29,70,21,30.00,20,25.97,38.29,35.29,40.67,31.0,25.190793,94.050249,2025-03-31
MAN-KPI-04-009,Manipur,Kangpokpi,Kangchup Geljang,Kangchup Geljang Local Council Group 02,Kangchup Geljang Demo Village 009,3794,764,501,391,325,83.12,487,414,85.01,385,273,70.91,475,347,73.05,155,30.94,65.91,80.01,84.12,79.05,25.186848,94.039247,2025-03-31
MAN-KPI-04-010,Manipur,Kangpokpi,Kangchup Geljang,Kangchup Geljang Local Council Group 02,Kangchup Geljang Demo Village 010,656,138,128,111,77,69.37,102,67,65.69,121,98,80.99,96,78,81.25,20,15.63,99.0,80.69,91.37,99.0,25.172056,93.881185,2025-03-31
MAN-KPI-04-011,Manipur,Kangpokpi,Kangchup Geljang,Kangchup Geljang Local Council Group 03,Kangchup Geljang Demo Village 011,3289,738,479,372,357,95.97,467,191,40.90,464,418,90.09,476,209,43.91,5,1.04,94.09,36.9,93.97,37.91,25.170837,94.041574,2025-03-31
MAN-KPI-04-012,Manipur,Kangpokpi,Kangchup Geljang,Kangchup Geljang Local Council Group 03,Kangchup Geljang Demo Village 012,2176,531,476,352,260,73.86,363,280,77.13,360,331,91.94,414,368,88.89,35,7.35,89.94,82.13,75.86,89.89,25.158101,93.893149,2025-03-31
MAN-KPI-04-013,Manipur,Kangpokpi,Kangchup Geljang,Kangchup Geljang Local Council Group 03,Kangchup Geljang Demo Village 013,3460,744,512,489,259,52.97,492,300,60.98,503,332,66.00,437,306,70.02,52,10.16,66.0,66.98,48.97,74.02,25.13775,94.051819,2025-03-31
MAN-KPI-04-014,Manipur,Kangpokpi,Kangchup Geljang,Kangchup Geljang Local Council Group 03,Kangchup Geljang Demo Village 014,3242,563,502,482,376,78.01,467,350,74.95,427,346,81.03,365,270,73.97,7,1.39,86.03,74.95,82.01,70.97,25.117493,93.918514,2025-03-31
MAN-KPI-04-015,Manipur,Kangpokpi,Kangchup Geljang,Kangchup Geljang Local Council Group 03,Kangchup Geljang Demo Village 015,1055,174,122,116,108,93.10,115,107,93.04,106,95,89.62,95,86,90.53,12,9.84,85.62,89.04,90.1,87.53,25.214106,93.901376,2025-03-31
MAN-KPI-04-016,Manipur,Kangpokpi,Kangchup Geljang,Kangchup Geljang Local Council Group 04,Kangchup Geljang Demo Village 016,1329,292,209,174,136,78.16,171,120,70.18,175,52,29.71,197,148,75.13,13,6.22,25.71,69.18,82.16,72.13,25.125885,93.885462,2025-03-31
MAN-KPI-04-017,Manipur,Kangpokpi,Kangchup Geljang,Kangchup Geljang Local Council Group 04,Kangchup Geljang Demo Village 017,388,66,56,52,38,73.08,48,20,41.67,44,33,75.00,42,38,90.48,4,7.14,76.0,47.67,73.08,94.48,25.199586,93.965224,2025-03-31
MAN-KPI-04-018,Manipur,Kangpokpi,Kangchup Geljang,Kangchup Geljang Local Council Group 04,Kangchup Geljang Demo Village 018,2798,641,577,469,141,30.06,560,504,90.00,473,341,72.09,558,446,79.93,43,7.45,70.09,90.0,32.06,85.93,25.055174,94.094902,2025-03-31
MAN-KPI-04-019,Manipur,Kangpokpi,Kangchup Geljang,Kangchup Geljang Local Council Group 04,Kangchup Geljang Demo Village 019,2023,394,348,302,263,87.09,288,216,75.00,294,250,85.03,303,152,50.17,27,7.76,89.03,72.0,82.09,56.17,25.116654,93.906569,2025-03-31
MAN-KPI-04-020,Manipur,Kangpokpi,Kangchup Geljang,Kangchup Geljang Local Council Group 04,Kangchup Geljang Demo Village 020,1757,352,321,304,170,55.92,261,91,34.87,293,155,52.90,295,159,53.90,97,30.22,58.9,34.87,57.92,49.9,25.207096,94.102695,2025-03-31
MAN-KPI-04-021,Manipur,Kangpokpi,Kangchup Geljang,Kangchup Geljang Local Council Group 05,Kangchup Geljang Demo Village 021,971,200,154,127,89,70.08,115,84,73.04,141,116,82.27,111,85,76.58,52,33.77,82.27,69.04,70.08,76.58,25.231189,94.02794,2025-03-31
MAN-KPI-04-022,Manipur,Kangpokpi,Kangchup Geljang,Kangchup Geljang Local Council Group 05,Kangchup Geljang Demo Village 022,2932,574,549,540,383,70.93,538,382,71.00,467,388,83.08,432,359,83.10,71,12.93,99.0,99.0,93.93,99.0,25.127129,93.978996,2025-03-31
MAN-KPI-04-023,Manipur,Kangpokpi,Kangchup Geljang,Kangchup Geljang Local Council Group 05,Kangchup Geljang Demo Village 023,415,83,71,57,52,91.23,59,18,30.51,57,54,94.74,67,34,50.75,11,15.49,95.74,36.51,94.23,55.75,25.197803,93.878231,2025-03-31
MAN-KPI-04-024,Manipur,Kangpokpi,Kangchup Geljang,Kangchup Geljang Local Council Group 05,Kangchup Geljang Demo Village 024,3705,751,518,439,329,74.94,506,385,76.09,376,271,72.07,459,427,93.03,79,15.25,67.07,71.09,73.94,90.03,25.192055,93.93808,2025-03-31
MAN-KPI-04-025,Manipur,Kangpokpi,Kangchup Geljang,Kangchup Geljang Local Council Group 05,Kangchup Geljang Demo Village 025,2490,626,522,517,243,47.00,381,282,74.02,438,237,54.11,465,260,55.91,53,10.15,57.11,79.02,50.0,52.91,25.129869,93.906345,2025-03-31
MAN-KPI-04-026,Manipur,Kangpokpi,Kangchup Geljang,Kangchup Geljang Local Council Group 06,Kangchup Geljang Demo Village 026,1669,326,227,188,141,75.00,167,127,76.05,200,174,87.00,188,171,90.96,5,2.20,91.0,79.05,76.0,88.96,25.157824,94.046912,2025-03-31
MAN-KPI-04-027,Manipur,Kangpokpi,Kangchup Geljang,Kangchup Geljang Local Council Group 06,Kangchup Geljang Demo Village 027,920,175,153,151,128,84.77,116,95,81.90,128,111,86.72,147,134,91.16,5,3.27,83.72,76.9,82.77,89.16,25.249487,93.910073,2025-03-31
MAN-KPI-04-028,Manipur,Kangpokpi,Kangchup Geljang,Kangchup Geljang Local Council Group 06,Kangchup Geljang Demo Village 028,3555,755,543,464,325,70.04,499,454,90.98,434,208,47.93,452,380,84.07,46,8.47,49.93,86.98,73.04,89.07,25.222691,94.014332,2025-03-31
MAN-KPI-04-029,Manipur,Kangpokpi,Kangchup Geljang,Kangchup Geljang Local Council Group 06,Kangchup Geljang Demo Village 029,886,181,134,110,80,72.73,134,48,35.82,134,109,81.34,108,79,73.15,16,11.94,80.34,41.82,75.73,79.15,25.045661,93.91014,2025-03-31
MAN-KPI-04-030,Manipur,Kangpokpi,Kangchup Geljang,Kangchup Geljang Local Council Group 06,Kangchup Geljang Demo Village 030,1321,273,199,150,57,38.00,162,122,75.31,174,146,83.91,150,129,86.00,22,11.06,77.91,79.31,42.0,86.0,25.163586,94.09252,2025-03-31
MAN-KPI-04-031,Manipur,Kangpokpi,Kangchup Geljang,Kangchup Geljang Local Council Group 07,Kangchup Geljang Demo Village 031,231,60,52,50,46,92.00,40,30,75.00,51,46,90.20,49,19,38.78,4,7.69,93.2,74.0,91.0,43.78,25.107758,94.057354,2025-03-31
MAN-NON-01-001,Manipur,Noney,Nungba,Nungba Local Council Group 01,Nungba Demo Village 001,2674,626,416,332,139,41.87,416,370,88.94,381,271,71.13,352,299,84.94,80,19.23,73.13,88.94,37.87,88.94,24.800071,93.616392,2025-03-31
MAN-NON-01-002,Manipur,Noney,Nungba,Nungba Local Council Group 01,Nungba Demo Village 002,4119,726,664,531,393,74.01,615,461,74.96,637,541,84.93,662,192,29.00,70,10.54,81.93,68.96,78.01,25.0,24.715957,93.519105,2025-03-31
MAN-NON-01-003,Manipur,Noney,Nungba,Nungba Local Council Group 01,Nungba Demo Village 003,806,212,165,158,60,37.97,120,37,30.83,141,73,51.77,119,39,32.77,31,18.79,47.77,35.83,39.97,27.77,24.81656,93.564928,2025-03-31
MAN-NON-01-004,Manipur,Noney,Nungba,Nungba Local Council Group 01,Nungba Demo Village 004,2449,489,320,305,217,71.15,276,210,76.09,294,268,91.16,235,164,69.79,108,33.75,92.16,73.09,76.15,73.79,24.842902,93.513255,2025-03-31
MAN-NON-01-005,Manipur,Noney,Nungba,Nungba Local Council Group 01,Nungba Demo Village 005,2880,757,625,464,283,60.99,513,416,81.09,624,443,70.99,541,400,73.94,89,14.24,89.99,99.0,78.99,91.94,24.851618,93.646192,2025-03-31
MAN-NON-01-006,Manipur,Noney,Nungba,Nungba Local Council Group 02,Nungba Demo Village 006,3537,671,616,580,516,88.97,538,194,36.06,529,513,96.98,552,259,46.92,19,3.08,94.98,30.06,89.97,47.92,24.718104,93.648032,2025-03-31
MAN-NON-01-007,Manipur,Noney,Nungba,Nungba Local Council Group 02,Nungba Demo Village 007,543,134,134,104,77,74.04,111,98,88.29,108,91,84.26,113,102,90.27,14,10.45,90.26,82.29,76.04,93.27,24.814403,93.68867,2025-03-31
MAN-NON-01-008,Manipur,Noney,Nungba,Nungba Local Council Group 02,Nungba Demo Village 008,4276,725,573,565,373,66.02,558,418,74.91,542,417,76.94,423,254,60.05,19,3.32,78.94,80.91,67.02,55.05,24.790946,93.522225,2025-03-31
MAN-NON-01-009,Manipur,Noney,Nungba,Nungba Local Council Group 02,Nungba Demo Village 009,3137,574,444,405,336,82.96,439,316,71.98,393,326,82.95,359,276,76.88,45,10.14,84.95,74.98,81.96,78.88,24.755756,93.680825,2025-03-31
MAN-NON-01-010,Manipur,Noney,Nungba,Nungba Local Council Group 02,Nungba Demo Village 010,2674,629,427,341,331,97.07,397,330,83.12,356,303,85.11,357,343,96.08,42,9.84,81.11,80.12,93.07,91.08,24.840083,93.523045,2025-03-31
MAN-NON-01-011,Manipur,Noney,Nungba,Nungba Local Council Group 03,Nungba Demo Village 011,2610,687,578,544,484,88.97,576,513,89.06,571,257,45.01,563,507,90.05,57,9.86,48.01,94.06,86.97,84.05,24.799411,93.509531,2025-03-31
MAN-NON-01-012,Manipur,Noney,Nungba,Nungba Local Council Group 03,Nungba Demo Village 012,534,140,131,131,117,89.31,111,37,33.33,131,114,87.02,101,74,73.27,3,2.29,88.02,29.33,88.31,73.27,24.763161,93.528431,2025-03-31
MAN-NON-01-013,Manipur,Noney,Nungba,Nungba Local Council Group 03,Nungba Demo Village 013,1874,383,255,252,91,36.11,224,193,86.16,249,197,79.12,228,196,85.96,47,18.43,77.12,85.16,38.11,87.96,24.686468,93.51903,2025-03-31
MAN-NON-01-014,Manipur,Noney,Nungba,Nungba Local Council Group 03,Nungba Demo Village 014,1299,221,139,111,88,79.28,127,91,71.65,119,93,78.15,135,66,48.89,17,12.23,74.15,65.65,82.28,43.89,24.741147,93.668413,2025-03-31
MAN-NON-01-015,Manipur,Noney,Nungba,Nungba Local Council Group 03,Nungba Demo Village 015,2264,477,460,377,200,53.05,421,202,47.98,368,144,39.13,372,175,47.04,90,19.57,39.13,51.98,53.05,45.04,24.692644,93.531568,2025-03-31
MAN-NON-01-016,Manipur,Noney,Nungba,Nungba Local Council Group 04,Nungba Demo Village 016,2109,400,254,225,198,88.00,219,155,70.78,184,144,78.26,222,175,78.83,102,40.16,72.26,64.78,91.0,81.83,24.823373,93.641764,2025-03-31
MAN-NON-01-017,Manipur,Noney,Nungba,Nungba Local Council Group 04,Nungba Demo Village 017,864,188,177,153,92,60.13,174,127,72.99,159,97,61.01,143,92,64.34,10,5.65,79.01,93.99,75.13,88.34,24.711561,93.54105,2025-03-31
MAN-NON-01-018,Manipur,Noney,Nungba,Nungba Local Council Group 04,Nungba Demo Village 018,2727,660,579,535,482,90.09,423,195,46.10,500,445,89.00,429,206,48.02,65,11.23,83.0,51.1,86.09,54.02,24.864763,93.625678,2025-03-31
MAN-NON-01-019,Manipur,Noney,Nungba,Nungba Local Council Group 04,Nungba Demo Village 019,459,114,77,73,52,71.23,55,48,87.27,74,57,77.03,62,58,93.55,14,18.18,75.03,81.27,71.23,91.55,24.795028,93.520181,2025-03-31
MAN-NON-01-020,Manipur,Noney,Nungba,Nungba Local Council Group 04,Nungba Demo Village 020,1279,301,255,197,124,62.94,204,137,67.16,254,150,59.06,184,129,70.11,43,16.86,60.06,71.16,59.94,73.11,24.840613,93.452884,2025-03-31
MAN-NON-01-021,Manipur,Noney,Nungba,Nungba Local Council Group 05,Nungba Demo Village 021,3929,723,581,427,376,88.06,549,434,79.05,551,463,84.03,551,386,70.05,8,1.38,81.03,76.05,93.06,73.05,24.691953,93.597933,2025-03-31
MAN-NON-01-022,Manipur,Noney,Nungba,Nungba Local Council Group 05,Nungba Demo Village 022,698,186,168,121,108,89.26,155,150,96.77,134,118,88.06,147,143,97.28,2,1.19,88.06,93.77,86.26,94.28,24.877473,93.5544,2025-03-31
MAN-NON-01-023,Manipur,Noney,Nungba,Nungba Local Council Group 05,Nungba Demo Village 023,4192,702,593,455,391,85.93,536,375,69.96,462,180,38.96,535,417,77.94,7,1.18,32.96,73.96,86.93,73.94,24.687988,93.650605,2025-03-31
MAN-NON-01-024,Manipur,Noney,Nungba,Nungba Local Council Group 05,Nungba Demo Village 024,2322,456,403,290,209,72.07,369,107,29.00,388,287,73.97,305,220,72.13,20,4.96,73.97,25.0,72.07,71.13,24.729533,93.622435,2025-03-31
MAN-NON-01-025,Manipur,Noney,Nungba,Nungba Local Council Group 05,Nungba Demo Village 025,1061,177,118,113,51,45.13,94,78,82.98,105,85,80.95,85,70,82.35,6,5.08,80.95,88.98,50.13,76.35,24.704157,93.557258,2025-03-31
MAN-NON-01-026,Manipur,Noney,Nungba,Nungba Local Council Group 06,Nungba Demo Village 026,4080,770,556,440,317,72.05,413,355,85.96,415,374,90.12,485,233,48.04,98,17.63,86.12,79.96,71.05,44.04,24.835517,93.629163,2025-03-31
MAN-NON-01-027,Manipur,Noney,Nungba,Nungba Local Council Group 06,Nungba Demo Village 027,2770,495,315,231,99,42.86,296,104,35.14,251,128,51.00,263,113,42.97,98,31.11,54.0,31.14,46.86,45.97,24.838119,93.605932,2025-03-31
MAN-NON-01-028,Manipur,Noney,Nungba,Nungba Local Council Group 06,Nungba Demo Village 028,555,129,97,86,67,77.91,70,52,74.29,78,59,75.64,94,85,90.43,34,35.05,80.64,68.29,79.91,96.43,24.764282,93.473352,2025-03-31
MAN-NON-01-029,Manipur,Noney,Nungba,Nungba Local Council Group 06,Nungba Demo Village 029,1787,381,247,234,154,65.81,204,141,69.12,187,137,73.26,232,142,61.21,43,17.41,98.26,96.12,91.81,85.21,24.670779,93.535489,2025-03-31
MAN-NON-01-030,Manipur,Noney,Nungba,Nungba Local Council Group 06,Nungba Demo Village 030,2109,435,341,315,290,92.06,286,97,33.92,288,268,93.06,280,120,42.86,32,9.38,97.06,34.92,87.06,38.86,24.682941,93.580125,2025-03-31
MAN-NON-01-031,Manipur,Noney,Nungba,Nungba Local Council Group 07,Nungba Demo Village 031,1599,430,327,296,272,91.89,303,209,68.98,281,247,87.90,270,246,91.11,61,18.65,86.9,66.98,90.89,91.11,24.887797,93.566151,2025-03-31
MAN-NON-01-032,Manipur,Noney,Nungba,Nungba Local Council Group 07,Nungba Demo Village 032,3383,609,553,519,332,63.97,408,245,60.05,418,226,54.07,440,229,52.05,24,4.34,49.07,56.05,62.97,56.05,24.830294,93.615219,2025-03-31
MAN-NON-01-033,Manipur,Noney,Nungba,Nungba Local Council Group 07,Nungba Demo Village 033,1835,312,262,241,171,70.95,227,161,70.93,205,156,76.10,227,179,78.85,34,12.98,81.1,67.93,74.95,76.85,24.690949,93.481417,2025-03-31
MAN-NON-01-034,Manipur,Noney,Nungba,Nungba Local Council Group 07,Nungba Demo Village 034,2538,439,384,304,286,94.08,291,242,83.16,276,268,97.10,322,312,96.89,10,2.60,96.1,79.16,90.08,94.89,24.776426,93.656322,2025-03-31
MAN-NON-01-035,Manipur,Noney,Nungba,Nungba Local Council Group 07,Nungba Demo Village 035,1566,264,185,162,126,77.78,171,139,81.29,142,41,28.87,168,129,76.79,32,17.30,28.87,79.29,79.78,81.79,24.849415,93.611652,2025-03-31
MAN-NON-01-036,Manipur,Noney,Nungba,Nungba Local Council Group 08,Nungba Demo Village 036,1706,316,267,243,175,72.02,222,95,42.79,211,175,82.94,260,187,71.92,39,14.61,76.94,38.79,73.02,70.92,24.8159,93.568466,2025-03-31
MAN-NON-01-037,Manipur,Noney,Nungba,Nungba Local Council Group 08,Nungba Demo Village 037,2840,691,680,563,253,44.94,664,471,70.93,504,368,73.02,569,404,71.00,107,15.74,71.02,74.93,44.94,66.0,24.870739,93.543335,2025-03-31
MAN-NON-01-038,Manipur,Noney,Nungba,Nungba Local Council Group 08,Nungba Demo Village 038,649,150,139,110,89,80.91,110,78,70.91,107,89,83.18,134,40,29.85,16,11.51,86.18,66.91,80.91,27.85,24.875991,93.478341,2025-03-31
MAN-NON-01-039,Manipur,Noney,Nungba,Nungba Local Council Group 08,Nungba Demo Village 039,1666,351,302,292,140,47.95,264,116,43.94,261,97,37.16,273,136,49.82,74,24.50,32.16,43.94,43.95,54.82,24.851642,93.59413,2025-03-31
MAN-NON-01-040,Manipur,Noney,Nungba,Nungba Local Council Group 08,Nungba Demo Village 040,2813,704,558,548,427,77.92,531,462,87.01,472,420,88.98,541,438,80.96,187,33.51,94.98,81.01,76.92,85.96,24.74214,93.603512,2025-03-31
MAN-NON-01-041,Manipur,Noney,Nungba,Nungba Local Council Group 09,Nungba Demo Village 041,1750,458,289,282,200,70.92,246,160,65.04,242,196,80.99,263,210,79.85,25,8.65,96.99,88.04,99.0,99.0,24.764159,93.608579,2025-03-31
MAN-NON-01-042,Manipur,Noney,Nungba,Nungba Local Council Group 09,Nungba Demo Village 042,3354,606,534,514,488,94.94,403,189,46.90,415,382,92.05,442,164,37.10,41,7.68,86.05,49.9,88.94,34.1,24.689754,93.676458,2025-03-31
MAN-NON-01-043,Manipur,Noney,Nungba,Nungba Local Council Group 09,Nungba Demo Village 043,700,185,155,123,91,73.98,121,98,80.99,155,138,89.03,155,129,83.23,7,4.52,87.03,83.99,67.98,83.23,24.732083,93.635624,2025-03-31
MAN-NON-01-044,Manipur,Noney,Nungba,Nungba Local Council Group 09,Nungba Demo Village 044,2548,431,405,404,222,54.95,322,206,63.98,370,233,62.97,337,222,65.88,69,17.04,66.97,69.98,55.95,62.88,24.746153,93.640727,2025-03-31
MAN-NON-01-045,Manipur,Noney,Nungba,Nungba Local Council Group 09,Nungba Demo Village 045,3296,675,554,460,345,75.00,404,364,90.10,455,350,76.92,420,290,69.05,45,8.12,74.92,91.1,72.0,71.05,24.87689,93.642117,2025-03-31
MAN-NON-01-046,Manipur,Noney,Nungba,Nungba Local Council Group 10,Nungba Demo Village 046,1176,252,191,158,133,84.18,138,113,81.88,190,160,84.21,155,149,96.13,14,7.33,84.21,81.88,82.18,91.13,24.733755,93.551297,2025-03-31
MAN-NON-01-047,Manipur,Noney,Nungba,Nungba Local Council Group 10,Nungba Demo Village 047,2337,432,350,274,238,86.86,253,180,71.15,275,91,33.09,294,212,72.11,41,11.71,30.09,69.15,92.86,68.11,24.83156,93.56276,2025-03-31
MAN-NON-01-048,Manipur,Noney,Nungba,Nungba Local Council Group 10,Nungba Demo Village 048,2646,536,522,423,300,70.92,399,184,46.12,449,332,73.94,422,346,81.99,50,9.58,73.94,43.12,64.92,75.99,24.809685,93.56207,2025-03-31
MAN-NON-01-049,Manipur,Noney,Nungba,Nungba Local Council Group 10,Nungba Demo Village 049,534,118,77,67,32,47.76,63,57,90.48,59,42,71.19,77,55,71.43,7,9.09,69.19,84.48,43.76,74.43,24.758006,93.572904,2025-03-31
MAN-NON-01-050,Manipur,Noney,Nungba,Nungba Local Council Group 10,Nungba Demo Village 050,1426,337,244,238,190,79.83,205,150,73.17,216,192,88.89,207,99,47.83,17,6.97,88.89,78.17,75.83,48.83,24.879495,93.625752,2025-03-31
MAN-NON-01-051,Manipur,Noney,Nungba,Nungba Local Council Group 11,Nungba Demo Village 051,1323,354,293,270,92,34.07,224,74,33.04,293,126,43.00,215,116,53.95,82,27.99,47.0,38.04,40.07,53.95,24.683581,93.615671,2025-03-31
MAN-NON-01-052,Manipur,Noney,Nungba,Nungba Local Council Group 11,Nungba Demo Village 052,444,79,72,72,52,72.22,63,57,90.48,64,55,85.94,58,46,79.31,30,41.67,86.94,86.48,77.22,74.31,24.684606,93.611151,2025-03-31
MAN-NON-01-053,Manipur,Noney,Nungba,Nungba Local Council Group 11,Nungba Demo Village 053,3061,682,513,371,289,77.90,379,280,73.88,465,381,81.94,470,301,64.04,70,13.65,99.0,95.88,99.0,81.04,24.700336,93.646651,2025-03-31
MAN-NON-01-054,Manipur,Noney,Nungba,Nungba Local Council Group 11,Nungba Demo Village 054,2090,487,424,319,297,93.10,346,163,47.11,322,309,95.96,398,195,48.99,82,19.34,92.96,49.11,97.1,52.99,24.693793,93.603126,2025-03-31
MAN-NON-01-055,Manipur,Noney,Nungba,Nungba Local Council Group 11,Nungba Demo Village 055,555,147,103,74,56,75.68,79,69,87.34,79,66,83.54,92,76,82.61,15,14.56,77.54,89.34,73.68,86.61,24.772172,93.658276,2025-03-31
MAN-NON-01-056,Manipur,Noney,Nungba,Nungba Local Council Group 12,Nungba Demo Village 056,2709,448,296,252,189,75.00,282,130,46.10,291,146,50.17,227,120,52.86,34,11.49,56.17,48.1,79.0,58.86,24.712213,93.56136,2025-03-31
MAN-NON-01-057,Manipur,Noney,Nungba,Nungba Local Council Group 12,Nungba Demo Village 057,520,90,68,58,44,75.86,51,35,68.63,51,39,76.47,61,52,85.25,6,8.82,74.47,73.63,75.86,89.25,24.817097,93.637121,2025-03-31
MAN-NON-01-058,Manipur,Noney,Nungba,Nungba Local Council Group 12,Nungba Demo Village 058,1555,300,229,165,158,95.76,168,143,85.12,224,184,82.14,201,179,89.05,38,16.59,78.14,82.12,93.76,84.05,24.770105,93.677256,2025-03-31
MAN-NON-01-059,Manipur,Noney,Nungba,Nungba Local Council Group 12,Nungba Demo Village 059,2656,461,359,261,206,78.93,310,245,79.03,314,91,28.98,260,192,73.85,25,6.96,32.98,78.03,76.93,74.85,24.67925,93.584741,2025-03-31
MAN-NON-01-060,Manipur,Noney,Nungba,Nungba Local Council Group 12,Nungba Demo Village 060,822,168,145,111,99,89.19,111,49,44.14,122,85,69.67,133,96,72.18,21,14.48,70.67,44.14,86.19,68.18,24.881386,93.547529,2025-03-31
MAN-NON-01-061,Manipur,Noney,Nungba,Nungba Local Council Group 13,Nungba Demo Village 061,1390,231,194,166,63,37.95,185,152,82.16,193,139,72.02,150,124,82.67,27,13.92,71.02,76.16,35.95,77.67,24.868859,93.578829,2025-03-31
MAN-NON-01-062,Manipur,Noney,Nungba,Nungba Local Council Group 13,Nungba Demo Village 062,2124,364,253,235,202,85.96,231,185,80.09,253,185,73.12,252,98,38.89,45,17.79,67.12,86.09,88.96,33.89,24.729341,93.623157,2025-03-31
MAN-NON-01-063,Manipur,Noney,Nungba,Nungba Local Council Group 13,Nungba Demo Village 063,1742,362,326,257,93,36.19,257,131,50.97,260,120,46.15,245,86,35.10,88,26.99,49.15,46.97,36.19,32.1,24.834324,93.662972,2025-03-31
MAN-NON-02-001,Manipur,Noney,Khoupum,Khoupum Local Council Group 01,Khoupum Demo Village 001,1139,270,236,216,168,77.78,224,193,86.16,188,165,87.77,206,181,87.86,82,34.75,87.77,88.16,74.78,89.86,24.815636,93.600083,2025-03-31
MAN-NON-02-002,Manipur,Noney,Khoupum,Khoupum Local Council Group 01,Khoupum Demo Village 002,2742,677,661,550,385,70.00,479,350,73.07,489,342,69.94,487,326,66.94,102,15.43,90.94,95.07,84.0,82.94,24.736911,93.489604,2025-03-31
MAN-NON-02-003,Manipur,Noney,Khoupum,Khoupum Local Council Group 01,Khoupum Demo Village 003,2936,639,583,558,497,89.07,562,242,43.06,568,511,89.96,449,229,51.00,21,3.60,84.96,47.06,95.07,46.0,24.680202,93.450045,2025-03-31
MAN-NON-02-004,Manipur,Noney,Khoupum,Khoupum Local Council Group 01,Khoupum Demo Village 004,1812,373,323,289,237,82.01,266,239,89.85,286,220,76.92,258,232,89.92,27,8.36,82.92,88.85,77.01,83.92,24.756005,93.484678,2025-03-31
MAN-NON-02-005,Manipur,Noney,Khoupum,Khoupum Local Council Group 01,Khoupum Demo Village 005,3508,689,687,557,356,63.91,576,323,56.08,606,400,66.01,620,471,75.97,8,1.16,60.01,52.08,64.91,79.97,24.84055,93.590874,2025-03-31
MAN-NON-02-006,Manipur,Noney,Khoupum,Khoupum Local Council Group 02,Khoupum Demo Village 006,592,152,110,92,67,72.83,91,71,78.02,82,64,78.05,91,64,70.33,19,17.27,82.05,75.02,67.83,76.33,24.68527,93.528152,2025-03-31
MAN-NON-02-007,Manipur,Noney,Khoupum,Khoupum Local Council Group 02,Khoupum Demo Village 007,4255,762,570,498,438,87.95,417,388,93.05,514,488,94.94,547,520,95.06,30,5.26,92.94,93.05,84.95,92.06,24.732289,93.572389,2025-03-31
MAN-NON-02-008,Manipur,Noney,Khoupum,Khoupum Local Council Group 02,Khoupum Demo Village 008,788,131,103,75,62,82.67,101,75,74.26,93,38,40.86,94,75,79.79,8,7.77,35.86,77.26,84.67,82.79,24.745328,93.51475,2025-03-31
MAN-NON-02-009,Manipur,Noney,Khoupum,Khoupum Local Council Group 02,Khoupum Demo Village 009,2380,562,430,398,302,75.88,360,158,43.89,362,275,75.97,325,254,78.15,79,18.37,79.97,43.89,77.88,81.15,24.784227,93.471764,2025-03-31
MAN-NON-02-010,Manipur,Noney,Khoupum,Khoupum Local Council Group 02,Khoupum Demo Village 010,1590,302,210,208,100,48.08,193,160,82.90,156,133,85.26,185,130,70.27,35,16.67,89.26,81.9,52.08,73.27,24.821468,93.473748,2025-03-31
MAN-NON-02-011,Manipur,Noney,Khoupum,Khoupum Local Council Group 03,Khoupum Demo Village 011,1218,273,200,195,164,84.10,164,138,84.15,163,126,77.30,149,54,36.24,14,7.00,78.3,81.15,84.1,42.24,24.883977,93.645082,2025-03-31
MAN-NON-02-012,Manipur,Noney,Khoupum,Khoupum Local Council Group 03,Khoupum Demo Village 012,2674,676,455,377,124,32.89,349,171,49.00,364,153,42.03,406,162,39.90,131,28.79,38.03,48.0,35.89,41.9,24.6973,93.578452,2025-03-31
MAN-NON-02-013,Manipur,Noney,Khoupum,Khoupum Local Council Group 03,Khoupum Demo Village 013,1469,395,303,247,188,76.11,292,242,82.88,272,228,83.82,221,194,87.78,73,24.09,79.82,87.88,71.11,92.78,24.70945,93.615372,2025-03-31
MAN-NON-02-014,Manipur,Noney,Khoupum,Khoupum Local Council Group 03,Khoupum Demo Village 014,1331,238,183,152,94,61.84,171,125,73.10,153,98,64.05,166,136,81.93,36,19.67,81.05,93.1,87.84,99.0,24.87437,93.675119,2025-03-31
MAN-NON-02-015,Manipur,Noney,Khoupum,Khoupum Local Council Group 03,Khoupum Demo Village 015,2989,716,623,508,452,88.98,544,174,31.99,574,488,85.02,564,214,37.94,115,18.46,83.02,37.99,89.98,37.94,24.858104,93.526259,2025-03-31
MAN-NON-02-016,Manipur,Noney,Khoupum,Khoupum Local Council Group 04,Khoupum Demo Village 016,806,183,168,122,105,86.07,157,121,77.07,125,95,76.00,149,127,85.23,31,18.45,79.0,73.07,82.07,87.23,24.743196,93.472983,2025-03-31
MAN-NON-02-017,Manipur,Noney,Khoupum,Khoupum Local Council Group 04,Khoupum Demo Village 017,2932,512,495,408,200,49.02,446,205,45.96,404,299,74.01,466,228,48.93,87,17.58,75.01,48.96,51.02,48.93,24.833959,93.683145,2025-03-31
MAN-NON-02-018,Manipur,Noney,Khoupum,Khoupum Local Council Group 04,Khoupum Demo Village 018,2150,394,304,248,203,81.85,297,244,82.15,247,195,78.95,276,232,84.06,27,8.88,76.95,78.15,87.85,90.06,24.816828,93.47421,2025-03-31
MAN-NON-02-019,Manipur,Noney,Khoupum,Khoupum Local Council Group 04,Khoupum Demo Village 019,690,124,82,67,55,82.09,78,65,83.33,69,61,88.41,66,55,83.33,3,3.66,83.41,80.33,79.09,80.33,24.709472,93.650345,2025-03-31
MAN-NON-02-020,Manipur,Noney,Khoupum,Khoupum Local Council Group 04,Khoupum Demo Village 020,646,130,90,67,53,79.10,73,58,79.45,76,33,43.42,80,72,90.00,9,10.00,41.42,85.45,85.1,90.0,24.888225,93.50358,2025-03-31
MAN-NON-02-021,Manipur,Noney,Khoupum,Khoupum Local Council Group 05,Khoupum Demo Village 021,1535,307,194,166,116,69.88,141,59,41.84,194,138,71.13,159,143,89.94,9,4.64,77.13,41.84,70.88,93.94,24.857927,93.603959,2025-03-31
MAN-NON-02-022,Manipur,Noney,Khoupum,Khoupum Local Council Group 05,Khoupum Demo Village 022,4066,729,461,372,115,30.91,396,285,71.97,363,323,88.98,429,390,90.91,89,19.31,91.98,67.97,36.91,88.91,24.768292,93.478873,2025-03-31
MAN-NON-02-023,Manipur,Noney,Khoupum,Khoupum Local Council Group 05,Khoupum Demo Village 023,1939,487,411,346,287,82.95,372,316,84.95,357,250,70.03,320,131,40.94,56,13.63,64.03,78.95,80.95,38.94,24.750683,93.457342,2025-03-31
MAN-NON-02-024,Manipur,Noney,Khoupum,Khoupum Local Council Group 05,Khoupum Demo Village 024,359,81,58,58,28,48.28,44,24,54.55,52,27,51.92,51,29,56.86,19,32.76,51.92,48.55,43.28,59.86,24.840583,93.491352,2025-03-31
MAN-NON-02-025,Manipur,Noney,Khoupum,Khoupum Local Council Group 05,Khoupum Demo Village 025,2465,418,274,202,170,84.16,204,161,78.92,240,214,89.17,197,171,86.80,73,26.64,87.17,73.92,85.16,92.8,24.733672,93.542094,2025-03-31
MAN-NON-02-026,Manipur,Noney,Khoupum,Khoupum Local Council Group 06,Khoupum Demo Village 026,780,131,87,82,51,62.20,78,48,61.54,73,56,76.71,75,49,65.33,4,4.60,95.71,86.54,78.2,94.33,24.882634,93.504975,2025-03-31
MAN-NON-02-027,Manipur,Noney,Khoupum,Khoupum Local Council Group 06,Khoupum Demo Village 027,3326,646,482,456,438,96.05,414,186,44.93,417,384,92.09,374,157,41.98,24,4.98,95.09,39.93,99.0,37.98,24.839031,93.499259,2025-03-31
MAN-NON-02-028,Manipur,Noney,Khoupum,Khoupum Local Council Group 06,Khoupum Demo Village 028,223,42,35,26,23,88.46,30,22,73.33,26,23,88.46,26,21,80.77,4,11.43,89.46,73.33,92.46,79.77,24.679029,93.564621,2025-03-31
MAN-NON-02-029,Manipur,Noney,Khoupum,Khoupum Local Council Group 06,Khoupum Demo Village 029,2590,471,404,292,146,50.00,300,198,66.00,357,268,75.07,308,151,49.03,72,17.82,75.07,70.0,50.0,48.03,24.738721,93.674036,2025-03-31
MAN-NON-02-030,Manipur,Noney,Khoupum,Khoupum Local Council Group 06,Khoupum Demo Village 030,2066,426,301,288,236,81.94,227,193,85.02,230,214,93.04,251,191,76.10,40,13.29,90.04,80.02,78.94,80.1,24.877649,93.484017,2025-03-31
MAN-NON-02-031,Manipur,Noney,Khoupum,Khoupum Local Council Group 07,Khoupum Demo Village 031,3304,570,544,515,453,87.96,503,453,90.06,485,422,87.01,392,321,81.89,59,10.85,82.01,89.06,84.96,81.89,24.855359,93.625695,2025-03-31
MAN-NON-02-032,Manipur,Noney,Khoupum,Khoupum Local Council Group 07,Khoupum Demo Village 032,1487,329,235,179,127,70.95,229,163,71.18,235,80,34.04,173,137,79.19,39,16.60,30.04,69.18,64.95,83.19,24.69883,93.633068,2025-03-31
MAN-NON-02-033,Manipur,Noney,Khoupum,Khoupum Local Council Group 07,Khoupum Demo Village 033,3455,589,439,343,309,90.09,357,171,47.90,374,288,77.01,345,279,80.87,80,18.22,73.01,51.9,89.09,80.87,24.75736,93.584763,2025-03-31
MAN-NON-02-034,Manipur,Noney,Khoupum,Khoupum Local Council Group 07,Khoupum Demo Village 034,2813,696,496,455,218,47.91,378,325,85.98,362,293,80.94,422,363,86.02,59,11.90,76.94,79.98,51.91,84.02,24.719563,93.660372,2025-03-31
MAN-NON-02-035,Manipur,Noney,Khoupum,Khoupum Local Council Group 07,Khoupum Demo Village 035,957,168,138,102,76,74.51,115,92,80.00,135,103,76.30,107,48,44.86,2,1.45,79.3,78.0,72.51,41.86,24.817851,93.568319,2025-03-31
MAN-NON-02-036,Manipur,Noney,Khoupum,Khoupum Local Council Group 08,Khoupum Demo Village 036,3525,702,551,399,132,33.08,477,200,41.93,526,210,39.92,419,222,52.98,108,19.60,38.92,46.93,39.08,54.98,24.772089,93.539112,2025-03-31
MAN-NON-02-037,Manipur,Noney,Khoupum,Khoupum Local Council Group 08,Khoupum Demo Village 037,1014,173,139,129,95,73.64,139,108,77.70,113,82,72.57,130,88,67.69,37,26.62,66.57,72.7,74.64,63.69,24.876483,93.62655,2025-03-31
MAN-NON-02-038,Manipur,Noney,Khoupum,Khoupum Local Council Group 08,Khoupum Demo Village 038,1328,358,309,256,174,67.97,265,159,60.00,303,191,63.04,300,213,71.00,11,3.56,77.04,78.0,89.97,88.0,24.850302,93.644126,2025-03-31
MAN-NON-02-039,Manipur,Noney,Khoupum,Khoupum Local Council Group 08,Khoupum Demo Village 039,3591,742,577,525,462,88.00,533,219,41.09,525,452,86.10,442,155,35.07,109,18.89,92.1,41.09,87.0,33.07,24.737344,93.463544,2025-03-31
MAN-NON-02-040,Manipur,Noney,Khoupum,Khoupum Local Council Group 08,Khoupum Demo Village 040,818,188,131,125,101,80.80,117,85,72.65,118,97,82.20,113,84,74.34,14,10.69,82.2,71.65,77.8,78.34,24.777237,93.560214,2025-03-31
MAN-NON-02-041,Manipur,Noney,Khoupum,Khoupum Local Council Group 09,Khoupum Demo Village 041,1602,266,177,132,65,49.24,165,84,50.91,174,89,51.15,153,80,52.29,27,15.25,56.15,44.91,51.24,48.29,24.797958,93.599274,2025-03-31
MAN-NON-02-042,Manipur,Noney,Khoupum,Khoupum Local Council Group 09,Khoupum Demo Village 042,2609,536,336,311,274,88.10,294,273,92.86,269,213,79.18,285,239,83.86,41,12.20,82.18,89.86,93.1,81.86,24.749372,93.464605,2025-03-31
MAN-NON-02-043,Manipur,Noney,Khoupum,Khoupum Local Council Group 09,Khoupum Demo Village 043,2443,564,489,403,351,87.10,480,446,92.92,438,359,81.96,464,427,92.03,92,18.81,76.96,88.92,82.1,88.03,24.703981,93.54223,2025-03-31
MAN-NON-02-044,Manipur,Noney,Khoupum,Khoupum Local Council Group 09,Khoupum Demo Village 044,1195,252,239,172,148,86.05,225,184,81.78,179,64,35.75,207,166,80.19,40,16.74,36.75,86.78,88.05,75.19,24.740695,93.485513,2025-03-31
MAN-NON-02-045,Manipur,Noney,Khoupum,Khoupum Local Council Group 09,Khoupum Demo Village 045,823,198,154,130,117,90.00,129,61,47.29,149,112,75.17,142,125,88.03,11,7.14,73.17,45.29,90.0,86.03,24.674448,93.636131,2025-03-31
MAN-NON-02-046,Manipur,Noney,Khoupum,Khoupum Local Council Group 10,Khoupum Demo Village 046,1143,188,182,173,61,35.26,174,139,79.89,163,126,77.30,159,118,74.21,6,3.30,71.3,73.89,32.26,71.21,24.865287,93.501,2025-03-31
MAN-NON-02-047,Manipur,Noney,Khoupum,Khoupum Local Council Group 10,Khoupum Demo Village 047,458,95,77,57,48,84.21,74,67,90.54,75,63,84.00,73,26,35.62,5,6.49,82.0,96.54,84.21,39.62,24.695303,93.599994,2025-03-31
MAN-NON-02-048,Manipur,Noney,Khoupum,Khoupum Local Council Group 10,Khoupum Demo Village 048,1578,290,289,284,156,54.93,246,113,45.93,234,119,50.85,221,91,41.18,57,19.72,49.85,44.93,55.93,40.18,24.714692,93.455049,2025-03-31
MAN-NON-02-049,Manipur,Noney,Khoupum,Khoupum Local Council Group 10,Khoupum Demo Village 049,1341,245,189,183,128,69.95,163,130,79.75,189,136,71.96,166,149,89.76,54,28.57,72.96,85.75,70.95,91.76,24.772676,93.562911,2025-03-31
MAN-NON-02-050,Manipur,Noney,Khoupum,Khoupum Local Council Group 10,Khoupum Demo Village 050,2310,623,482,365,270,73.97,470,329,70.00,352,257,73.01,459,308,67.10,12,2.49,87.01,86.0,89.97,91.1,24.820122,93.495327,2025-03-31
MAN-NON-02-051,Manipur,Noney,Khoupum,Khoupum Local Council Group 11,Khoupum Demo Village 051,1932,333,251,199,191,95.98,212,98,46.23,218,205,94.04,248,99,39.92,38,15.14,93.04,41.23,95.98,45.92,24.831657,93.55776,2025-03-31
MAN-NON-02-052,Manipur,Noney,Khoupum,Khoupum Local Council Group 11,Khoupum Demo Village 052,4083,674,674,486,442,90.95,612,532,86.93,625,519,83.04,645,471,73.02,59,8.75,81.04,83.93,88.95,78.02,24.789637,93.670076,2025-03-31
MAN-NON-02-053,Manipur,Noney,Khoupum,Khoupum Local Council Group 11,Khoupum Demo Village 053,3375,577,568,472,307,65.04,539,410,76.07,502,281,55.98,419,272,64.92,89,15.67,49.98,72.07,65.04,68.92,24.82347,93.49855,2025-03-31
MAN-NON-02-054,Manipur,Noney,Khoupum,Khoupum Local Council Group 11,Khoupum Demo Village 054,1363,331,309,224,155,69.20,258,219,84.88,258,217,84.11,260,224,86.15,56,18.12,89.11,83.88,73.2,82.15,24.739595,93.652883,2025-03-31
MAN-NON-02-055,Manipur,Noney,Khoupum,Khoupum Local Council Group 11,Khoupum Demo Village 055,371,64,53,44,42,95.45,38,33,86.84,43,38,88.37,45,40,88.89,4,7.55,85.37,84.84,91.45,83.89,24.693801,93.45816,2025-03-31
MAN-NON-02-056,Manipur,Noney,Khoupum,Khoupum Local Council Group 12,Khoupum Demo Village 056,3571,625,491,400,312,78.00,402,330,82.09,370,185,50.00,414,294,71.01,87,17.72,53.0,88.09,81.0,76.01,24.796132,93.645217,2025-03-31
MAN-NON-02-057,Manipur,Noney,Khoupum,Khoupum Local Council Group 12,Khoupum Demo Village 057,618,104,96,77,70,90.91,78,25,32.05,85,76,89.41,76,69,90.79,18,18.75,91.41,37.05,93.91,89.79,24.700573,93.631131,2025-03-31
MAN-NON-02-058,Manipur,Noney,Khoupum,Khoupum Local Council Group 12,Khoupum Demo Village 058,2491,531,467,401,136,33.92,369,299,81.03,432,302,69.91,447,398,89.04,55,11.78,70.91,79.03,33.92,87.04,24.71925,93.495181,2025-03-31
MAN-NON-02-059,Manipur,Noney,Khoupum,Khoupum Local Council Group 12,Khoupum Demo Village 059,2820,571,384,313,260,83.07,302,257,85.10,324,275,84.88,349,112,32.09,44,11.46,78.88,86.1,83.07,26.09,24.739537,93.650768,2025-03-31
MAN-NON-02-060,Manipur,Noney,Khoupum,Khoupum Local Council Group 12,Khoupum Demo Village 060,491,108,97,90,32,35.56,73,30,41.10,96,52,54.17,92,42,45.65,28,28.87,54.17,38.1,39.56,47.65,24.797306,93.654469,2025-03-31
MAN-NON-02-061,Manipur,Noney,Khoupum,Khoupum Local Council Group 13,Khoupum Demo Village 061,829,204,133,132,104,78.79,127,114,89.76,121,85,70.25,120,101,84.17,34,25.56,69.25,83.76,83.79,83.17,24.817782,93.645604,2025-03-31
MAN-NON-02-062,Manipur,Noney,Khoupum,Khoupum Local Council Group 13,Khoupum Demo Village 062,2569,592,400,334,240,71.86,350,262,74.86,391,235,60.10,398,243,61.06,11,2.75,76.1,98.86,92.86,89.06,24.685973,93.624857,2025-03-31
MAN-PHE-01-001,Manipur,Pherzawl,Pherzawl,Pherzawl Local Council Group 01,Pherzawl Demo Village 001,2153,491,334,284,193,67.96,261,224,85.82,260,179,68.85,320,227,70.94,123,36.83,73.85,87.82,62.96,74.94,24.302395,93.327616,2025-03-31
MAN-PHE-01-002,Manipur,Pherzawl,Pherzawl,Pherzawl Local Council Group 01,Pherzawl Demo Village 002,4427,726,723,665,439,66.02,584,444,76.03,525,420,80.00,668,534,79.94,57,7.88,99.0,95.03,90.02,99.0,24.208483,93.266676,2025-03-31
MAN-PHE-01-003,Manipur,Pherzawl,Pherzawl,Pherzawl Local Council Group 01,Pherzawl Demo Village 003,490,101,87,78,71,91.03,69,27,39.13,69,59,85.51,76,31,40.79,8,9.20,85.51,36.13,91.03,44.79,24.202935,93.331516,2025-03-31
MAN-PHE-01-004,Manipur,Pherzawl,Pherzawl,Pherzawl Local Council Group 01,Pherzawl Demo Village 004,2874,649,620,518,466,89.96,469,338,72.07,525,467,88.95,607,486,80.07,64,10.32,82.95,70.07,91.96,76.07,24.251556,93.204933,2025-03-31
MAN-PHE-01-005,Manipur,Pherzawl,Pherzawl,Pherzawl Local Council Group 01,Pherzawl Demo Village 005,1030,223,157,156,84,53.85,126,93,73.81,151,92,60.93,120,76,63.33,11,7.01,59.93,78.81,53.85,58.33,24.219138,93.324291,2025-03-31
MAN-PHE-01-006,Manipur,Pherzawl,Pherzawl,Pherzawl Local Council Group 02,Pherzawl Demo Village 006,3711,638,427,333,246,73.87,360,313,86.94,328,276,84.15,312,281,90.06,81,18.97,84.15,83.94,78.87,87.06,24.174459,93.215969,2025-03-31
MAN-PHE-01-007,Manipur,Pherzawl,Pherzawl,Pherzawl Local Council Group 02,Pherzawl Demo Village 007,2196,387,377,342,318,92.98,349,339,97.13,349,290,83.09,365,299,81.92,14,3.71,83.09,94.13,90.98,77.92,24.305206,93.212382,2025-03-31
MAN-PHE-01-008,Manipur,Pherzawl,Pherzawl,Pherzawl Local Council Group 02,Pherzawl Demo Village 008,802,165,123,116,86,74.14,106,81,76.42,103,34,33.01,116,96,82.76,22,17.89,36.01,73.42,76.14,84.76,24.28705,93.144259,2025-03-31
MAN-PHE-01-009,Manipur,Pherzawl,Pherzawl,Pherzawl Local Council Group 02,Pherzawl Demo Village 009,2037,533,335,302,233,77.15,247,104,42.11,321,270,84.11,286,235,82.17,30,8.96,89.11,44.11,76.15,87.17,24.282842,93.123747,2025-03-31
MAN-PHE-01-010,Manipur,Pherzawl,Pherzawl,Pherzawl Local Council Group 02,Pherzawl Demo Village 010,3176,527,468,399,180,45.11,459,386,84.10,464,408,87.93,362,264,72.93,74,15.81,93.93,82.1,43.11,72.93,24.235476,93.263292,2025-03-31
MAN-PHE-01-011,Manipur,Pherzawl,Pherzawl,Pherzawl Local Council Group 03,Pherzawl Demo Village 011,3914,693,683,661,483,73.07,632,461,72.94,635,514,80.94,619,198,31.99,34,4.98,79.94,78.94,76.07,28.99,24.169223,93.296726,2025-03-31
MAN-PHE-01-012,Manipur,Pherzawl,Pherzawl,Pherzawl Local Council Group 03,Pherzawl Demo Village 012,2826,694,444,419,163,38.90,372,208,55.91,424,187,44.10,408,188,46.08,120,27.03,40.1,56.91,35.9,51.08,24.214029,93.292613,2025-03-31
MAN-PHE-01-013,Manipur,Pherzawl,Pherzawl,Pherzawl Local Council Group 03,Pherzawl Demo Village 013,3708,652,562,412,342,83.01,519,446,85.93,437,380,86.96,417,321,76.98,238,42.35,91.96,87.93,87.01,71.98,24.278349,93.317481,2025-03-31
MAN-PHE-01-014,Manipur,Pherzawl,Pherzawl,Pherzawl Local Council Group 03,Pherzawl Demo Village 014,2126,397,376,275,226,82.18,272,218,80.15,312,250,80.13,346,280,80.92,5,1.33,99.0,99.0,99.0,99.0,24.233314,93.166654,2025-03-31
MAN-PHE-01-015,Manipur,Pherzawl,Pherzawl,Pherzawl Local Council Group 03,Pherzawl Demo Village 015,664,140,121,97,94,96.91,119,46,38.66,94,86,91.49,88,29,32.95,21,17.36,94.49,44.66,92.91,33.95,24.145411,93.134509,2025-03-31
MAN-PHE-01-016,Manipur,Pherzawl,Pherzawl,Pherzawl Local Council Group 04,Pherzawl Demo Village 016,2337,532,444,378,268,70.90,368,335,91.03,419,381,90.93,386,320,82.90,75,16.89,86.93,96.03,72.9,86.9,24.160186,93.145308,2025-03-31
MAN-PHE-01-017,Manipur,Pherzawl,Pherzawl,Pherzawl Local Council Group 04,Pherzawl Demo Village 017,1940,447,331,298,173,58.05,331,212,64.05,326,222,68.10,311,180,57.88,27,8.16,64.1,70.05,63.05,51.88,24.193301,93.143753,2025-03-31
MAN-PHE-01-018,Manipur,Pherzawl,Pherzawl,Pherzawl Local Council Group 04,Pherzawl Demo Village 018,2439,544,460,422,316,74.88,399,307,76.94,378,280,74.07,432,359,83.10,35,7.61,73.07,72.94,76.88,80.1,24.195711,93.192053,2025-03-31
MAN-PHE-01-019,Manipur,Pherzawl,Pherzawl,Pherzawl Local Council Group 04,Pherzawl Demo Village 019,3575,660,624,521,427,81.96,607,577,95.06,586,545,93.00,538,452,84.01,70,11.22,93.0,93.06,80.96,80.01,24.248304,93.303492,2025-03-31
MAN-PHE-01-020,Manipur,Pherzawl,Pherzawl,Pherzawl Local Council Group 04,Pherzawl Demo Village 020,3311,771,654,533,400,75.05,642,520,81.00,533,272,51.03,630,529,83.97,75,11.47,55.03,79.0,69.05,82.97,24.197408,93.339125,2025-03-31
MAN-PHE-01-021,Manipur,Pherzawl,Pherzawl,Pherzawl Local Council Group 05,Pherzawl Demo Village 021,568,121,103,86,68,79.07,75,38,50.67,97,78,80.41,91,64,70.33,11,10.68,82.41,47.67,80.07,65.33,24.150284,93.281936,2025-03-31
MAN-PHE-01-022,Manipur,Pherzawl,Pherzawl,Pherzawl Local Council Group 05,Pherzawl Demo Village 022,2928,485,410,358,100,27.93,311,280,90.03,374,340,90.91,302,226,74.83,27,6.59,88.91,90.03,25.93,78.83,24.336531,93.128377,2025-03-31
MAN-PHE-01-023,Manipur,Pherzawl,Pherzawl,Pherzawl Local Council Group 05,Pherzawl Demo Village 023,1635,362,350,255,186,72.94,325,270,83.08,327,281,85.93,271,108,39.85,23,6.57,79.93,77.08,78.94,39.85,24.213938,93.144353,2025-03-31
MAN-PHE-01-024,Manipur,Pherzawl,Pherzawl,Pherzawl Local Council Group 05,Pherzawl Demo Village 024,1093,215,161,118,44,37.29,155,76,49.03,136,54,39.71,123,43,34.96,33,20.50,36.71,53.03,43.29,36.96,24.236469,93.307846,2025-03-31
MAN-PHE-01-025,Manipur,Pherzawl,Pherzawl,Pherzawl Local Council Group 05,Pherzawl Demo Village 025,616,127,101,97,78,80.41,76,65,85.53,88,75,85.23,91,65,71.43,35,34.65,91.23,88.53,75.41,72.43,24.259084,93.292376,2025-03-31
MAN-PHE-01-026,Manipur,Pherzawl,Pherzawl,Pherzawl Local Council Group 06,Pherzawl Demo Village 026,783,148,104,75,51,68.00,93,77,82.80,75,48,64.00,76,51,67.11,8,7.69,87.0,99.0,89.0,86.11,24.30122,93.26205,2025-03-31
MAN-PHE-01-027,Manipur,Pherzawl,Pherzawl,Pherzawl Local Council Group 06,Pherzawl Demo Village 027,1198,256,161,117,104,88.89,117,46,39.32,126,111,88.10,116,52,44.83,26,16.15,93.1,43.32,89.89,50.83,24.306772,93.306472,2025-03-31
MAN-PHE-01-028,Manipur,Pherzawl,Pherzawl,Pherzawl Local Council Group 06,Pherzawl Demo Village 028,2297,470,445,351,274,78.06,343,254,74.05,444,324,72.97,437,411,94.05,78,17.53,72.97,79.05,76.06,94.05,24.210467,93.124636,2025-03-31
MAN-PHE-01-029,Manipur,Pherzawl,Pherzawl,Pherzawl Local Council Group 06,Pherzawl Demo Village 029,2421,611,585,433,216,49.88,549,373,67.94,481,274,56.96,585,275,47.01,106,18.12,51.96,67.94,46.88,47.01,24.188479,93.2595,2025-03-31
MAN-PHE-01-030,Manipur,Pherzawl,Pherzawl,Pherzawl Local Council Group 06,Pherzawl Demo Village 030,1991,407,350,259,179,69.11,263,208,79.09,291,207,71.13,308,290,94.16,7,2.00,65.13,83.09,71.11,96.16,24.272766,93.19196,2025-03-31
MAN-PHE-01-031,Manipur,Pherzawl,Pherzawl,Pherzawl Local Council Group 07,Pherzawl Demo Village 031,3306,677,650,540,475,87.96,634,558,88.01,512,435,84.96,524,435,83.02,28,4.31,80.96,83.01,82.96,79.02,24.220851,93.156131,2025-03-31
MAN-PHE-01-032,Manipur,Pherzawl,Pherzawl,Pherzawl Local Council Group 07,Pherzawl Demo Village 032,449,115,88,76,59,77.63,85,73,85.88,72,24,33.33,70,50,71.43,4,4.55,30.33,83.88,71.63,73.43,24.214618,93.282379,2025-03-31
MAN-PHE-01-033,Manipur,Pherzawl,Pherzawl,Pherzawl Local Council Group 07,Pherzawl Demo Village 033,3019,551,396,372,320,86.02,293,100,34.13,304,219,72.04,382,286,74.87,43,10.86,69.04,28.13,82.02,73.87,24.140085,93.211185,2025-03-31
MAN-PHE-01-034,Manipur,Pherzawl,Pherzawl,Pherzawl Local Council Group 07,Pherzawl Demo Village 034,3517,710,631,535,160,29.91,524,414,79.01,498,354,71.08,500,365,73.00,106,16.80,72.08,78.01,35.91,67.0,24.264122,93.130756,2025-03-31
MAN-PHE-01-035,Manipur,Pherzawl,Pherzawl,Pherzawl Local Council Group 07,Pherzawl Demo Village 035,3106,675,472,466,331,71.03,397,302,76.07,348,299,85.92,342,123,35.96,47,9.96,90.92,76.07,68.03,39.96,24.346185,93.298334,2025-03-31
MAN-PHE-01-036,Manipur,Pherzawl,Pherzawl,Pherzawl Local Council Group 08,Pherzawl Demo Village 036,1476,302,262,215,77,35.81,215,71,33.02,232,111,47.84,197,81,41.12,80,30.53,44.84,29.02,36.81,38.12,24.168014,93.124961,2025-03-31
MAN-PHE-01-037,Manipur,Pherzawl,Pherzawl,Pherzawl Local Council Group 08,Pherzawl Demo Village 037,4129,681,650,641,532,83.00,643,463,72.01,486,350,72.02,523,371,70.94,216,33.23,70.02,68.01,83.0,68.94,24.170062,93.182022,2025-03-31
MAN-PHE-01-038,Manipur,Pherzawl,Pherzawl,Pherzawl Local Council Group 08,Pherzawl Demo Village 038,829,150,132,108,73,67.59,124,102,82.26,107,65,60.75,101,75,74.26,2,1.52,87.75,99.0,91.59,88.26,24.186142,93.335213,2025-03-31
MAN-PHE-01-039,Manipur,Pherzawl,Pherzawl,Pherzawl Local Council Group 08,Pherzawl Demo Village 039,1248,323,297,281,270,96.09,233,72,30.90,290,246,84.83,251,126,50.20,29,9.76,78.83,26.9,99.0,46.2,24.228989,93.236678,2025-03-31
MAN-PHE-01-040,Manipur,Pherzawl,Pherzawl,Pherzawl Local Council Group 08,Pherzawl Demo Village 040,1554,327,286,218,161,73.85,236,189,80.08,213,147,69.01,267,240,89.89,52,18.18,74.01,82.08,70.85,88.89,24.18253,93.220542,2025-03-31
MAN-PHE-01-041,Manipur,Pherzawl,Pherzawl,Pherzawl Local Council Group 09,Pherzawl Demo Village 041,1032,263,210,174,90,51.72,202,93,46.04,166,115,69.28,190,131,68.95,15,7.14,73.28,40.04,51.72,74.95,24.296282,93.156579,2025-03-31
MAN-PHE-01-042,Manipur,Pherzawl,Pherzawl,Pherzawl Local Council Group 09,Pherzawl Demo Village 042,1474,305,208,151,125,82.78,171,161,94.15,201,143,71.14,204,165,80.88,17,8.17,66.14,97.15,86.78,82.88,24.312644,93.201813,2025-03-31
MAN-PHE-01-043,Manipur,Pherzawl,Pherzawl,Pherzawl Local Council Group 09,Pherzawl Demo Village 043,3755,774,624,590,531,90.00,563,495,87.92,465,442,95.05,616,567,92.05,27,4.33,93.05,82.92,86.0,91.05,24.227791,93.158901,2025-03-31
MAN-PHE-01-044,Manipur,Pherzawl,Pherzawl,Pherzawl Local Council Group 09,Pherzawl Demo Village 044,4173,765,687,577,456,79.03,645,464,71.94,664,319,48.04,510,449,88.04,63,9.17,44.04,71.94,78.03,85.04,24.198883,93.149157,2025-03-31
MAN-PHE-01-045,Manipur,Pherzawl,Pherzawl,Pherzawl Local Council Group 09,Pherzawl Demo Village 045,1105,190,137,103,82,79.61,118,48,40.68,118,97,82.20,108,91,84.26,12,8.76,82.2,41.68,85.61,90.26,24.204204,93.273619,2025-03-31
MAN-PHE-01-046,Manipur,Pherzawl,Pherzawl,Pherzawl Local Council Group 10,Pherzawl Demo Village 046,396,84,52,51,23,45.10,48,40,83.33,45,34,75.56,52,40,76.92,5,9.62,77.56,80.33,41.1,72.92,24.35614,93.190128,2025-03-31
MAN-PHE-01-047,Manipur,Pherzawl,Pherzawl,Pherzawl Local Council Group 10,Pherzawl Demo Village 047,3550,669,454,330,290,87.88,408,351,86.03,351,284,80.91,423,195,46.10,86,18.94,86.91,90.03,83.88,45.1,24.201925,93.193371,2025-03-31
MAN-PHE-01-048,Manipur,Pherzawl,Pherzawl,Pherzawl Local Council Group 10,Pherzawl Demo Village 048,2929,529,499,459,216,47.06,451,176,39.02,480,178,37.08,419,197,47.02,102,20.44,34.08,44.02,53.06,47.02,24.27467,93.318125,2025-03-31
MAN-PHE-01-049,Manipur,Pherzawl,Pherzawl,Pherzawl Local Council Group 10,Pherzawl Demo Village 049,3831,669,614,548,427,77.92,467,374,80.09,528,412,78.03,566,441,77.92,220,35.83,74.03,80.09,81.92,82.92,24.344389,93.296242,2025-03-31
MAN-PHE-01-050,Manipur,Pherzawl,Pherzawl,Pherzawl Local Council Group 10,Pherzawl Demo Village 050,361,76,69,50,31,62.00,58,44,75.86,60,44,73.33,51,40,78.43,5,7.25,97.33,91.86,77.0,99.0,24.266248,93.32837,2025-03-31
MAN-PHE-01-051,Manipur,Pherzawl,Pherzawl,Pherzawl Local Council Group 11,Pherzawl Demo Village 051,423,102,83,83,81,97.59,74,26,35.14,69,67,97.10,60,25,41.67,14,16.87,95.1,41.14,99.0,41.67,24.27933,93.17122,2025-03-31
MAN-PHE-01-052,Manipur,Pherzawl,Pherzawl,Pherzawl Local Council Group 11,Pherzawl Demo Village 052,3162,529,372,311,274,88.10,284,241,84.86,355,291,81.97,371,319,85.98,31,8.33,77.97,79.86,85.1,88.98,24.262509,93.271544,2025-03-31
MAN-PHE-01-053,Manipur,Pherzawl,Pherzawl,Pherzawl Local Council Group 11,Pherzawl Demo Village 053,1320,289,202,150,94,62.67,198,141,71.21,190,116,61.05,152,85,55.92,16,7.92,55.05,66.21,56.67,61.92,24.161189,93.336656,2025-03-31
MAN-PHE-01-054,Manipur,Pherzawl,Pherzawl,Pherzawl Local Council Group 11,Pherzawl Demo Village 054,1733,370,236,196,145,73.98,226,212,93.81,174,137,78.74,231,189,81.82,32,13.56,81.74,88.81,68.98,82.82,24.268922,93.267302,2025-03-31
MAN-PHE-01-055,Manipur,Pherzawl,Pherzawl,Pherzawl Local Council Group 11,Pherzawl Demo Village 055,3936,660,633,575,483,84.00,544,528,97.06,589,571,96.94,500,475,95.00,76,12.01,93.94,96.06,82.0,95.0,24.153032,93.336287,2025-03-31
MAN-PHE-01-056,Manipur,Pherzawl,Pherzawl,Pherzawl Local Council Group 12,Pherzawl Demo Village 056,3833,668,440,433,385,88.91,437,350,80.09,406,114,28.08,423,305,72.10,30,6.82,24.08,86.09,83.91,71.1,24.145392,93.171283,2025-03-31
MAN-PHE-01-057,Manipur,Pherzawl,Pherzawl,Pherzawl Local Council Group 12,Pherzawl Demo Village 057,2343,618,494,378,321,84.92,425,183,43.06,399,319,79.95,369,303,82.11,23,4.66,81.95,40.06,81.92,80.11,24.29696,93.286957,2025-03-31
MAN-PHE-01-058,Manipur,Pherzawl,Pherzawl,Pherzawl Local Council Group 12,Pherzawl Demo Village 058,3385,559,429,349,115,32.95,420,332,79.05,330,287,86.97,317,222,70.03,69,16.08,87.97,76.05,38.95,76.03,24.2008,93.276149,2025-03-31
MAN-PHE-01-059,Manipur,Pherzawl,Pherzawl,Pherzawl Local Council Group 12,Pherzawl Demo Village 059,1009,212,142,118,86,72.88,129,116,89.92,136,118,86.76,118,52,44.07,3,2.11,87.76,95.92,67.88,44.07,24.195263,93.311093,2025-03-31
MAN-PHE-01-060,Manipur,Pherzawl,Pherzawl,Pherzawl Local Council Group 12,Pherzawl Demo Village 060,2434,438,395,304,158,51.97,338,172,50.89,329,109,33.13,312,147,47.12,95,24.05,37.13,50.89,46.97,49.12,24.313943,93.3276,2025-03-31
MAN-PHE-01-061,Manipur,Pherzawl,Pherzawl,Pherzawl Local Council Group 13,Pherzawl Demo Village 061,2969,637,483,430,344,80.00,435,352,80.92,369,314,85.09,354,255,72.03,178,36.85,85.09,77.92,79.0,70.03,24.224399,93.210047,2025-03-31
MAN-PHE-01-062,Manipur,Pherzawl,Pherzawl,Pherzawl Local Council Group 13,Pherzawl Demo Village 062,3864,715,655,643,514,79.94,654,471,72.02,472,368,77.97,504,318,63.10,58,8.85,99.0,92.02,99.0,89.1,24.314656,93.119189,2025-03-31
MAN-PHE-01-063,Manipur,Pherzawl,Pherzawl,Pherzawl Local Council Group 13,Pherzawl Demo Village 063,1757,363,322,272,239,87.87,250,80,32.00,282,245,86.88,301,117,38.87,5,1.55,87.88,37.0,86.87,38.87,24.300676,93.220173,2025-03-31
MAN-PHE-02-001,Manipur,Pherzawl,Vangai,Vangai Local Council Group 01,Vangai Demo Village 001,849,198,180,132,116,87.88,171,157,91.81,180,140,77.78,145,125,86.21,14,7.78,83.78,96.81,83.88,81.21,24.344184,93.323286,2025-03-31
MAN-PHE-02-002,Manipur,Pherzawl,Vangai,Vangai Local Council Group 01,Vangai Demo Village 002,3733,622,508,507,365,71.99,398,295,74.12,431,198,45.94,428,201,46.96,45,8.86,47.94,70.12,72.99,48.96,24.18246,93.326298,2025-03-31
MAN-PHE-02-003,Manipur,Pherzawl,Vangai,Vangai Local Council Group 01,Vangai Demo Village 003,1414,308,292,271,209,77.12,262,207,79.01,225,164,72.89,245,194,79.18,20,6.85,78.89,84.01,80.12,78.18,24.153504,93.298967,2025-03-31
MAN-PHE-02-004,Manipur,Pherzawl,Vangai,Vangai Local Council Group 01,Vangai Demo Village 004,3210,631,548,472,425,90.04,412,383,92.96,450,382,84.89,517,424,82.01,70,12.77,82.89,91.96,89.04,82.01,24.192933,93.242662,2025-03-31
MAN-PHE-02-005,Manipur,Pherzawl,Vangai,Vangai Local Council Group 01,Vangai Demo Village 005,2060,421,381,362,311,85.91,301,244,81.06,331,149,45.02,359,309,86.07,73,19.16,43.02,87.06,89.91,92.07,24.14076,93.166869,2025-03-31
MAN-PHE-02-006,Manipur,Pherzawl,Vangai,Vangai Local Council Group 02,Vangai Demo Village 006,1523,262,198,190,152,80.00,183,82,44.81,185,154,83.24,171,121,70.76,11,5.56,84.24,49.81,85.0,75.76,24.319381,93.233191,2025-03-31
MAN-PHE-02-007,Manipur,Pherzawl,Vangai,Vangai Local Council Group 02,Vangai Demo Village 007,1790,366,271,248,97,39.11,207,164,79.23,228,182,79.82,209,167,79.90,18,6.64,77.82,76.23,37.11,77.9,24.227082,93.285683,2025-03-31
MAN-PHE-02-008,Manipur,Pherzawl,Vangai,Vangai Local Council Group 02,Vangai Demo Village 008,3012,550,350,349,297,85.10,259,197,76.06,309,272,88.03,338,169,50.00,55,15.71,82.03,80.06,88.1,48.0,24.148313,93.11249,2025-03-31
MAN-PHE-02-009,Manipur,Pherzawl,Vangai,Vangai Local Council Group 02,Vangai Demo Village 009,971,251,226,211,108,51.18,164,89,54.27,222,124,55.86,198,75,37.88,62,27.43,50.86,55.27,55.18,37.88,24.318162,93.23203,2025-03-31
MAN-PHE-02-010,Manipur,Pherzawl,Vangai,Vangai Local Council Group 02,Vangai Demo Village 010,2928,596,472,449,377,83.96,409,372,90.95,373,283,75.87,399,315,78.95,193,40.89,77.87,90.95,82.96,76.95,24.313043,93.160588,2025-03-31
MAN-PHE-02-011,Manipur,Pherzawl,Vangai,Vangai Local Council Group 03,Vangai Demo Village 011,1298,275,261,222,138,62.16,224,159,70.98,209,171,81.82,208,137,65.87,33,12.64,99.0,99.0,89.16,82.87,24.251056,93.14054,2025-03-31
MAN-PHE-02-012,Manipur,Pherzawl,Vangai,Vangai Local Council Group 03,Vangai Demo Village 012,2270,555,503,431,414,96.06,388,147,37.89,419,352,84.01,494,257,52.02,71,14.12,81.01,39.89,90.06,53.02,24.358783,93.18472,2025-03-31
MAN-PHE-02-013,Manipur,Pherzawl,Vangai,Vangai Local Council Group 03,Vangai Demo Village 013,3185,573,562,426,332,77.93,417,292,70.02,472,382,80.93,518,461,89.00,67,11.92,85.93,70.02,82.93,88.0,24.156437,93.346198,2025-03-31
MAN-PHE-02-014,Manipur,Pherzawl,Vangai,Vangai Local Council Group 03,Vangai Demo Village 014,3515,600,374,313,166,53.04,287,138,48.08,364,248,68.13,271,173,63.84,24,6.42,63.13,43.08,57.04,59.84,24.311983,93.237511,2025-03-31
MAN-PHE-02-015,Manipur,Pherzawl,Vangai,Vangai Local Council Group 03,Vangai Demo Village 015,1345,314,200,196,163,83.16,166,141,84.94,158,147,93.04,180,144,80.00,36,18.00,89.04,82.94,87.16,79.0,24.34344,93.314861,2025-03-31
MAN-PHE-02-016,Manipur,Pherzawl,Vangai,Vangai Local Council Group 04,Vangai Demo Village 016,3286,757,500,385,335,87.01,469,431,91.90,409,339,82.89,366,322,87.98,50,10.00,77.89,88.9,84.01,83.98,24.205696,93.231387,2025-03-31
MAN-PHE-02-017,Manipur,Pherzawl,Vangai,Vangai Local Council Group 04,Vangai Demo Village 017,3320,758,514,412,338,82.04,371,330,88.95,505,207,40.99,380,274,72.11,83,16.15,36.99,83.95,78.04,72.11,24.194416,93.286901,2025-03-31
MAN-PHE-02-018,Manipur,Pherzawl,Vangai,Vangai Local Council Group 04,Vangai Demo Village 018,3133,774,649,497,363,73.04,562,214,38.08,630,536,85.08,488,361,73.98,121,18.64,85.08,36.08,69.04,76.98,24.147807,93.349755,2025-03-31
MAN-PHE-02-019,Manipur,Pherzawl,Vangai,Vangai Local Council Group 04,Vangai Demo Village 019,668,129,103,87,41,47.13,79,69,87.34,89,65,73.03,92,71,77.17,20,19.42,72.03,90.34,42.13,74.17,24.190025,93.119621,2025-03-31
MAN-PHE-02-020,Manipur,Pherzawl,Vangai,Vangai Local Council Group 04,Vangai Demo Village 020,2666,589,537,528,407,77.08,490,402,82.04,392,306,78.06,486,204,41.98,99,18.44,73.06,83.04,72.08,38.98,24.319924,93.264558,2025-03-31
MAN-PHE-02-021,Manipur,Pherzawl,Vangai,Vangai Local Council Group 05,Vangai Demo Village 021,1347,255,188,187,103,55.08,153,81,52.94,137,64,46.72,157,71,45.22,47,25.00,46.72,53.94,57.08,44.22,24.233949,93.110343,2025-03-31
MAN-PHE-02-022,Manipur,Pherzawl,Vangai,Vangai Local Council Group 05,Vangai Demo Village 022,3469,752,593,488,351,71.93,433,307,70.90,527,406,77.04,434,382,88.02,193,32.55,82.04,68.9,71.93,83.02,24.157968,93.348472,2025-03-31
MAN-PHE-02-023,Manipur,Pherzawl,Vangai,Vangai Local Council Group 05,Vangai Demo Village 023,2953,550,453,445,280,62.92,450,346,76.89,376,286,76.06,392,267,68.11,75,16.56,94.06,99.0,84.92,94.11,24.355422,93.33915,2025-03-31
MAN-PHE-02-024,Manipur,Pherzawl,Vangai,Vangai Local Council Group 05,Vangai Demo Village 024,2724,627,578,460,437,95.00,465,191,41.08,572,503,87.94,506,238,47.04,75,12.98,90.94,47.08,90.0,43.04,24.290644,93.242774,2025-03-31
MAN-PHE-02-025,Manipur,Pherzawl,Vangai,Vangai Local Council Group 05,Vangai Demo Village 025,2909,576,574,507,441,86.98,418,343,82.06,559,402,71.91,506,380,75.10,95,16.55,67.91,82.06,89.98,77.1,24.141298,93.250868,2025-03-31
MAN-PHE-02-026,Manipur,Pherzawl,Vangai,Vangai Local Council Group 06,Vangai Demo Village 026,2712,455,447,410,205,50.00,421,307,72.92,415,299,72.05,395,253,64.05,77,17.23,68.05,74.92,52.0,60.05,24.331066,93.305122,2025-03-31
MAN-PHE-02-027,Manipur,Pherzawl,Vangai,Vangai Local Council Group 06,Vangai Demo Village 027,2788,630,582,547,388,70.93,435,387,88.97,483,444,91.93,508,432,85.04,26,4.47,96.93,85.97,65.93,88.04,24.219519,93.192561,2025-03-31
MAN-PHE-02-028,Manipur,Pherzawl,Vangai,Vangai Local Council Group 06,Vangai Demo Village 028,2385,606,440,416,399,95.91,357,325,91.04,429,360,83.92,356,335,94.10,59,13.41,82.92,88.04,94.91,94.1,24.306024,93.177036,2025-03-31
MAN-PHE-02-029,Manipur,Pherzawl,Vangai,Vangai Local Council Group 06,Vangai Demo Village 029,970,233,206,178,160,89.89,174,129,74.14,205,59,28.78,152,132,86.84,37,17.96,25.78,80.14,88.89,90.84,24.204339,93.142357,2025-03-31
MAN-PHE-02-030,Manipur,Pherzawl,Vangai,Vangai Local Council Group 06,Vangai Demo Village 030,1404,353,336,271,211,77.86,325,159,48.92,301,256,85.05,259,181,69.88,50,14.88,89.05,53.92,73.86,72.88,24.21567,93.347149,2025-03-31
MAN-PHE-02-031,Manipur,Pherzawl,Vangai,Vangai Local Council Group 07,Vangai Demo Village 031,923,153,140,128,38,29.69,112,99,88.39,129,115,89.15,126,91,72.22,27,19.29,92.15,87.39,34.69,73.22,24.355871,93.277456,2025-03-31
MAN-PHE-02-032,Manipur,Pherzawl,Vangai,Vangai Local Council Group 07,Vangai Demo Village 032,316,57,37,29,23,79.31,37,32,86.49,35,26,74.29,35,15,42.86,1,2.70,77.29,86.49,84.31,42.86,24.299398,93.275423,2025-03-31
MAN-PHE-02-033,Manipur,Pherzawl,Vangai,Vangai Local Council Group 07,Vangai Demo Village 033,3284,729,465,379,125,32.98,425,238,56.00,372,141,37.90,455,250,54.95,130,27.96,34.9,61.0,34.98,54.95,24.349986,93.130915,2025-03-31
MAN-PHE-02-034,Manipur,Pherzawl,Vangai,Vangai Local Council Group 07,Vangai Demo Village 034,2607,613,527,483,362,74.95,414,335,80.92,437,350,80.09,459,376,81.92,198,37.57,86.09,83.92,76.95,86.92,24.148104,93.349733,2025-03-31
MAN-PHE-02-035,Manipur,Pherzawl,Vangai,Vangai Local Council Group 07,Vangai Demo Village 035,1910,463,384,358,261,72.91,362,243,67.13,375,266,70.93,298,203,68.12,44,11.46,94.93,94.13,97.91,83.12,24.162803,93.166203,2025-03-31
MAN-PHE-02-036,Manipur,Pherzawl,Vangai,Vangai Local Council Group 08,Vangai Demo Village 036,3086,559,371,315,277,87.94,345,121,35.07,366,340,92.90,273,101,37.00,33,8.89,96.9,41.07,84.94,42.0,24.149541,93.276258,2025-03-31
MAN-PHE-02-037,Manipur,Pherzawl,Vangai,Vangai Local Council Group 08,Vangai Demo Village 037,364,93,70,61,53,86.89,54,44,81.48,64,53,82.81,63,56,88.89,6,8.57,78.81,79.48,92.89,94.89,24.183396,93.111374,2025-03-31
MAN-PHE-02-038,Manipur,Pherzawl,Vangai,Vangai Local Council Group 08,Vangai Demo Village 038,869,151,149,113,76,67.26,109,76,69.72,130,92,70.77,127,88,69.29,23,15.44,67.77,67.72,72.26,69.29,24.322084,93.24935,2025-03-31
MAN-PHE-02-039,Manipur,Pherzawl,Vangai,Vangai Local Council Group 08,Vangai Demo Village 039,900,183,142,114,79,69.30,141,117,82.98,112,85,75.89,131,123,93.89,15,10.56,73.89,86.98,73.3,92.89,24.338056,93.161668,2025-03-31
MAN-PHE-02-040,Manipur,Pherzawl,Vangai,Vangai Local Council Group 08,Vangai Demo Village 040,894,225,179,154,137,88.96,149,145,97.32,151,127,84.11,143,136,95.10,25,13.97,81.11,94.32,85.96,91.1,24.324775,93.327684,2025-03-31
MAN-PHE-02-041,Manipur,Pherzawl,Vangai,Vangai Local Council Group 09,Vangai Demo Village 041,3690,630,547,474,408,86.08,503,382,75.94,451,126,27.94,472,359,76.06,54,9.87,30.94,80.94,90.08,73.06,24.304223,93.346645,2025-03-31
MAN-PHE-02-042,Manipur,Pherzawl,Vangai,Vangai Local Council Group 09,Vangai Demo Village 042,2598,528,400,345,300,86.96,329,145,44.07,315,284,90.16,306,272,88.89,67,16.75,84.16,43.07,92.96,92.89,24.253295,93.135688,2025-03-31
MAN-PHE-02-043,Manipur,Pherzawl,Vangai,Vangai Local Council Group 09,Vangai Demo Village 043,434,81,51,38,13,34.21,37,27,72.97,45,37,82.22,41,31,75.61,4,7.84,85.22,66.97,33.21,81.61,24.169536,93.214031,2025-03-31
MAN-PHE-02-044,Manipur,Pherzawl,Vangai,Vangai Local Council Group 09,Vangai Demo Village 044,2731,545,387,329,296,89.97,342,287,83.92,346,273,78.90,349,126,36.10,63,16.28,80.9,89.92,90.97,32.1,24.263162,93.281167,2025-03-31
MAN-PHE-02-045,Manipur,Pherzawl,Vangai,Vangai Local Council Group 09,Vangai Demo Village 045,1745,363,270,247,104,42.11,265,85,32.08,232,95,40.95,225,110,48.89,74,27.41,34.95,35.08,42.11,46.89,24.298094,93.327195,2025-03-31
MAN-PHE-02-046,Manipur,Pherzawl,Vangai,Vangai Local Council Group 10,Vangai Demo Village 046,1183,194,162,117,92,78.63,160,125,78.13,124,91,73.39,125,112,89.60,65,40.12,73.39,78.13,84.63,88.6,24.14187,93.132045,2025-03-31
MAN-PHE-02-047,Manipur,Pherzawl,Vangai,Vangai Local Council Group 10,Vangai Demo Village 047,562,117,101,91,62,68.13,97,64,65.98,95,71,74.74,84,58,69.05,6,5.94,99.0,84.98,93.13,89.05,24.149214,93.327835,2025-03-31
MAN-PHE-02-048,Manipur,Pherzawl,Vangai,Vangai Local Council Group 10,Vangai Demo Village 048,2454,644,585,575,558,97.04,502,206,41.04,553,503,90.96,465,153,32.90,114,19.49,86.96,41.04,93.04,27.9,24.251821,93.1574,2025-03-31
MAN-PHE-02-049,Manipur,Pherzawl,Vangai,Vangai Local Council Group 10,Vangai Demo Village 049,1624,275,178,129,121,93.80,157,118,75.16,177,154,87.01,137,123,89.78,2,1.12,84.01,80.16,90.8,87.78,24.194228,93.143655,2025-03-31
MAN-PHE-02-050,Manipur,Pherzawl,Vangai,Vangai Local Council Group 10,Vangai Demo Village 050,1574,393,302,224,112,50.00,252,164,65.08,253,177,69.96,259,145,55.98,52,17.22,74.96,69.08,50.0,55.98,24.258137,93.2879,2025-03-31
MAN-PHE-02-051,Manipur,Pherzawl,Vangai,Vangai Local Council Group 11,Vangai Demo Village 051,2844,528,403,303,251,82.84,361,332,91.97,384,269,70.05,336,249,74.11,8,1.99,66.05,85.97,85.84,77.11,24.240797,93.171737,2025-03-31
MAN-PHE-02-052,Manipur,Pherzawl,Vangai,Vangai Local Council Group 11,Vangai Demo Village 052,1881,432,318,230,221,96.09,293,275,93.86,298,262,87.92,310,254,81.94,46,14.47,85.92,88.86,96.09,80.94,24.278801,93.312607,2025-03-31
MAN-PHE-02-053,Manipur,Pherzawl,Vangai,Vangai Local Council Group 11,Vangai Demo Village 053,3469,619,597,518,399,77.03,451,338,74.94,546,186,34.07,441,357,80.95,45,7.54,37.07,74.94,76.03,78.95,24.345475,93.246752,2025-03-31
MAN-PHE-02-054,Manipur,Pherzawl,Vangai,Vangai Local Council Group 11,Vangai Demo Village 054,4063,677,676,536,402,75.00,663,332,50.08,669,575,85.95,656,551,83.99,126,18.64,91.95,49.08,81.0,83.99,24.325538,93.253793,2025-03-31
MAN-PHE-02-055,Manipur,Pherzawl,Vangai,Vangai Local Council Group 11,Vangai Demo Village 055,4278,772,720,709,255,35.97,530,440,83.02,571,405,70.93,621,484,77.94,43,5.97,76.93,88.02,34.97,72.94,24.174401,93.14519,2025-03-31
MAN-PHE-02-056,Manipur,Pherzawl,Vangai,Vangai Local Council Group 12,Vangai Demo Village 056,3038,591,550,475,342,72.00,528,422,79.92,411,349,84.91,425,196,46.12,97,17.64,80.91,75.92,78.0,41.12,24.16713,93.207658,2025-03-31
MAN-PHE-02-057,Manipur,Pherzawl,Vangai,Vangai Local Council Group 12,Vangai Demo Village 057,4440,736,678,556,206,37.05,551,270,49.00,599,192,32.05,593,249,41.99,138,20.35,26.05,47.0,36.05,39.99,24.18952,93.301059,2025-03-31
MAN-PHE-02-058,Manipur,Pherzawl,Vangai,Vangai Local Council Group 12,Vangai Demo Village 058,1705,407,398,299,263,87.96,345,269,77.97,361,307,85.04,312,256,82.05,154,38.69,81.04,76.97,87.96,76.05,24.338713,93.309796,2025-03-31
MAN-PHE-02-059,Manipur,Pherzawl,Vangai,Vangai Local Council Group 12,Vangai Demo Village 059,2607,638,454,363,269,74.10,421,303,71.97,351,274,78.06,443,319,72.01,58,12.78,96.06,87.97,98.1,92.01,24.224916,93.281954,2025-03-31
MAN-PHE-02-060,Manipur,Pherzawl,Vangai,Vangai Local Council Group 12,Vangai Demo Village 060,4525,742,604,576,553,96.01,464,153,32.97,581,494,85.03,532,277,52.07,16,2.65,90.03,27.97,99.0,48.07,24.212703,93.272057,2025-03-31
MAN-PHE-02-061,Manipur,Pherzawl,Vangai,Vangai Local Council Group 13,Vangai Demo Village 061,848,187,147,119,88,73.95,129,116,89.92,127,110,86.61,114,97,85.09,17,11.56,89.61,89.92,79.95,82.09,24.318703,93.229265,2025-03-31
MAN-PHE-02-062,Manipur,Pherzawl,Vangai,Vangai Local Council Group 13,Vangai Demo Village 062,694,187,130,109,72,66.06,130,100,76.92,122,94,77.05,94,69,73.40,3,2.31,75.05,74.92,63.06,70.4,24.152728,93.312956,2025-03-31
MAN-SEN-01-001,Manipur,Senapati,Senapati,Senapati Local Council Group 01,Senapati Demo Village 001,2369,615,614,575,443,77.04,477,334,70.02,561,398,70.94,531,409,77.02,103,16.78,71.94,65.02,79.04,81.02,25.250206,94.138136,2025-03-31
MAN-SEN-01-002,Manipur,Senapati,Senapati,Senapati Local Council Group 01,Senapati Demo Village 002,279,68,60,45,32,71.11,46,25,54.35,56,35,62.50,47,31,65.96,3,5.00,60.5,48.35,65.11,65.96,25.209572,94.042146,2025-03-31
MAN-SEN-01-003,Manipur,Senapati,Senapati,Senapati Local Council Group 01,Senapati Demo Village 003,3085,511,379,328,308,93.90,294,232,78.91,346,318,91.91,326,231,70.86,10,2.64,87.91,72.91,90.9,68.86,25.337412,94.03164,2025-03-31
MAN-SEN-01-004,Manipur,Senapati,Senapati,Senapati Local Council Group 01,Senapati Demo Village 004,2130,461,349,322,274,85.09,298,280,93.96,342,287,83.92,307,261,85.02,58,16.62,80.92,90.96,84.09,80.02,25.266728,94.019813,2025-03-31
MAN-SEN-01-005,Manipur,Senapati,Senapati,Senapati Local Council Group 01,Senapati Demo Village 005,2883,690,556,433,333,76.91,444,329,74.10,537,226,42.09,507,426,84.02,103,18.53,37.09,75.1,75.91,79.02,25.344725,94.084926,2025-03-31
MAN-SEN-01-006,Manipur,Senapati,Senapati,Senapati Local Council Group 02,Senapati Demo Village 006,464,108,83,65,57,87.69,80,30,37.50,62,55,88.71,60,47,78.33,7,8.43,89.71,31.5,87.69,74.33,25.368655,93.922903,2025-03-31
MAN-SEN-01-007,Manipur,Senapati,Senapati,Senapati Local Council Group 02,Senapati Demo Village 007,2368,573,399,332,143,43.07,377,298,79.05,313,225,71.88,362,300,82.87,45,11.28,70.88,85.05,48.07,86.87,25.348516,94.098479,2025-03-31
MAN-SEN-01-008,Manipur,Senapati,Senapati,Senapati Local Council Group 02,Senapati Demo Village 008,2359,624,520,399,335,83.96,477,401,84.07,510,418,81.96,475,204,42.95,18,3.46,83.96,87.07,79.96,41.95,25.246043,93.969608,2025-03-31
MAN-SEN-01-009,Manipur,Senapati,Senapati,Senapati Local Council Group 02,Senapati Demo Village 009,1497,278,206,150,70,46.67,193,110,56.99,168,55,32.74,177,53,29.94,64,31.07,31.74,59.99,49.67,27.94,25.326054,93.934608,2025-03-31
MAN-SEN-01-010,Manipur,Senapati,Senapati,Senapati Local Council Group 02,Senapati Demo Village 010,2276,534,528,449,409,91.09,420,315,75.00,424,382,90.09,492,369,75.00,138,26.14,86.09,78.0,88.09,69.0,25.241772,93.97876,2025-03-31
MAN-SEN-01-011,Manipur,Senapati,Senapati,Senapati Local Council Group 03,Senapati Demo Village 011,472,89,87,80,52,65.00,76,61,80.26,78,48,61.54,83,66,79.52,3,3.45,77.54,99.0,94.0,99.0,25.27308,94.117066,2025-03-31
MAN-SEN-01-012,Manipur,Senapati,Senapati,Senapati Local Council Group 03,Senapati Demo Village 012,2064,500,339,283,258,91.17,249,115,46.18,246,229,93.09,256,115,44.92,3,0.88,99.0,47.18,87.17,42.92,25.236611,94.086099,2025-03-31
MAN-SEN-01-013,Manipur,Senapati,Senapati,Senapati Local Council Group 03,Senapati Demo Village 013,3370,769,655,520,426,81.92,512,369,72.07,642,578,90.03,604,525,86.92,49,7.48,95.03,68.07,86.92,80.92,25.337639,94.000935,2025-03-31
MAN-SEN-01-014,Manipur,Senapati,Senapati,Senapati Local Council Group 03,Senapati Demo Village 014,586,138,125,92,53,57.61,92,53,57.61,118,80,67.80,125,58,46.40,17,13.60,63.8,59.61,60.61,51.4,25.358914,94.077315,2025-03-31
MAN-SEN-01-015,Manipur,Senapati,Senapati,Senapati Local Council Group 03,Senapati Demo Village 015,461,104,70,50,37,74.00,65,49,75.38,52,46,88.46,51,47,92.16,13,18.57,87.46,80.38,73.0,97.16,25.24503,94.057138,2025-03-31
MAN-SEN-01-016,Manipur,Senapati,Senapati,Senapati Local Council Group 04,Senapati Demo Village 016,1657,401,361,291,259,89.00,264,227,85.98,302,293,97.02,312,290,92.95,49,13.57,97.02,80.98,85.0,90.95,25.297341,94.127144,2025-03-31
MAN-SEN-01-017,Manipur,Senapati,Senapati,Senapati Local Council Group 04,Senapati Demo Village 017,3398,771,752,646,530,82.04,582,466,80.07,661,304,45.99,638,478,74.92,27,3.59,48.99,78.07,84.04,80.92,25.251988,94.057696,2025-03-31
MAN-SEN-01-018,Manipur,Senapati,Senapati,Senapati Local Council Group 04,Senapati Demo Village 018,2650,479,383,365,310,84.93,334,124,37.13,301,232,77.08,373,276,73.99,61,15.93,80.08,40.13,80.93,76.99,25.301303,93.923638,2025-03-31
MAN-SEN-01-019,Manipur,Senapati,Senapati,Senapati Local Council Group 04,Senapati Demo Village 019,319,55,53,49,25,51.02,39,30,76.92,44,40,90.91,49,36,73.47,3,5.66,94.91,75.92,50.02,74.47,25.287566,93.950155,2025-03-31
MAN-SEN-01-020,Manipur,Senapati,Senapati,Senapati Local Council Group 04,Senapati Demo Village 020,3936,655,495,469,356,75.91,495,436,88.08,378,268,70.90,426,183,42.96,28,5.66,70.9,88.08,72.91,43.96,25.28037,94.006361,2025-03-31
MAN-SEN-01-021,Manipur,Senapati,Senapati,Senapati Local Council Group 05,Senapati Demo Village 021,915,151,98,80,40,50.00,94,40,42.55,82,35,42.68,78,26,33.33,26,26.53,37.68,42.55,56.0,32.33,25.323601,94.074751,2025-03-31
MAN-SEN-02-001,Manipur,Senapati,Mao Maram,Mao Maram Local Council Group 01,Mao Maram Demo Village 001,2089,360,334,260,195,75.00,303,270,89.11,327,255,77.98,266,213,80.08,106,31.74,80.98,88.11,71.0,83.08,25.184487,93.95125,2025-03-31
MAN-SEN-02-002,Manipur,Senapati,Mao Maram,Mao Maram Local Council Group 01,Mao Maram Demo Village 002,3469,658,515,419,260,62.05,475,285,60.00,431,267,61.95,470,282,60.00,45,8.74,78.95,88.0,84.05,84.0,25.22687,93.984096,2025-03-31
MAN-SEN-02-003,Manipur,Senapati,Mao Maram,Mao Maram Local Council Group 01,Mao Maram Demo Village 003,591,105,80,78,71,91.03,69,30,43.48,60,50,83.33,66,24,36.36,4,5.00,80.33,44.48,89.03,34.36,25.172137,93.970846,2025-03-31
MAN-SEN-02-004,Manipur,Senapati,Mao Maram,Mao Maram Local Council Group 01,Mao Maram Demo Village 004,933,164,150,142,104,73.24,137,125,91.24,144,101,70.14,139,120,86.33,6,4.00,71.14,93.24,72.24,82.33,25.236043,93.941716,2025-03-31
MAN-SEN-02-005,Manipur,Senapati,Mao Maram,Mao Maram Local Council Group 01,Mao Maram Demo Village 005,1702,341,304,261,130,49.81,257,121,47.08,272,204,75.00,236,177,75.00,39,12.83,81.0,42.08,55.81,78.0,25.311027,93.901323,2025-03-31
MAN-SEN-02-006,Manipur,Senapati,Mao Maram,Mao Maram Local Council Group 02,Mao Maram Demo Village 006,2453,576,410,391,356,91.05,407,366,89.93,344,316,91.86,383,352,91.91,59,14.39,89.86,92.93,94.05,91.91,25.212183,94.129412,2025-03-31
MAN-SEN-02-007,Manipur,Senapati,Mao Maram,Mao Maram Local Council Group 02,Mao Maram Demo Village 007,3692,634,403,310,294,94.84,351,309,88.03,302,263,87.09,321,276,85.98,26,6.45,84.09,83.03,93.84,85.98,25.218499,93.962765,2025-03-31
MAN-SEN-02-008,Manipur,Senapati,Mao Maram,Mao Maram Local Council Group 02,Mao Maram Demo Village 008,819,161,115,83,71,85.54,94,69,73.40,112,56,50.00,94,74,78.72,16,13.91,55.0,76.4,80.54,78.72,25.341481,93.964615,2025-03-31
MAN-SEN-02-009,Manipur,Senapati,Mao Maram,Mao Maram Local Council Group 02,Mao Maram Demo Village 009,298,62,58,58,53,91.38,42,18,42.86,56,49,87.50,51,38,74.51,5,8.62,87.5,37.86,86.38,72.51,25.365549,94.025098,2025-03-31
MAN-SEN-02-010,Manipur,Senapati,Mao Maram,Mao Maram Local Council Group 02,Mao Maram Demo Village 010,3038,603,569,493,187,37.93,546,459,84.07,460,373,81.09,467,425,91.01,110,19.33,87.09,90.07,36.93,87.01,25.211407,94.015584,2025-03-31
MAN-SEN-02-011,Manipur,Senapati,Mao Maram,Mao Maram Local Council Group 03,Mao Maram Demo Village 011,1135,230,155,114,103,90.35,144,105,72.92,133,116,87.22,150,57,38.00,7,4.52,88.22,71.92,84.35,32.0,25.221213,93.908863,2025-03-31
MAN-SEN-02-012,Manipur,Senapati,Mao Maram,Mao Maram Local Council Group 03,Mao Maram Demo Village 012,4159,703,570,465,260,55.91,478,244,51.05,490,216,44.08,521,287,55.09,137,24.04,42.08,53.05,58.91,59.09,25.163709,94.065457,2025-03-31
MAN-SEN-02-013,Manipur,Senapati,Mao Maram,Mao Maram Local Council Group 03,Mao Maram Demo Village 013,3613,605,591,537,483,89.94,564,389,68.97,547,421,76.97,460,350,76.09,235,39.76,71.97,63.97,94.94,70.09,25.27803,94.124381,2025-03-31
MAN-SEN-02-014,Manipur,Senapati,Mao Maram,Mao Maram Local Council Group 03,Mao Maram Demo Village 014,463,91,76,57,42,73.68,59,40,67.80,61,47,77.05,63,43,68.25,5,6.58,96.05,95.8,92.68,93.25,25.370227,94.043715,2025-03-31
MAN-SEN-02-015,Manipur,Senapati,Mao Maram,Mao Maram Local Council Group 03,Mao Maram Demo Village 015,1815,369,323,258,243,94.19,264,114,43.18,290,270,93.10,312,125,40.06,23,7.12,93.1,46.18,97.19,44.06,25.200624,94.130639,2025-03-31
MAN-SEN-02-016,Manipur,Senapati,Mao Maram,Mao Maram Local Council Group 04,Mao Maram Demo Village 016,2909,708,580,535,369,68.97,505,444,87.92,492,364,73.98,421,295,70.07,84,14.48,70.98,86.92,69.97,67.07,25.235663,94.106391,2025-03-31
MAN-SEN-02-017,Manipur,Senapati,Mao Maram,Mao Maram Local Council Group 04,Mao Maram Demo Village 017,1785,329,255,194,138,71.13,248,179,72.18,226,165,73.01,220,117,53.18,41,16.08,71.01,66.18,76.13,48.18,25.351102,93.943549,2025-03-31
MAN-SEN-02-018,Manipur,Senapati,Mao Maram,Mao Maram Local Council Group 04,Mao Maram Demo Village 018,2379,609,482,360,270,75.00,409,282,68.95,411,316,76.89,407,330,81.08,7,1.45,81.89,65.95,69.0,75.08,25.256382,94.129207,2025-03-31
MAN-SEN-02-019,Manipur,Senapati,Mao Maram,Mao Maram Local Council Group 04,Mao Maram Demo Village 019,1640,313,289,241,234,97.10,252,212,84.13,264,235,89.02,288,274,95.14,55,19.03,87.02,81.13,92.1,95.14,25.320921,94.097224,2025-03-31
MAN-SEN-02-020,Manipur,Senapati,Mao Maram,Mao Maram Local Council Group 04,Mao Maram Demo Village 020,471,88,78,71,62,87.32,64,47,73.44,56,16,28.57,66,57,86.36,4,5.13,23.57,71.44,92.32,88.36,25.282612,93.928843,2025-03-31
MAN-SEN-02-021,Manipur,Senapati,Mao Maram,Mao Maram Local Council Group 05,Mao Maram Demo Village 021,3239,594,470,427,384,89.93,359,172,47.91,378,295,78.04,431,340,78.89,38,8.09,83.04,52.91,85.93,80.89,25.182368,93.942996,2025-03-31
MAN-SEN-03-001,Manipur,Senapati,Paomata,Paomata Local Council Group 01,Paomata Demo Village 001,3266,622,492,490,157,32.04,358,258,72.07,355,288,81.13,458,334,72.93,14,2.85,83.13,69.07,35.04,68.93,25.295754,93.971853,2025-03-31
MAN-SEN-03-002,Manipur,Senapati,Paomata,Paomata Local Council Group 01,Paomata Demo Village 002,2289,440,293,282,254,90.07,218,172,78.90,263,224,85.17,223,74,33.18,43,14.68,87.17,84.9,86.07,27.18,25.234752,94.083992,2025-03-31
MAN-SEN-03-003,Manipur,Senapati,Paomata,Paomata Local Council Group 01,Paomata Demo Village 003,1478,282,192,170,54,31.76,158,70,44.30,157,58,36.94,179,57,31.84,56,29.17,36.94,44.3,37.76,30.84,25.171171,94.029158,2025-03-31
MAN-SEN-03-004,Manipur,Senapati,Paomata,Paomata Local Council Group 01,Paomata Demo Village 004,4118,695,611,477,348,72.96,547,416,76.05,529,444,83.93,472,335,70.97,249,40.75,88.93,77.05,67.96,73.97,25.362584,94.114663,2025-03-31
MAN-SEN-03-005,Manipur,Senapati,Paomata,Paomata Local Council Group 01,Paomata Demo Village 005,520,134,89,79,55,69.62,74,47,63.51,86,64,74.42,83,61,73.49,4,4.49,94.42,89.51,89.62,89.49,25.265724,93.957611,2025-03-31
MAN-SEN-03-006,Manipur,Senapati,Paomata,Paomata Local Council Group 02,Paomata Demo Village 006,2946,693,665,623,592,95.02,497,189,38.03,661,608,91.98,510,250,49.02,48,7.22,95.98,38.03,90.02,47.02,25.228496,94.079631,2025-03-31
MAN-SEN-03-007,Manipur,Senapati,Paomata,Paomata Local Council Group 02,Paomata Demo Village 007,2841,727,578,428,385,89.95,531,398,74.95,516,387,75.00,504,403,79.96,52,9.00,77.0,80.95,90.95,85.96,25.377985,94.048976,2025-03-31
MAN-SEN-03-008,Manipur,Senapati,Paomata,Paomata Local Council Group 02,Paomata Demo Village 008,1111,246,185,161,105,65.22,181,90,49.72,140,85,60.71,177,115,64.97,33,17.84,56.71,46.72,68.22,67.97,25.170393,94.075466,2025-03-31
MAN-SEN-03-009,Manipur,Senapati,Paomata,Paomata Local Council Group 02,Paomata Demo Village 009,869,174,132,113,104,92.04,115,94,81.74,129,107,82.95,123,102,82.93,14,10.61,87.95,78.74,88.04,84.93,25.24292,93.955818,2025-03-31
MAN-SEN-03-010,Manipur,Senapati,Paomata,Paomata Local Council Group 02,Paomata Demo Village 010,1246,315,236,215,204,94.88,209,201,96.17,226,188,83.19,189,168,88.89,15,6.36,79.19,92.17,94.88,87.89,25.296377,94.029632,2025-03-31
MAN-SEN-03-011,Manipur,Senapati,Paomata,Paomata Local Council Group 03,Paomata Demo Village 011,3135,514,339,245,211,86.12,334,267,79.94,315,142,45.08,278,225,80.94,63,18.58,42.08,85.94,89.12,77.94,25.287998,94.091007,2025-03-31
MAN-SEN-03-012,Manipur,Senapati,Paomata,Paomata Local Council Group 03,Paomata Demo Village 012,2282,448,414,365,314,86.03,370,189,51.08,356,288,80.90,301,271,90.03,33,7.97,80.9,47.08,92.03,91.03,25.339338,94.12176,2025-03-31
MAN-SEN-03-013,Manipur,Senapati,Paomata,Paomata Local Council Group 03,Paomata Demo Village 013,3242,587,377,377,173,45.89,338,281,83.14,318,283,88.99,274,200,72.99,17,4.51,88.99,80.14,46.89,73.99,25.17621,94.094059,2025-03-31
MAN-SEN-03-014,Manipur,Senapati,Paomata,Paomata Local Council Group 03,Paomata Demo Village 014,901,198,140,140,98,70.00,119,107,89.92,138,112,81.16,130,53,40.77,12,8.57,76.16,86.92,76.0,42.77,25.204919,94.103389,2025-03-31
MAN-SEN-03-015,Manipur,Senapati,Paomata,Paomata Local Council Group 03,Paomata Demo Village 015,2231,550,391,350,112,32.00,386,197,51.04,346,166,47.98,289,101,34.95,98,25.06,48.98,45.04,33.0,30.95,25.171938,93.971273,2025-03-31
MAN-SEN-03-016,Manipur,Senapati,Paomata,Paomata Local Council Group 04,Paomata Demo Village 016,3777,718,654,525,378,72.00,645,490,75.97,587,458,78.02,475,356,74.95,262,40.06,72.02,71.97,75.0,68.95,25.227997,93.953435,2025-03-31
MAN-SEN-03-017,Manipur,Senapati,Paomata,Paomata Local Council Group 04,Paomata Demo Village 017,1120,301,235,202,145,71.78,172,138,80.23,191,117,61.26,204,141,69.12,26,11.06,83.26,99.0,97.78,92.12,25.242048,94.092983,2025-03-31
MAN-SEN-03-018,Manipur,Senapati,Paomata,Paomata Local Council Group 04,Paomata Demo Village 018,198,43,30,23,22,95.65,23,10,43.48,29,28,96.55,23,10,43.48,5,16.67,98.55,47.48,97.65,48.48,25.275462,94.129318,2025-03-31
MAN-SEN-03-019,Manipur,Senapati,Paomata,Paomata Local Council Group 04,Paomata Demo Village 019,3307,629,580,422,346,81.99,543,456,83.98,457,420,91.90,566,481,84.98,25,4.31,95.9,79.98,77.99,80.98,25.340686,94.091199,2025-03-31
MAN-SEN-03-020,Manipur,Senapati,Paomata,Paomata Local Council Group 04,Paomata Demo Village 020,1544,367,310,304,188,61.84,227,168,74.01,238,112,47.06,264,187,70.83,29,9.35,53.06,74.01,61.84,69.83,25.363009,94.064128,2025-03-31
MAN-SEN-03-021,Manipur,Senapati,Paomata,Paomata Local Council Group 05,Paomata Demo Village 021,2631,681,481,347,246,70.89,480,413,86.04,423,355,83.92,364,313,85.99,20,4.16,88.92,84.04,72.89,79.99,25.286777,93.906543,2025-03-31
MAN-SEN-04-001,Manipur,Senapati,Purul,Purul Local Council Group 01,Purul Demo Village 001,591,101,71,66,61,92.42,67,60,89.55,64,53,82.81,66,63,95.45,6,8.45,77.81,87.55,89.42,92.45,25.172668,94.042953,2025-03-31
MAN-SEN-04-002,Manipur,Senapati,Purul,Purul Local Council Group 01,Purul Demo Village 002,2123,503,450,363,290,79.89,353,272,77.05,326,150,46.01,404,343,84.90,61,13.56,42.01,78.05,75.89,84.9,25.312492,94.024305,2025-03-31
MAN-SEN-04-003,Manipur,Senapati,Purul,Purul Local Council Group 01,Purul Demo Village 003,998,227,181,163,114,69.94,155,43,27.74,134,94,70.15,176,153,86.93,25,13.81,65.15,21.74,64.94,89.93,25.320988,94.131984,2025-03-31
MAN-SEN-04-004,Manipur,Senapati,Purul,Purul Local Council Group 01,Purul Demo Village 004,1737,313,263,239,108,45.19,197,177,89.85,241,190,78.84,259,205,79.15,20,7.60,73.84,90.85,46.19,81.15,25.219369,93.953711,2025-03-31
MAN-SEN-04-005,Manipur,Senapati,Purul,Purul Local Council Group 01,Purul Demo Village 005,2125,431,357,283,232,81.98,313,219,69.97,275,226,82.18,309,139,44.98,63,17.65,86.18,71.97,86.98,49.98,25.219182,93.911849,2025-03-31
MAN-SEN-04-006,Manipur,Senapati,Purul,Purul Local Council Group 02,Purul Demo Village 006,3086,535,504,504,272,53.97,466,219,47.00,367,125,34.06,386,178,46.11,126,25.00,40.06,43.0,50.97,44.11,25.248457,94.029543,2025-03-31
MAN-SEN-04-007,Manipur,Senapati,Purul,Purul Local Council Group 02,Purul Demo Village 007,1727,322,317,307,227,73.94,272,209,76.84,253,185,73.12,252,176,69.84,105,33.12,69.12,82.84,67.94,75.84,25.251215,94.039426,2025-03-31
MAN-SEN-04-008,Manipur,Senapati,Purul,Purul Local Council Group 02,Purul Demo Village 008,1560,332,232,175,135,77.14,194,155,79.90,220,141,64.09,187,155,82.89,41,17.67,94.09,98.9,93.14,99.0,25.378873,94.107146,2025-03-31
MAN-SEN-04-009,Manipur,Senapati,Purul,Purul Local Council Group 02,Purul Demo Village 009,782,181,164,129,120,93.02,129,59,45.74,136,125,91.91,128,50,39.06,6,3.66,88.91,47.74,96.02,41.06,25.327275,93.910296,2025-03-31
MAN-SEN-04-010,Manipur,Senapati,Purul,Purul Local Council Group 02,Purul Demo Village 010,1417,247,153,118,94,79.66,147,110,74.83,150,140,93.33,146,124,84.93,11,7.19,91.33,79.83,73.66,86.93,25.204656,93.942878,2025-03-31
MAN-SEN-04-011,Manipur,Senapati,Purul,Purul Local Council Group 03,Purul Demo Village 011,3214,559,434,328,230,70.12,386,290,75.13,423,262,61.94,369,221,59.89,38,8.76,66.94,78.13,73.12,65.89,25.202713,94.011083,2025-03-31
MAN-SEN-04-012,Manipur,Senapati,Purul,Purul Local Council Group 03,Purul Demo Village 012,1464,246,202,152,143,94.08,197,179,90.86,178,126,70.79,197,162,82.23,39,19.31,72.79,92.86,91.08,80.23,25.25182,93.926498,2025-03-31
MAN-SEN-04-013,Manipur,Senapati,Purul,Purul Local Council Group 03,Purul Demo Village 013,2204,498,344,280,266,95.00,276,254,92.03,271,233,85.98,294,270,91.84,15,4.36,84.98,91.03,93.0,87.84,25.225186,93.992507,2025-03-31
MAN-SEN-04-014,Manipur,Senapati,Purul,Purul Local Council Group 03,Purul Demo Village 014,776,159,137,105,88,83.81,135,123,91.11,111,36,32.43,99,86,86.87,24,17.52,37.43,90.11,85.81,91.87,25.320821,93.90266,2025-03-31
MAN-SEN-04-015,Manipur,Senapati,Purul,Purul Local Council Group 03,Purul Demo Village 015,3191,742,724,552,447,80.98,582,274,47.08,711,640,90.01,600,504,84.00,143,19.75,93.01,48.08,80.98,80.0,25.236285,93.900681,2025-03-31
MAN-SEN-04-016,Manipur,Senapati,Purul,Purul Local Council Group 04,Purul Demo Village 016,3549,680,562,483,213,44.10,462,356,77.06,534,422,79.03,412,309,75.00,47,8.36,76.03,72.06,46.1,78.0,25.272104,94.087075,2025-03-31
MAN-SEN-04-017,Manipur,Senapati,Purul,Purul Local Council Group 04,Purul Demo Village 017,1662,329,300,279,234,83.87,272,237,87.13,283,207,73.14,284,139,48.94,43,14.33,78.14,83.13,78.87,43.94,25.297856,94.038292,2025-03-31
MAN-SEN-04-018,Manipur,Senapati,Purul,Purul Local Council Group 04,Purul Demo Village 018,2326,482,355,269,118,43.87,325,153,47.08,293,117,39.93,275,140,50.91,114,32.11,43.93,52.08,44.87,48.91,25.29737,93.978569,2025-03-31
MAN-SEN-04-019,Manipur,Senapati,Purul,Purul Local Council Group 04,Purul Demo Village 019,4072,763,531,483,415,85.92,454,354,77.97,418,301,72.01,404,315,77.97,143,26.93,74.01,81.97,81.92,72.97,25.228728,94.012332,2025-03-31
MAN-SEN-04-020,Manipur,Senapati,Purul,Purul Local Council Group 04,Purul Demo Village 020,2976,744,650,546,344,63.00,545,360,66.06,469,328,69.94,608,492,80.92,14,2.15,99.0,85.06,82.0,99.0,25.354829,94.094941,2025-03-31
MAN-SEN-04-021,Manipur,Senapati,Purul,Purul Local Council Group 05,Purul Demo Village 021,3568,598,392,386,371,96.11,282,113,40.07,328,302,92.07,285,148,51.93,63,16.07,90.07,39.07,91.11,55.93,25.33914,93.949694,2025-03-31
MAN-SEN-05-001,Manipur,Senapati,Tadubi,Tadubi Local Council Group 01,Tadubi Demo Village 001,1245,247,216,189,163,86.24,206,177,85.92,170,143,84.12,169,120,71.01,33,15.28,78.12,79.92,91.24,76.01,25.20417,94.117385,2025-03-31
MAN-SEN-05-002,Manipur,Senapati,Tadubi,Tadubi Local Council Group 01,Tadubi Demo Village 002,3300,559,374,307,227,73.94,364,171,46.98,273,169,61.90,369,214,57.99,62,16.58,58.9,50.98,77.94,62.99,25.368638,93.944602,2025-03-31
MAN-SEN-05-003,Manipur,Senapati,Tadubi,Tadubi Local Council Group 01,Tadubi Demo Village 003,1611,372,255,252,217,86.11,188,137,72.87,203,156,76.85,225,158,70.22,29,11.37,75.85,77.87,88.11,71.22,25.283202,93.972079,2025-03-31
MAN-SEN-05-004,Manipur,Senapati,Tadubi,Tadubi Local Council Group 01,Tadubi Demo Village 004,801,201,155,130,110,84.62,136,120,88.24,118,111,94.07,115,109,94.78,2,1.29,94.07,86.24,82.62,93.78,25.242503,94.099796,2025-03-31
MAN-SEN-05-005,Manipur,Senapati,Tadubi,Tadubi Local Council Group 01,Tadubi Demo Village 005,1066,224,153,131,101,77.10,110,98,89.09,127,50,39.37,119,87,73.11,9,5.88,39.37,87.09,81.1,68.11,25.371598,94.078038,2025-03-31
MAN-SEN-05-006,Manipur,Senapati,Tadubi,Tadubi Local Council Group 02,Tadubi Demo Village 006,3182,629,573,450,338,75.11,477,210,44.03,472,411,87.08,506,380,75.10,104,18.15,88.08,38.03,80.11,79.1,25.357042,94.018605,2025-03-31
MAN-SEN-05-007,Manipur,Senapati,Tadubi,Tadubi Local Council Group 02,Tadubi Demo Village 007,907,154,149,138,47,34.06,141,123,87.23,147,125,85.03,139,97,69.78,7,4.70,84.03,84.23,31.06,67.78,25.292892,93.995944,2025-03-31
MAN-SEN-05-008,Manipur,Senapati,Tadubi,Tadubi Local Council Group 02,Tadubi Demo Village 008,1551,323,291,231,206,89.18,285,254,89.12,220,198,90.00,247,82,33.20,19,6.53,88.0,86.12,92.18,32.2,25.241317,94.115797,2025-03-31
MAN-SEN-05-009,Manipur,Senapati,Tadubi,Tadubi Local Council Group 02,Tadubi Demo Village 009,2645,638,486,381,179,46.98,390,176,45.13,362,156,43.09,474,204,43.04,161,33.13,40.09,47.13,50.98,38.04,25.331265,93.94302,2025-03-31
MAN-SEN-05-010,Manipur,Senapati,Tadubi,Tadubi Local Council Group 02,Tadubi Demo Village 010,408,73,65,53,43,81.13,52,40,76.92,58,41,70.69,63,47,74.60,26,40.00,74.69,75.92,77.13,76.6,25.266875,94.019069,2025-03-31
MAN-SEN-05-011,Manipur,Senapati,Tadubi,Tadubi Local Council Group 03,Tadubi Demo Village 011,3879,730,503,484,373,77.07,445,343,77.08,502,412,82.07,423,305,72.10,92,18.29,96.07,94.08,93.07,88.1,25.173235,94.062143,2025-03-31
MAN-SEN-05-012,Manipur,Senapati,Tadubi,Tadubi Local Council Group 03,Tadubi Demo Village 012,1029,180,126,111,99,89.19,119,55,46.22,119,106,89.08,100,41,41.00,9,7.14,89.08,49.22,84.19,35.0,25.238282,94.123343,2025-03-31
MAN-SEN-05-013,Manipur,Senapati,Tadubi,Tadubi Local Council Group 03,Tadubi Demo Village 013,1191,321,289,214,180,84.11,212,189,89.15,233,207,88.84,277,233,84.12,57,19.72,86.84,94.15,84.11,84.12,25.330478,94.071366,2025-03-31
MAN-SEN-05-014,Manipur,Senapati,Tadubi,Tadubi Local Council Group 03,Tadubi Demo Village 014,3916,718,466,458,344,75.11,455,287,63.08,428,278,64.95,338,254,75.15,17,3.65,63.95,69.08,70.11,81.15,25.166187,93.990291,2025-03-31
MAN-SEN-05-015,Manipur,Senapati,Tadubi,Tadubi Local Council Group 03,Tadubi Demo Village 015,3130,735,689,516,439,85.08,619,501,80.94,559,509,91.06,560,398,71.07,39,5.66,95.06,81.94,86.08,67.07,25.175118,94.053602,2025-03-31
MAN-SEN-05-016,Manipur,Senapati,Tadubi,Tadubi Local Council Group 04,Tadubi Demo Village 016,3528,776,684,517,481,93.04,534,513,96.07,495,470,94.95,617,555,89.95,47,6.87,90.95,91.07,90.04,87.95,25.369252,94.065506,2025-03-31
MAN-SEN-05-017,Manipur,Senapati,Tadubi,Tadubi Local Council Group 04,Tadubi Demo Village 017,1562,414,356,294,238,80.95,337,263,78.04,328,154,46.95,324,227,70.06,67,18.82,40.95,73.04,86.95,75.06,25.330396,93.992668,2025-03-31
MAN-SEN-05-018,Manipur,Senapati,Tadubi,Tadubi Local Council Group 04,Tadubi Demo Village 018,4135,717,665,531,446,83.99,580,255,43.97,514,401,78.02,554,460,83.03,98,14.74,73.02,45.97,83.99,80.03,25.330857,94.116268,2025-03-31
MAN-SEN-05-019,Manipur,Senapati,Tadubi,Tadubi Local Council Group 04,Tadubi Demo Village 019,2091,402,325,322,109,33.85,255,230,90.20,243,177,72.84,279,240,86.02,55,16.92,76.84,95.2,32.85,88.02,25.161376,93.978203,2025-03-31
MAN-SEN-05-020,Manipur,Senapati,Tadubi,Tadubi Local Council Group 04,Tadubi Demo Village 020,3361,687,601,600,528,88.00,526,405,77.00,488,444,90.98,448,130,29.02,85,14.14,90.98,76.0,86.0,26.02,25.212225,93.999363,2025-03-31
MAN-SEN-05-021,Manipur,Senapati,Tadubi,Tadubi Local Council Group 05,Tadubi Demo Village 021,802,160,119,96,43,44.79,88,40,45.45,100,50,50.00,112,50,44.64,35,29.41,45.0,41.45,39.79,49.64,25.233864,94.072081,2025-03-31
MAN-SEN-06-001,Manipur,Senapati,Willong,Willong Local Council Group 01,Willong Demo Village 001,2411,402,279,215,168,78.14,246,180,73.17,216,166,76.85,256,189,73.83,77,27.60,78.85,74.17,75.14,68.83,25.206077,93.931144,2025-03-31
MAN-SEN-06-002,Manipur,Senapati,Willong,Willong Local Council Group 01,Willong Demo Village 002,2027,524,519,428,330,77.10,407,301,73.96,512,399,77.93,420,273,65.00,80,15.41,94.93,99.0,99.0,84.0,25.221267,94.055628,2025-03-31
MAN-SEN-06-003,Manipur,Senapati,Willong,Willong Local Council Group 01,Willong Demo Village 003,2291,511,413,369,328,88.89,370,141,38.11,398,370,92.96,399,148,37.09,39,9.44,87.96,36.11,87.89,39.09,25.30442,94.056771,2025-03-31
MAN-SEN-06-004,Manipur,Senapati,Willong,Willong Local Council Group 01,Willong Demo Village 004,782,150,120,115,86,74.78,114,88,77.19,101,76,75.25,117,102,87.18,4,3.33,81.25,81.19,69.78,82.18,25.296189,94.013641,2025-03-31
MAN-SEN-06-005,Manipur,Senapati,Willong,Willong Local Council Group 01,Willong Demo Village 005,1518,321,252,239,148,61.92,203,142,69.95,248,149,60.08,207,149,71.98,34,13.49,65.08,73.95,67.92,72.98,25.191298,94.052736,2025-03-31
MAN-SEN-06-006,Manipur,Senapati,Willong,Willong Local Council Group 02,Willong Demo Village 006,1877,441,313,309,278,89.97,270,194,71.85,275,212,77.09,284,222,78.17,20,6.39,83.09,68.85,94.97,80.17,25.345433,94.094205,2025-03-31
MAN-SEN-06-007,Manipur,Senapati,Willong,Willong Local Council Group 02,Willong Demo Village 007,966,166,133,118,97,82.20,107,101,94.39,114,111,97.37,110,106,96.36,9,6.77,92.37,92.39,80.2,92.36,25.1755,94.028181,2025-03-31
MAN-SEN-06-008,Manipur,Senapati,Willong,Willong Local Council Group 02,Willong Demo Village 008,2243,451,349,271,211,77.86,284,222,78.17,280,90,32.14,280,202,72.14,41,11.75,28.14,84.17,82.86,75.14,25.266363,93.950871,2025-03-31
MAN-SEN-06-009,Manipur,Senapati,Willong,Willong Local Council Group 02,Willong Demo Village 009,2207,558,492,399,283,70.93,360,155,43.06,389,292,75.06,390,308,78.97,75,15.24,69.06,41.06,64.93,79.97,25.191709,94.038553,2025-03-31
MAN-SEN-06-010,Manipur,Senapati,Willong,Willong Local Council Group 02,Willong Demo Village 010,2687,524,470,440,185,42.05,388,283,72.94,374,284,75.94,436,392,89.91,92,19.57,70.94,77.94,40.05,95.91,25.200197,94.125267,2025-03-31
MAN-SEN-06-011,Manipur,Senapati,Willong,Willong Local Council Group 03,Willong Demo Village 011,3285,601,481,359,258,71.87,427,363,85.01,399,295,73.93,388,182,46.91,17,3.53,71.93,91.01,68.87,44.91,25.304656,93.994556,2025-03-31
MAN-SEN-06-012,Manipur,Senapati,Willong,Willong Local Council Group 03,Willong Demo Village 012,831,146,101,99,42,42.42,79,39,49.37,99,50,50.51,87,37,42.53,20,19.80,56.51,47.37,46.42,41.53,25.176909,94.105539,2025-03-31
MAN-SEN-06-013,Manipur,Senapati,Willong,Willong Local Council Group 03,Willong Demo Village 013,1225,329,248,189,172,91.01,205,182,88.78,246,207,84.15,189,134,70.90,77,31.05,78.15,92.78,88.01,68.9,25.337862,94.090781,2025-03-31
MAN-SEN-06-014,Manipur,Senapati,Willong,Willong Local Council Group 03,Willong Demo Village 014,1794,413,389,330,261,79.09,370,289,78.11,385,235,61.04,358,294,82.12,27,6.94,91.04,99.0,97.09,99.0,25.315929,93.917309,2025-03-31
MAN-SEN-06-015,Manipur,Senapati,Willong,Willong Local Council Group 03,Willong Demo Village 015,711,163,112,108,95,87.96,104,42,40.38,104,88,84.62,87,32,36.78,6,5.36,90.62,44.38,93.96,39.78,25.209705,94.097882,2025-03-31
MAN-SEN-06-016,Manipur,Senapati,Willong,Willong Local Council Group 04,Willong Demo Village 016,3147,765,760,732,527,71.99,637,516,81.00,677,616,90.99,712,662,92.98,84,11.05,88.99,76.0,66.99,87.98,25.28701,94.116956,2025-03-31
MAN-SEN-06-017,Manipur,Senapati,Willong,Willong Local Council Group 04,Willong Demo Village 017,2954,582,453,394,217,55.08,351,249,70.94,443,253,57.11,408,241,59.07,7,1.55,56.11,75.94,52.08,54.07,25.372475,93.916432,2025-03-31
MAN-SEN-06-018,Manipur,Senapati,Willong,Willong Local Council Group 04,Willong Demo Village 018,1885,328,272,235,207,88.09,270,240,88.89,237,204,86.08,199,137,68.84,18,6.62,92.08,86.89,86.09,69.84,25.268885,94.032767,2025-03-31
MAN-SEN-06-019,Manipur,Senapati,Willong,Willong Local Council Group 04,Willong Demo Village 019,2722,599,452,348,289,83.05,370,337,91.08,374,322,86.10,345,307,88.99,67,14.82,86.1,88.08,79.05,84.99,25.275516,93.974856,2025-03-31
MAN-SEN-06-020,Manipur,Senapati,Willong,Willong Local Council Group 04,Willong Demo Village 020,3242,757,653,565,458,81.06,472,330,69.92,621,205,33.01,544,462,84.93,95,14.55,28.01,69.92,79.06,90.93,25.187179,93.986329,2025-03-31
MAN-TAM-01-001,Manipur,Tamenglong,Tamenglong,Tamenglong Local Council Group 01,Tamenglong Demo Village 001,3635,604,387,345,314,91.01,309,272,88.03,347,298,85.88,335,312,93.13,39,10.08,85.88,83.03,91.01,91.13,24.976407,93.616028,2025-03-31
MAN-TAM-01-002,Manipur,Tamenglong,Tamenglong,Tamenglong Local Council Group 01,Tamenglong Demo Village 002,2355,482,337,287,235,81.88,248,198,79.84,303,130,42.90,292,251,85.96,61,18.10,41.9,79.84,81.88,88.96,24.911932,93.609299,2025-03-31
MAN-TAM-01-003,Manipur,Tamenglong,Tamenglong,Tamenglong Local Council Group 01,Tamenglong Demo Village 003,4135,765,732,639,518,81.06,631,284,45.01,533,394,73.92,655,465,70.99,129,17.62,76.92,39.01,81.06,72.99,24.978661,93.608314,2025-03-31
MAN-TAM-01-004,Manipur,Tamenglong,Tamenglong,Tamenglong Local Council Group 01,Tamenglong Demo Village 004,2539,624,532,406,158,38.92,441,309,70.07,419,302,72.08,406,325,80.05,15,2.82,68.08,76.07,38.92,79.05,25.074446,93.501576,2025-03-31
MAN-TAM-01-005,Manipur,Tamenglong,Tamenglong,Tamenglong Local Council Group 01,Tamenglong Demo Village 005,3904,748,747,728,575,78.98,688,495,71.95,568,454,79.93,587,170,28.96,48,6.43,83.93,72.95,73.98,24.96,24.880362,93.478234,2025-03-31
MAN-TAM-01-006,Manipur,Tamenglong,Tamenglong,Tamenglong Local Council Group 02,Tamenglong Demo Village 006,3618,747,507,436,244,55.96,396,119,30.05,499,279,55.91,499,279,55.91,111,21.89,55.91,29.05,49.96,61.91,24.928712,93.488034,2025-03-31
MAN-TAM-01-007,Manipur,Tamenglong,Tamenglong,Tamenglong Local Council Group 02,Tamenglong Demo Village 007,1367,327,324,257,224,87.16,270,238,88.15,296,258,87.16,301,247,82.06,131,40.43,90.16,91.15,89.16,86.06,25.000549,93.608091,2025-03-31
MAN-TAM-01-008,Manipur,Tamenglong,Tamenglong,Tamenglong Local Council Group 02,Tamenglong Demo Village 008,1674,388,318,272,196,72.06,241,193,80.08,251,201,80.08,317,235,74.13,63,19.81,99.0,99.0,95.06,92.13,25.045509,93.385062,2025-03-31
MAN-TAM-01-009,Manipur,Tamenglong,Tamenglong,Tamenglong Local Council Group 02,Tamenglong Demo Village 009,1618,358,286,247,230,93.12,224,94,41.96,264,235,89.02,264,127,48.11,37,12.94,90.02,47.96,90.12,46.11,25.002865,93.507468,2025-03-31
MAN-TAM-01-010,Manipur,Tamenglong,Tamenglong,Tamenglong Local Council Group 02,Tamenglong Demo Village 010,3178,606,428,331,261,78.85,374,262,70.05,370,289,78.11,343,278,81.05,49,11.45,76.11,67.05,80.85,84.05,24.879828,93.391504,2025-03-31
MAN-TAM-01-011,Manipur,Tamenglong,Tamenglong,Tamenglong Local Council Group 03,Tamenglong Demo Village 011,1358,330,291,271,163,60.15,264,177,67.05,237,118,49.79,263,132,50.19,57,19.59,52.79,69.05,58.15,44.19,24.981828,93.496532,2025-03-31
MAN-TAM-01-012,Manipur,Tamenglong,Tamenglong,Tamenglong Local Council Group 03,Tamenglong Demo Village 012,2333,402,301,254,231,90.94,264,227,85.98,265,249,93.96,294,265,90.14,30,9.97,99.0,86.98,84.94,93.14,24.903479,93.39378,2025-03-31
MAN-TAM-01-013,Manipur,Tamenglong,Tamenglong,Tamenglong Local Council Group 03,Tamenglong Demo Village 013,2864,667,563,511,480,93.93,489,440,89.98,463,384,82.94,458,389,84.93,28,4.97,79.94,87.98,93.93,80.93,24.924091,93.45645,2025-03-31
MAN-TAM-01-014,Manipur,Tamenglong,Tamenglong,Tamenglong Local Council Group 03,Tamenglong Demo Village 014,1470,275,250,221,179,81.00,222,173,77.93,194,62,31.96,203,183,90.15,48,19.20,32.96,78.93,75.0,88.15,24.918296,93.44097,2025-03-31
MAN-TAM-01-015,Manipur,Tamenglong,Tamenglong,Tamenglong Local Council Group 03,Tamenglong Demo Village 015,3701,626,494,477,348,72.96,393,165,41.98,424,310,73.11,375,281,74.93,49,9.92,71.11,40.98,67.96,71.93,24.980276,93.439704,2025-03-31
MAN-TAM-01-016,Manipur,Tamenglong,Tamenglong,Tamenglong Local Council Group 04,Tamenglong Demo Village 016,1862,435,361,270,81,30.00,265,241,90.94,278,220,79.14,328,259,78.96,32,8.86,74.14,89.94,35.0,80.96,25.027514,93.518129,2025-03-31
MAN-TAM-01-017,Manipur,Tamenglong,Tamenglong,Tamenglong Local Council Group 04,Tamenglong Demo Village 017,1015,203,167,132,102,77.27,144,130,90.28,149,112,75.17,121,47,38.84,2,1.20,78.17,91.28,78.27,37.84,25.057475,93.392478,2025-03-31
MAN-TAM-01-018,Manipur,Tamenglong,Tamenglong,Tamenglong Local Council Group 04,Tamenglong Demo Village 018,1624,418,316,284,162,57.04,275,102,37.09,240,72,30.00,303,161,53.14,88,27.85,33.0,35.09,59.04,54.14,25.05543,93.525617,2025-03-31
MAN-TAM-01-019,Manipur,Tamenglong,Tamenglong,Tamenglong Local Council Group 04,Tamenglong Demo Village 019,586,143,126,112,83,74.11,95,67,70.53,122,85,69.67,119,90,75.63,40,31.75,72.67,67.53,80.11,69.63,24.928194,93.39406,2025-03-31
MAN-TAM-01-020,Manipur,Tamenglong,Tamenglong,Tamenglong Local Council Group 04,Tamenglong Demo Village 020,2118,569,507,390,234,60.00,501,306,61.08,442,362,81.90,483,299,61.90,76,14.99,99.0,87.08,75.0,90.9,24.941953,93.492657,2025-03-31
MAN-TAM-01-021,Manipur,Tamenglong,Tamenglong,Tamenglong Local Council Group 05,Tamenglong Demo Village 021,2497,611,522,520,499,95.96,520,244,46.92,458,389,84.93,501,240,47.90,32,6.13,89.93,44.92,96.96,42.9,24.897172,93.48559,2025-03-31
MAN-TAM-01-022,Manipur,Tamenglong,Tamenglong,Tamenglong Local Council Group 05,Tamenglong Demo Village 022,847,179,169,143,129,90.21,156,134,85.90,141,127,90.07,140,108,77.14,13,7.69,93.07,83.9,90.21,74.14,24.926396,93.524002,2025-03-31
MAN-TAM-01-023,Manipur,Tamenglong,Tamenglong,Tamenglong Local Council Group 05,Tamenglong Demo Village 023,1518,336,219,204,116,56.86,158,95,60.13,190,144,75.79,165,124,75.15,22,10.05,73.79,59.13,52.86,74.15,25.033079,93.466049,2025-03-31
MAN-TAM-01-024,Manipur,Tamenglong,Tamenglong,Tamenglong Local Council Group 05,Tamenglong Demo Village 024,1178,266,227,168,151,89.88,186,136,73.12,187,176,94.12,170,151,88.82,26,11.45,93.12,68.12,86.88,90.82,25.05141,93.417863,2025-03-31
MAN-TAM-01-025,Manipur,Tamenglong,Tamenglong,Tamenglong Local Council Group 05,Tamenglong Demo Village 025,3131,589,517,404,360,89.11,515,453,87.96,476,400,84.03,447,411,91.95,21,4.06,83.03,86.96,85.11,87.95,24.999618,93.58416,2025-03-31
MAN-TAM-01-026,Manipur,Tamenglong,Tamenglong,Tamenglong Local Council Group 06,Tamenglong Demo Village 026,2665,517,378,331,275,83.08,295,206,69.83,312,134,42.95,273,205,75.09,56,14.81,36.95,71.83,80.08,79.09,24.937269,93.563045,2025-03-31
MAN-TAM-01-027,Manipur,Tamenglong,Tamenglong,Tamenglong Local Council Group 06,Tamenglong Demo Village 027,1947,353,335,300,273,91.00,304,85,27.96,335,275,82.09,324,269,83.02,59,17.61,80.09,24.96,88.0,80.02,24.884518,93.473377,2025-03-31
MAN-TAM-01-028,Manipur,Tamenglong,Tamenglong,Tamenglong Local Council Group 06,Tamenglong Demo Village 028,786,164,142,122,45,36.89,105,90,85.71,118,104,88.14,105,87,82.86,9,6.34,92.14,82.71,32.89,85.86,24.970089,93.428307,2025-03-31
MAN-TAM-01-029,Manipur,Tamenglong,Tamenglong,Tamenglong Local Council Group 06,Tamenglong Demo Village 029,262,63,41,30,26,86.67,36,30,83.33,41,37,90.24,33,13,39.39,5,12.20,95.24,81.33,91.67,35.39,25.047655,93.564202,2025-03-31
MAN-TAM-01-030,Manipur,Tamenglong,Tamenglong,Tamenglong Local Council Group 06,Tamenglong Demo Village 030,2612,668,428,389,198,50.90,367,206,56.13,420,176,41.90,351,119,33.90,129,30.14,43.9,57.13,53.9,32.9,25.00931,93.511695,2025-03-31
MAN-TAM-01-031,Manipur,Tamenglong,Tamenglong,Tamenglong Local Council Group 07,Tamenglong Demo Village 031,2038,364,233,192,152,79.17,223,152,68.16,215,194,90.23,222,182,81.98,91,39.06,87.23,63.16,74.17,79.98,24.991081,93.433911,2025-03-31
MAN-TAM-01-032,Manipur,Tamenglong,Tamenglong,Tamenglong Local Council Group 07,Tamenglong Demo Village 032,1772,390,375,363,283,77.96,330,254,76.97,270,200,74.07,350,276,78.86,34,9.07,91.07,99.0,91.96,99.0,24.87548,93.468197,2025-03-31
MAN-TAM-01-033,Manipur,Tamenglong,Tamenglong,Tamenglong Local Council Group 07,Tamenglong Demo Village 033,1107,242,214,186,173,93.01,198,93,46.97,202,180,89.11,161,77,47.83,35,16.36,88.11,45.97,96.01,43.83,24.983175,93.588389,2025-03-31
MAN-TAM-01-034,Manipur,Tamenglong,Tamenglong,Tamenglong Local Council Group 07,Tamenglong Demo Village 034,1189,202,169,124,104,83.87,132,110,83.33,144,105,72.92,122,90,73.77,13,7.69,70.92,80.33,87.87,77.77,24.901228,93.462987,2025-03-31
MAN-TAM-01-035,Manipur,Tamenglong,Tamenglong,Tamenglong Local Council Group 07,Tamenglong Demo Village 035,1341,312,253,218,142,65.14,245,118,48.16,253,167,66.01,187,101,54.01,35,13.83,62.01,51.16,62.14,57.01,24.952991,93.465098,2025-03-31
MAN-TAM-01-036,Manipur,Tamenglong,Tamenglong,Tamenglong Local Council Group 08,Tamenglong Demo Village 036,2718,614,419,320,294,91.88,410,303,73.90,351,305,86.89,331,305,92.15,79,18.85,88.89,70.9,85.88,93.15,24.908154,93.41562,2025-03-31
MAN-TAM-01-037,Manipur,Tamenglong,Tamenglong,Tamenglong Local Council Group 08,Tamenglong Demo Village 037,1834,483,417,313,266,84.98,397,326,82.12,331,305,92.15,342,332,97.08,14,3.36,87.15,81.12,81.98,93.08,24.895996,93.604938,2025-03-31
MAN-TAM-01-038,Manipur,Tamenglong,Tamenglong,Tamenglong Local Council Group 08,Tamenglong Demo Village 038,1816,458,293,225,178,79.11,278,253,91.01,252,86,34.13,260,195,75.00,34,11.60,35.13,93.01,73.11,73.0,25.052344,93.437142,2025-03-31
MAN-TAM-01-039,Manipur,Tamenglong,Tamenglong,Tamenglong Local Council Group 08,Tamenglong Demo Village 039,3267,717,547,492,443,90.04,460,156,33.91,398,310,77.89,454,359,79.07,69,12.61,75.89,30.91,92.04,77.07,24.938919,93.506617,2025-03-31
MAN-TAM-01-040,Manipur,Tamenglong,Tamenglong,Tamenglong Local Council Group 08,Tamenglong Demo Village 040,3648,633,553,485,213,43.92,485,398,82.06,450,378,84.00,460,391,85.00,77,13.92,86.0,81.06,41.92,86.0,25.074003,93.591767,2025-03-31
MAN-TAM-01-041,Manipur,Tamenglong,Tamenglong,Tamenglong Local Council Group 09,Tamenglong Demo Village 041,2254,494,407,313,257,82.11,305,220,72.13,387,313,80.88,381,179,46.98,48,11.79,81.88,74.13,80.11,52.98,25.08929,93.563673,2025-03-31
MAN-TAM-01-042,Manipur,Tamenglong,Tamenglong,Tamenglong Local Council Group 09,Tamenglong Demo Village 042,2039,496,413,337,148,43.92,357,154,43.14,369,159,43.09,337,158,46.88,129,31.23,44.09,38.14,46.92,45.88,24.903862,93.544727,2025-03-31
MAN-TAM-02-001,Manipur,Tamenglong,Tamei,Tamei Local Council Group 01,Tamei Demo Village 001,1008,226,206,153,135,88.24,165,139,84.24,181,127,70.17,168,126,75.00,73,35.44,71.17,79.24,93.24,76.0,25.00338,93.59136,2025-03-31
MAN-TAM-02-002,Manipur,Tamenglong,Tamei,Tamei Local Council Group 01,Tamei Demo Village 002,4256,724,554,537,381,70.95,543,418,76.98,487,399,81.93,516,330,63.95,21,3.79,99.0,99.0,88.95,79.95,25.050051,93.60977,2025-03-31
MAN-TAM-02-003,Manipur,Tamenglong,Tamei,Tamei Local Council Group 01,Tamei Demo Village 003,1290,240,239,192,180,93.75,190,78,41.05,177,166,93.79,189,87,46.03,29,12.13,98.79,42.05,91.75,51.03,25.009319,93.549027,2025-03-31
MAN-TAM-02-004,Manipur,Tamenglong,Tamei,Tamei Local Council Group 01,Tamei Demo Village 004,3117,677,565,490,338,68.98,475,399,84.00,536,375,69.96,461,360,78.09,87,15.40,71.96,87.0,68.98,79.09,25.001278,93.49534,2025-03-31
MAN-TAM-02-005,Manipur,Tamenglong,Tamei,Tamei Local Council Group 01,Tamei Demo Village 005,2898,773,503,461,254,55.10,450,256,56.89,433,299,69.05,372,223,59.95,69,13.72,70.05,59.89,56.1,59.95,25.085371,93.520315,2025-03-31
MAN-TAM-02-006,Manipur,Tamenglong,Tamei,Tamei Local Council Group 02,Tamei Demo Village 006,2713,456,392,386,317,82.12,350,242,69.14,325,257,79.08,358,265,74.02,9,2.30,74.08,71.14,88.12,70.02,24.910715,93.530335,2025-03-31
MAN-TAM-02-007,Manipur,Tamenglong,Tamei,Tamei Local Council Group 02,Tamei Demo Village 007,459,120,119,116,101,87.07,91,85,93.41,93,83,89.25,86,81,94.19,22,18.49,85.25,92.41,87.07,92.19,24.923455,93.538234,2025-03-31
MAN-TAM-02-008,Manipur,Tamenglong,Tamei,Tamei Local Council Group 02,Tamei Demo Village 008,3047,598,454,432,307,71.06,378,321,84.92,331,116,35.05,432,380,87.96,89,19.60,30.05,80.92,73.06,85.96,24.975982,93.522523,2025-03-31
MAN-TAM-02-009,Manipur,Tamenglong,Tamei,Tamei Local Council Group 02,Tamei Demo Village 009,637,106,102,74,59,79.73,88,33,37.50,75,63,84.00,99,71,71.72,11,10.78,79.0,35.5,83.73,68.72,25.087023,93.401076,2025-03-31
MAN-TAM-02-010,Manipur,Tamenglong,Tamei,Tamei Local Council Group 02,Tamei Demo Village 010,2575,507,382,362,141,38.95,327,232,70.95,359,255,71.03,324,249,76.85,5,1.31,75.03,65.95,38.95,70.85,24.972579,93.436555,2025-03-31
MAN-TAM-02-011,Manipur,Tamenglong,Tamei,Tamei Local Council Group 03,Tamei Demo Village 011,1872,361,316,246,199,80.89,299,230,76.92,281,239,85.05,274,132,48.18,28,8.86,86.05,80.92,74.89,49.18,24.902838,93.429375,2025-03-31
MAN-TAM-02-012,Manipur,Tamenglong,Tamei,Tamei Local Council Group 03,Tamei Demo Village 012,553,94,94,80,33,41.25,75,30,40.00,84,33,39.29,76,43,56.58,32,34.04,33.29,41.0,36.25,57.58,24.954055,93.486629,2025-03-31
MAN-TAM-02-013,Manipur,Tamenglong,Tamei,Tamei Local Council Group 03,Tamei Demo Village 013,2576,656,618,549,456,83.06,470,371,78.94,517,398,76.98,499,404,80.96,185,29.94,77.98,80.94,78.06,77.96,24.918008,93.422421,2025-03-31
MAN-TAM-02-014,Manipur,Tamenglong,Tamei,Tamei Local Council Group 03,Tamei Demo Village 014,1600,266,216,205,146,71.22,162,105,64.81,199,151,75.88,196,127,64.80,20,9.26,99.0,78.81,90.22,84.8,24.89507,93.528123,2025-03-31
MAN-TAM-02-015,Manipur,Tamenglong,Tamei,Tamei Local Council Group 03,Tamei Demo Village 015,2175,556,448,359,334,93.04,416,150,36.06,439,395,89.98,405,186,45.93,57,12.72,86.98,42.06,91.04,47.93,24.905875,93.431643,2025-03-31
MAN-TAM-02-016,Manipur,Tamenglong,Tamei,Tamei Local Council Group 04,Tamei Demo Village 016,535,140,123,98,91,92.86,114,101,88.60,110,103,93.64,114,82,71.93,16,13.01,98.64,83.6,87.86,69.93,24.99165,93.60425,2025-03-31
MAN-TAM-02-017,Manipur,Tamenglong,Tamei,Tamei Local Council Group 04,Tamei Demo Village 017,1151,191,187,183,113,61.75,167,120,71.86,137,99,72.26,136,73,53.68,13,6.95,69.26,69.86,58.75,53.68,25.089289,93.475031,2025-03-31
MAN-TAM-02-018,Manipur,Tamenglong,Tamei,Tamei Local Council Group 04,Tamei Demo Village 018,1738,339,282,274,255,93.07,273,224,82.05,266,239,89.85,240,173,72.08,50,17.73,88.85,88.05,96.07,77.08,24.98896,93.437812,2025-03-31
MAN-TAM-02-019,Manipur,Tamenglong,Tamei,Tamei Local Council Group 04,Tamei Demo Village 019,618,148,127,113,98,86.73,125,106,84.80,91,79,86.81,94,84,89.36,5,3.94,84.81,79.8,82.73,88.36,24.946101,93.384611,2025-03-31
MAN-TAM-02-020,Manipur,Tamenglong,Tamei,Tamei Local Council Group 04,Tamei Demo Village 020,3755,632,429,408,330,80.88,416,295,70.91,360,148,41.11,323,262,81.11,80,18.65,38.11,64.91,83.88,83.11,24.875916,93.543458,2025-03-31
MAN-TAM-02-021,Manipur,Tamenglong,Tamei,Tamei Local Council Group 05,Tamei Demo Village 021,1141,219,205,189,142,75.13,184,74,40.22,185,168,90.81,175,126,72.00,28,13.66,96.81,40.22,77.13,68.0,25.086412,93.381545,2025-03-31
MAN-TAM-02-022,Manipur,Tamenglong,Tamei,Tamei Local Council Group 05,Tamei Demo Village 022,2999,775,711,648,207,31.94,629,547,86.96,644,547,84.94,579,504,87.05,117,16.46,88.94,90.96,26.94,89.05,24.95832,93.455254,2025-03-31
MAN-TAM-02-023,Manipur,Tamenglong,Tamei,Tamei Local Council Group 05,Tamei Demo Village 023,651,136,106,90,68,75.56,84,63,75.00,92,80,86.96,96,36,37.50,10,9.43,83.96,71.0,70.56,42.5,24.91795,93.42087,2025-03-31
MAN-TAM-02-024,Manipur,Tamenglong,Tamei,Tamei Local Council Group 05,Tamei Demo Village 024,1153,235,147,138,62,44.93,123,46,37.40,141,69,48.94,106,45,42.45,46,31.29,44.94,33.4,50.93,47.45,25.011558,93.506214,2025-03-31
MAN-TAM-02-025,Manipur,Tamenglong,Tamei,Tamei Local Council Group 05,Tamei Demo Village 025,3970,753,725,526,379,72.05,634,495,78.08,614,460,74.92,679,523,77.03,178,24.55,72.92,73.08,68.05,83.03,24.965146,93.596972,2025-03-31
MAN-TAM-02-026,Manipur,Tamenglong,Tamei,Tamei Local Council Group 06,Tamei Demo Village 026,4639,775,671,652,417,63.96,563,360,63.94,501,416,83.03,550,402,73.09,49,7.30,97.03,87.94,85.96,87.09,24.871166,93.457495,2025-03-31
MAN-TAM-02-027,Manipur,Tamenglong,Tamei,Tamei Local Council Group 06,Tamei Demo Village 027,2850,713,638,499,469,93.99,556,239,42.99,476,433,90.97,570,234,41.05,15,2.35,94.97,38.99,88.99,37.05,24.966157,93.397382,2025-03-31
MAN-TAM-02-028,Manipur,Tamenglong,Tamei,Tamei Local Council Group 06,Tamei Demo Village 028,1622,303,207,191,174,91.10,189,157,83.07,156,140,89.74,193,162,83.94,21,10.14,94.74,89.07,93.1,78.94,24.891415,93.424731,2025-03-31
MAN-TAM-02-029,Manipur,Tamenglong,Tamei,Tamei Local Council Group 06,Tamei Demo Village 029,3312,780,563,441,234,53.06,497,273,54.93,466,266,57.08,557,306,54.94,97,17.23,56.08,49.93,48.06,52.94,25.006665,93.598281,2025-03-31
MAN-TAM-02-030,Manipur,Tamenglong,Tamei,Tamei Local Council Group 06,Tamei Demo Village 030,3711,649,493,485,398,82.06,463,417,90.06,358,283,79.05,479,417,87.06,95,19.27,77.05,94.06,88.06,88.06,25.017812,93.538889,2025-03-31
MAN-TAM-02-031,Manipur,Tamenglong,Tamei,Tamei Local Council Group 07,Tamei Demo Village 031,3418,597,386,297,258,86.87,293,246,83.96,381,358,93.96,323,300,92.88,50,12.95,88.96,83.96,81.87,89.88,25.000196,93.545208,2025-03-31
MAN-TAM-02-032,Manipur,Tamenglong,Tamei,Tamei Local Council Group 07,Tamei Demo Village 032,2993,513,391,369,314,85.09,287,215,74.91,301,150,49.83,355,270,76.06,51,13.04,52.83,69.91,88.09,79.06,24.953962,93.585607,2025-03-31
MAN-TAM-02-033,Manipur,Tamenglong,Tamei,Tamei Local Council Group 07,Tamei Demo Village 033,1309,274,215,190,162,85.26,169,51,30.18,212,165,77.83,215,168,78.14,37,17.21,76.83,31.18,83.26,79.14,25.060596,93.505838,2025-03-31
MAN-TAM-02-034,Manipur,Tamenglong,Tamei,Tamei Local Council Group 07,Tamei Demo Village 034,2326,529,419,325,159,48.92,311,224,72.03,416,379,91.11,398,322,80.90,39,9.31,97.11,74.03,52.92,74.9,24.92388,93.406516,2025-03-31
MAN-TAM-02-035,Manipur,Tamenglong,Tamei,Tamei Local Council Group 07,Tamei Demo Village 035,214,53,39,30,25,83.33,31,22,70.97,39,27,69.23,34,13,38.24,7,17.95,67.23,76.97,88.33,42.24,24.960991,93.570276,2025-03-31
MAN-TAM-02-036,Manipur,Tamenglong,Tamei,Tamei Local Council Group 08,Tamei Demo Village 036,743,169,150,143,76,53.15,108,62,57.41,138,79,57.25,129,63,48.84,30,20.00,52.25,57.41,47.15,46.84,24.978762,93.412597,2025-03-31
MAN-TAM-02-037,Manipur,Tamenglong,Tamei,Tamei Local Council Group 08,Tamei Demo Village 037,1514,327,323,274,241,87.96,260,185,71.15,245,174,71.02,319,274,85.89,89,27.55,75.02,69.15,93.96,83.89,25.009932,93.56435,2025-03-31
MAN-TAM-02-038,Manipur,Tamenglong,Tamei,Tamei Local Council Group 08,Tamei Demo Village 038,1107,276,269,250,210,84.00,198,145,73.23,249,197,79.12,203,171,84.24,31,11.52,94.12,99.0,99.0,99.0,25.065913,93.441058,2025-03-31
MAN-TAM-02-039,Manipur,Tamenglong,Tamei,Tamei Local Council Group 08,Tamei Demo Village 039,856,193,170,142,125,88.03,147,68,46.26,127,113,88.98,143,47,32.87,15,8.82,90.98,52.26,94.03,28.87,24.959461,93.603343,2025-03-31
MAN-TAM-02-040,Manipur,Tamenglong,Tamei,Tamei Local Council Group 08,Tamei Demo Village 040,3162,651,555,400,280,70.00,464,343,73.92,512,404,78.91,420,290,69.05,98,17.66,72.91,71.92,66.0,64.05,24.956199,93.532177,2025-03-31
MAN-TAM-02-041,Manipur,Tamenglong,Tamei,Tamei Local Council Group 09,Tamei Demo Village 041,2867,629,426,315,145,46.03,417,217,52.04,354,251,70.90,338,250,73.96,63,14.79,76.9,49.04,52.03,69.96,24.955217,93.43325,2025-03-31
MAN-TAM-02-042,Manipur,Tamenglong,Tamei,Tamei Local Council Group 09,Tamei Demo Village 042,2353,554,532,412,379,91.99,455,364,80.00,500,390,78.00,532,431,81.02,35,6.58,82.0,84.0,91.99,82.02,24.962844,93.445204,2025-03-31
MAN-TAM-03-001,Manipur,Tamenglong,Tousem,Tousem Local Council Group 01,Tousem Demo Village 001,2662,656,421,333,293,87.99,319,297,93.10,317,292,92.11,310,285,91.94,70,16.63,92.11,89.1,83.99,87.94,24.946758,93.553444,2025-03-31
MAN-TAM-03-002,Manipur,Tamenglong,Tousem,Tousem Local Council Group 01,Tousem Demo Village 002,1758,347,329,317,257,81.07,254,180,70.87,302,115,38.08,307,243,79.15,57,17.33,44.08,67.87,78.07,79.15,25.004798,93.610311,2025-03-31
MAN-TAM-03-003,Manipur,Tamenglong,Tousem,Tousem Local Council Group 01,Tousem Demo Village 003,2955,733,468,421,345,81.95,347,104,29.97,458,403,87.99,440,374,85.00,65,13.89,90.99,31.97,84.95,89.0,25.045109,93.577838,2025-03-31
MAN-TAM-03-004,Manipur,Tamenglong,Tousem,Tousem Local Council Group 01,Tousem Demo Village 004,599,117,86,75,30,40.00,65,57,87.69,77,62,80.52,69,52,75.36,5,5.81,81.52,83.69,34.0,76.36,24.885307,93.509243,2025-03-31
MAN-TAM-03-005,Manipur,Tamenglong,Tousem,Tousem Local Council Group 01,Tousem Demo Village 005,3348,763,694,615,554,90.08,592,414,69.93,588,517,87.93,678,244,35.99,120,17.29,89.93,67.93,84.08,38.99,25.078067,93.439267,2025-03-31
MAN-TAM-03-006,Manipur,Tamenglong,Tousem,Tousem Local Council Group 02,Tousem Demo Village 006,3859,777,623,616,351,56.98,469,216,46.06,586,246,41.98,600,240,40.00,151,24.24,36.98,50.06,51.98,45.0,24.873901,93.44947,2025-03-31
MAN-TAM-03-007,Manipur,Tamenglong,Tousem,Tousem Local Council Group 02,Tousem Demo Village 007,2167,514,447,431,306,71.00,367,283,77.11,378,276,73.02,326,251,76.99,178,39.82,78.02,77.11,68.0,82.99,24.87085,93.584577,2025-03-31
MAN-TAM-03-008,Manipur,Tamenglong,Tousem,Tousem Local Council Group 02,Tousem Demo Village 008,1831,384,260,187,137,73.26,199,123,61.81,226,151,66.81,237,194,81.86,14,5.38,84.81,90.81,87.26,99.0,25.086816,93.570836,2025-03-31
MAN-TAM-03-009,Manipur,Tamenglong,Tousem,Tousem Local Council Group 02,Tousem Demo Village 009,285,56,40,29,28,96.55,32,16,50.00,40,36,90.00,36,16,44.44,3,7.50,88.0,54.0,99.0,43.44,24.996479,93.5527,2025-03-31
MAN-TAM-03-010,Manipur,Tamenglong,Tousem,Tousem Local Council Group 02,Tousem Demo Village 010,1352,272,262,238,171,71.85,259,223,86.10,205,144,70.24,245,198,80.82,34,12.98,76.24,86.1,68.85,85.82,25.043856,93.418367,2025-03-31
MAN-TAM-03-011,Manipur,Tamenglong,Tousem,Tousem Local Council Group 03,Tousem Demo Village 011,3469,750,717,570,416,72.98,715,358,50.07,690,331,47.97,683,369,54.03,114,15.90,46.97,46.07,70.98,55.03,25.058486,93.44059,2025-03-31
MAN-TAM-03-012,Manipur,Tamenglong,Tousem,Tousem Local Council Group 03,Tousem Demo Village 012,1825,492,372,318,232,72.96,347,250,72.05,274,206,75.18,271,203,74.91,18,4.84,81.18,68.05,72.96,76.91,24.950855,93.450308,2025-03-31
MAN-TAM-03-013,Manipur,Tamenglong,Tousem,Tousem Local Council Group 03,Tousem Demo Village 013,3381,678,463,379,326,86.02,417,396,94.96,419,377,89.98,369,325,88.08,72,15.55,84.98,91.96,84.02,83.08,25.045085,93.431725,2025-03-31
MAN-TAM-03-014,Manipur,Tamenglong,Tousem,Tousem Local Council Group 03,Tousem Demo Village 014,2533,626,443,354,251,70.90,347,267,76.95,432,181,41.90,434,347,79.95,29,6.55,44.9,77.95,69.9,74.95,24.996873,93.408509,2025-03-31
MAN-TAM-03-015,Manipur,Tamenglong,Tousem,Tousem Local Council Group 03,Tousem Demo Village 015,2085,457,311,306,260,84.97,272,87,31.99,281,239,85.05,242,213,88.02,8,2.57,80.05,26.99,82.97,92.02,24.959864,93.42959,2025-03-31
MAN-TAM-03-016,Manipur,Tamenglong,Tousem,Tousem Local Council Group 04,Tousem Demo Village 016,2651,481,448,410,209,50.98,344,275,79.94,325,237,72.92,323,294,91.02,87,19.42,76.92,82.94,51.98,88.02,25.063822,93.391866,2025-03-31
MAN-TAM-03-017,Manipur,Tamenglong,Tousem,Tousem Local Council Group 04,Tousem Demo Village 017,2125,399,388,329,270,82.07,328,285,86.89,283,258,91.17,371,148,39.89,13,3.35,91.17,87.89,88.07,44.89,25.066679,93.431536,2025-03-31
MAN-TAM-03-018,Manipur,Tamenglong,Tousem,Tousem Local Council Group 04,Tousem Demo Village 018,2691,455,371,362,159,43.92,356,178,50.00,358,118,32.96,344,158,45.93,76,20.49,29.96,45.0,45.92,48.93,25.016999,93.406877,2025-03-31
MAN-TAM-03-019,Manipur,Tamenglong,Tousem,Tousem Local Council Group 04,Tousem Demo Village 019,2773,484,483,390,335,85.90,377,305,80.90,417,342,82.01,356,246,69.10,123,25.47,81.01,75.9,82.9,72.1,25.089108,93.416189,2025-03-31
MAN-TAM-03-020,Manipur,Tamenglong,Tousem,Tousem Local Council Group 04,Tousem Demo Village 020,777,192,145,113,85,75.22,116,90,77.59,125,92,73.60,121,92,76.03,13,8.97,98.6,99.0,99.0,99.0,24.931125,93.476356,2025-03-31
MAN-TAM-03-021,Manipur,Tamenglong,Tousem,Tousem Local Council Group 05,Tousem Demo Village 021,4584,762,529,408,400,98.04,493,232,47.06,432,402,93.06,405,146,36.05,38,7.18,90.06,47.06,94.04,39.05,24.981612,93.53427,2025-03-31
MAN-TAM-03-022,Manipur,Tamenglong,Tousem,Tousem Local Council Group 05,Tousem Demo Village 022,2334,404,396,344,237,68.90,305,210,68.85,360,324,90.00,395,359,90.89,65,16.41,93.0,67.85,72.9,95.89,25.000544,93.471437,2025-03-31
MAN-TAM-03-023,Manipur,Tamenglong,Tousem,Tousem Local Council Group 05,Tousem Demo Village 023,4284,767,602,467,252,53.96,513,308,60.04,558,340,60.93,597,281,47.07,94,15.61,54.93,66.04,50.96,41.07,24.905819,93.398684,2025-03-31
MAN-TAM-03-024,Manipur,Tamenglong,Tousem,Tousem Local Council Group 05,Tousem Demo Village 024,2140,472,326,237,220,92.83,281,261,92.88,273,229,83.88,307,273,88.93,16,4.91,88.88,91.88,95.83,89.93,25.015205,93.534609,2025-03-31
MAN-TAM-03-025,Manipur,Tamenglong,Tousem,Tousem Local Council Group 05,Tousem Demo Village 025,1017,270,232,209,180,86.12,227,216,95.15,186,154,82.80,218,183,83.94,35,15.09,80.8,92.15,83.12,81.94,24.870645,93.412511,2025-03-31
MAN-TAM-03-026,Manipur,Tamenglong,Tousem,Tousem Local Council Group 06,Tousem Demo Village 026,2723,523,383,309,247,79.94,372,294,79.03,320,157,49.06,366,307,83.88,15,3.92,52.06,77.03,73.94,82.88,24.90042,93.613296,2025-03-31
MAN-TAM-03-027,Manipur,Tamenglong,Tousem,Tousem Local Council Group 06,Tousem Demo Village 027,3141,772,585,472,335,70.97,440,128,29.09,562,450,80.07,580,406,70.00,63,10.77,81.07,31.09,69.97,68.0,25.077461,93.486069,2025-03-31
MAN-TAM-03-028,Manipur,Tamenglong,Tousem,Tousem Local Council Group 06,Tousem Demo Village 028,1672,300,264,230,99,43.04,247,210,85.02,225,164,72.89,222,182,81.98,26,9.85,72.89,83.02,41.04,78.98,24.918611,93.579956,2025-03-31
MAN-TAM-03-029,Manipur,Tamenglong,Tousem,Tousem Local Council Group 06,Tousem Demo Village 029,1290,232,166,130,116,89.23,128,90,70.31,127,116,91.34,134,60,44.78,25,15.06,85.34,75.31,94.23,40.78,24.948176,93.476089,2025-03-31
MAN-TAM-03-030,Manipur,Tamenglong,Tousem,Tousem Local Council Group 06,Tousem Demo Village 030,689,146,98,82,43,52.44,88,45,51.14,82,28,34.15,97,48,49.48,30,30.61,28.15,50.14,54.44,53.48,24.984806,93.514823,2025-03-31
MAN-TAM-03-031,Manipur,Tamenglong,Tousem,Tousem Local Council Group 07,Tousem Demo Village 031,393,71,47,41,37,90.24,35,25,71.43,39,27,69.23,46,32,69.57,20,42.55,70.23,71.43,94.24,75.57,25.03074,93.386493,2025-03-31
MAN-TAM-03-032,Manipur,Tamenglong,Tousem,Tousem Local Council Group 07,Tousem Demo Village 032,755,167,121,120,72,60.00,110,69,62.73,114,74,64.91,105,78,74.29,5,4.13,78.91,86.73,75.0,99.0,24.982537,93.442919,2025-03-31
MAN-TAM-03-033,Manipur,Tamenglong,Tousem,Tousem Local Council Group 07,Tousem Demo Village 033,1089,186,115,104,96,92.31,84,34,40.48,108,92,85.19,114,51,44.74,18,15.65,79.19,36.48,98.31,46.74,24.977665,93.529347,2025-03-31
MAN-TAM-03-034,Manipur,Tamenglong,Tousem,Tousem Local Council Group 07,Tousem Demo Village 034,1454,367,301,223,203,91.03,222,162,72.97,225,202,89.78,272,204,75.00,47,15.61,90.78,77.97,95.03,70.0,25.017552,93.439097,2025-03-31
MAN-TAM-03-035,Manipur,Tamenglong,Tousem,Tousem Local Council Group 07,Tousem Demo Village 035,2872,501,336,251,156,62.15,285,188,65.96,252,189,75.00,323,207,64.09,15,4.46,79.0,64.96,64.15,65.09,24.918518,93.534377,2025-03-31
MAN-TAM-03-036,Manipur,Tamenglong,Tousem,Tousem Local Council Group 08,Tousem Demo Village 036,2250,546,411,370,274,74.05,388,303,78.09,306,266,86.93,351,263,74.93,12,2.92,87.93,73.09,77.05,75.93,24.975578,93.478423,2025-03-31
MAN-TAM-03-037,Manipur,Tamenglong,Tousem,Tousem Local Council Group 08,Tousem Demo Village 037,1735,461,409,362,344,95.03,308,271,87.99,338,294,86.98,352,320,90.91,45,11.00,82.98,84.99,93.03,89.91,25.019187,93.547521,2025-03-31
MAN-TAM-03-038,Manipur,Tamenglong,Tousem,Tousem Local Council Group 08,Tousem Demo Village 038,2297,418,327,245,186,75.92,302,220,72.85,287,89,31.01,309,226,73.14,15,4.59,33.01,77.85,71.92,79.14,24.963085,93.394674,2025-03-31
MAN-TAM-03-039,Manipur,Tamenglong,Tousem,Tousem Local Council Group 08,Tousem Demo Village 039,648,157,144,138,120,86.96,131,52,39.69,121,85,70.25,141,114,80.85,8,5.56,64.25,38.69,81.96,76.85,24.89908,93.472737,2025-03-31
MAN-TAM-03-040,Manipur,Tamenglong,Tousem,Tousem Local Council Group 08,Tousem Demo Village 040,2768,536,355,274,99,36.13,293,223,76.11,335,278,82.99,262,189,72.14,34,9.58,88.99,71.11,42.13,73.14,25.010625,93.486092,2025-03-31
MAN-TAM-03-041,Manipur,Tamenglong,Tousem,Tousem Local Council Group 09,Tousem Demo Village 041,1734,336,312,248,218,87.90,312,250,80.13,238,209,87.82,249,105,42.17,46,14.74,89.82,80.13,83.9,38.17,24.941163,93.55079,2025-03-31
MAN-TEN-01-001,Manipur,Tengnoupal,Tengnoupal,Tengnoupal Local Council Group 01,Tengnoupal Demo Village 001,2712,656,443,384,146,38.02,392,345,88.01,436,392,89.91,437,332,75.97,21,4.74,86.91,88.01,39.02,81.97,24.27713,94.240138,2025-03-31
MAN-TEN-01-002,Manipur,Tengnoupal,Tengnoupal,Tengnoupal Local Council Group 01,Tengnoupal Demo Village 002,1408,235,180,168,129,76.79,168,129,76.79,177,156,88.14,163,68,41.72,35,19.44,91.14,78.79,71.79,37.72,24.197214,94.093088,2025-03-31
MAN-TEN-01-003,Manipur,Tengnoupal,Tengnoupal,Tengnoupal Local Council Group 01,Tengnoupal Demo Village 003,533,122,107,107,44,41.12,101,39,38.61,78,29,37.18,100,36,36.00,27,25.23,31.18,33.61,41.12,35.0,24.161787,94.164241,2025-03-31
MAN-TEN-01-004,Manipur,Tengnoupal,Tengnoupal,Tengnoupal Local Council Group 01,Tengnoupal Demo Village 004,2320,563,426,397,270,68.01,323,255,78.95,395,269,68.10,307,273,88.93,158,37.09,72.1,72.95,68.01,85.93,24.226966,94.118152,2025-03-31
MAN-TEN-01-005,Manipur,Tengnoupal,Tengnoupal,Tengnoupal Local Council Group 01,Tengnoupal Demo Village 005,1024,185,154,116,94,81.03,140,94,67.14,127,97,76.38,139,111,79.86,4,2.60,99.0,81.14,99.0,99.0,24.233988,94.060102,2025-03-31
MAN-TEN-01-006,Manipur,Tengnoupal,Tengnoupal,Tengnoupal Local Council Group 02,Tengnoupal Demo Village 006,2601,674,600,542,504,92.99,438,175,39.95,486,471,96.91,570,262,45.96,79,13.17,98.91,40.95,92.99,47.96,24.317177,94.195489,2025-03-31
MAN-TEN-01-007,Manipur,Tengnoupal,Tengnoupal,Tengnoupal Local Council Group 02,Tengnoupal Demo Village 007,657,110,89,87,71,81.61,68,54,79.41,67,55,82.09,66,58,87.88,8,8.99,82.09,77.41,79.61,88.88,24.242464,94.177337,2025-03-31
MAN-TEN-01-008,Manipur,Tengnoupal,Tengnoupal,Tengnoupal Local Council Group 02,Tengnoupal Demo Village 008,2365,602,552,525,388,73.90,423,321,75.89,483,324,67.08,457,279,61.05,69,12.50,67.08,77.89,74.9,59.05,24.309332,94.042344,2025-03-31
MAN-TEN-01-009,Manipur,Tengnoupal,Tengnoupal,Tengnoupal Local Council Group 02,Tengnoupal Demo Village 009,427,93,92,85,60,70.59,68,50,73.53,66,62,93.94,83,68,81.93,17,18.48,98.94,74.53,69.59,81.93,24.177508,94.238714,2025-03-31
MAN-TEN-01-010,Manipur,Tengnoupal,Tengnoupal,Tengnoupal Local Council Group 02,Tengnoupal Demo Village 010,1649,404,401,366,355,96.99,309,284,91.91,392,345,88.01,338,297,87.87,51,12.72,85.01,91.91,91.99,84.87,24.234869,94.182639,2025-03-31
MAN-TEN-01-011,Manipur,Tengnoupal,Tengnoupal,Tengnoupal Local Council Group 03,Tengnoupal Demo Village 011,1671,372,310,224,190,84.82,284,253,89.08,254,91,35.83,269,202,75.09,9,2.90,33.83,84.08,88.82,81.09,24.197336,94.205525,2025-03-31
MAN-TEN-01-012,Manipur,Tengnoupal,Tengnoupal,Tengnoupal Local Council Group 03,Tengnoupal Demo Village 012,4138,766,544,453,412,90.95,516,258,50.00,433,381,87.99,535,401,74.95,70,12.87,83.99,48.0,86.95,72.95,24.237881,94.101923,2025-03-31
MAN-TEN-01-013,Manipur,Tengnoupal,Tengnoupal,Tengnoupal Local Council Group 03,Tengnoupal Demo Village 013,1252,260,165,137,52,37.96,162,138,85.19,158,125,79.11,120,106,88.33,27,16.36,85.11,89.19,37.96,86.33,24.257431,94.142791,2025-03-31
MAN-TEN-01-014,Manipur,Tengnoupal,Tengnoupal,Tengnoupal Local Council Group 03,Tengnoupal Demo Village 014,1941,360,303,241,171,70.95,239,184,76.99,232,174,75.00,223,78,34.98,54,17.82,71.0,72.99,68.95,29.98,24.274707,94.110754,2025-03-31
MAN-TEN-01-015,Manipur,Tengnoupal,Tengnoupal,Tengnoupal Local Council Group 03,Tengnoupal Demo Village 015,3277,593,413,397,127,31.99,314,129,41.08,315,158,50.16,359,140,39.00,137,33.17,50.16,36.08,31.99,36.0,24.335115,94.086666,2025-03-31
MAN-TEN-01-016,Manipur,Tengnoupal,Tengnoupal,Tengnoupal Local Council Group 04,Tengnoupal Demo Village 016,1245,252,211,156,125,80.13,163,130,79.75,169,127,75.15,186,136,73.12,53,25.12,78.15,80.75,74.13,70.12,24.237994,94.222303,2025-03-31
MAN-TEN-01-017,Manipur,Tengnoupal,Tengnoupal,Tengnoupal Local Council Group 04,Tengnoupal Demo Village 017,1598,362,299,216,147,68.06,250,205,82.00,293,229,78.16,265,180,67.92,35,11.71,99.0,99.0,90.06,93.92,24.166833,94.256697,2025-03-31
MAN-TEN-01-018,Manipur,Tengnoupal,Tengnoupal,Tengnoupal Local Council Group 04,Tengnoupal Demo Village 018,2176,542,415,299,278,92.98,404,198,49.01,401,385,96.01,351,186,52.99,56,13.49,92.01,53.01,89.98,49.99,24.346036,94.198675,2025-03-31
MAN-TEN-01-019,Manipur,Tengnoupal,Tengnoupal,Tengnoupal Local Council Group 04,Tengnoupal Demo Village 019,4102,748,646,475,380,80.00,597,448,75.04,588,429,72.96,519,441,84.97,48,7.43,72.96,76.04,80.0,89.97,24.23456,94.223514,2025-03-31
MAN-TEN-01-020,Manipur,Tengnoupal,Tengnoupal,Tengnoupal Local Council Group 04,Tengnoupal Demo Village 020,1884,321,226,218,129,59.17,206,159,77.18,182,124,68.13,174,122,70.11,7,3.10,62.13,82.18,61.17,68.11,24.245675,94.149187,2025-03-31
MAN-TEN-01-021,Manipur,Tengnoupal,Tengnoupal,Tengnoupal Local Council Group 05,Tengnoupal Demo Village 021,1047,252,174,128,119,92.97,152,129,84.87,160,117,73.13,163,140,85.89,5,2.87,76.13,86.87,91.97,80.89,24.220959,94.16004,2025-03-31
MAN-TEN-01-022,Manipur,Tengnoupal,Tengnoupal,Tengnoupal Local Council Group 05,Tengnoupal Demo Village 022,183,43,33,27,22,81.48,32,30,93.75,31,27,87.10,32,26,81.25,6,18.18,82.1,91.75,80.48,80.25,24.29762,94.247655,2025-03-31
MAN-TEN-01-023,Manipur,Tengnoupal,Tengnoupal,Tengnoupal Local Council Group 05,Tengnoupal Demo Village 023,1830,375,236,174,137,78.74,200,158,79.00,233,98,42.06,194,136,70.10,8,3.39,39.06,83.0,74.74,65.1,24.346278,94.036716,2025-03-31
MAN-TEN-01-024,Manipur,Tengnoupal,Tengnoupal,Tengnoupal Local Council Group 05,Tengnoupal Demo Village 024,3216,704,492,445,392,88.09,445,174,39.10,485,388,80.00,453,344,75.94,75,15.24,81.0,44.1,93.09,69.94,24.188034,94.09151,2025-03-31
MAN-TEN-01-025,Manipur,Tengnoupal,Tengnoupal,Tengnoupal Local Council Group 05,Tengnoupal Demo Village 025,1838,441,412,391,133,34.02,400,336,84.00,346,294,84.97,403,363,90.07,36,8.74,87.97,85.0,31.02,90.07,24.260551,94.0503,2025-03-31
MAN-TEN-01-026,Manipur,Tengnoupal,Tengnoupal,Tengnoupal Local Council Group 06,Tengnoupal Demo Village 026,819,149,141,122,110,90.16,122,100,81.97,112,101,90.18,126,64,50.79,3,2.13,95.18,87.97,87.16,49.79,24.315463,94.259031,2025-03-31
MAN-TEN-01-027,Manipur,Tengnoupal,Tengnoupal,Tengnoupal Local Council Group 06,Tengnoupal Demo Village 027,1562,402,307,303,106,34.98,284,97,34.15,270,100,37.04,238,109,45.80,70,22.80,35.04,38.15,30.98,49.8,24.261974,94.209526,2025-03-31
MAN-TEN-01-028,Manipur,Tengnoupal,Tengnoupal,Tengnoupal Local Council Group 06,Tengnoupal Demo Village 028,2641,639,608,593,510,86.00,477,339,71.07,596,530,88.93,559,470,84.08,162,26.64,85.93,67.07,83.0,80.08,24.28679,94.236942,2025-03-31
MAN-TEN-01-029,Manipur,Tengnoupal,Tengnoupal,Tengnoupal Local Council Group 06,Tengnoupal Demo Village 029,1406,358,291,291,204,70.10,264,211,79.92,280,193,68.93,211,171,81.04,38,13.06,92.93,99.0,95.1,99.0,24.353185,94.177514,2025-03-31
MAN-TEN-01-030,Manipur,Tengnoupal,Tengnoupal,Tengnoupal Local Council Group 06,Tengnoupal Demo Village 030,658,111,99,74,69,93.24,98,43,43.88,84,81,96.43,76,29,38.16,9,9.09,99.0,47.88,98.24,37.16,24.16353,94.031809,2025-03-31
MAN-TEN-01-031,Manipur,Tengnoupal,Tengnoupal,Tengnoupal Local Council Group 07,Tengnoupal Demo Village 031,3064,693,595,435,318,73.10,532,367,68.98,527,469,88.99,487,341,70.02,27,4.54,88.99,67.98,68.1,76.02,24.236302,94.079675,2025-03-31
MAN-TEN-01-032,Manipur,Tengnoupal,Tengnoupal,Tengnoupal Local Council Group 07,Tengnoupal Demo Village 032,2018,469,312,273,199,72.89,299,185,61.87,273,183,67.03,291,207,71.13,10,3.21,70.03,55.87,70.89,66.13,24.22398,94.206732,2025-03-31
MAN-TEN-01-033,Manipur,Tengnoupal,Tengnoupal,Tengnoupal Local Council Group 07,Tengnoupal Demo Village 033,1447,331,312,302,217,71.85,244,195,79.92,259,186,71.81,265,217,81.89,55,17.63,72.81,82.92,74.85,84.89,24.21082,94.068402,2025-03-31
MAN-TEN-01-034,Manipur,Tengnoupal,Tengnoupal,Tengnoupal Local Council Group 07,Tengnoupal Demo Village 034,497,131,94,90,86,95.56,73,70,95.89,91,81,89.01,71,65,91.55,17,18.09,84.01,90.89,93.56,89.55,24.265308,94.195998,2025-03-31
MAN-TEN-01-035,Manipur,Tengnoupal,Tengnoupal,Tengnoupal Local Council Group 07,Tengnoupal Demo Village 035,3896,680,460,331,255,77.04,374,310,82.89,426,119,27.93,343,244,71.14,16,3.48,27.93,88.89,78.04,67.14,24.25672,94.145304,2025-03-31
MAN-TEN-01-036,Manipur,Tengnoupal,Tengnoupal,Tengnoupal Local Council Group 08,Tengnoupal Demo Village 036,2856,760,501,385,308,80.00,414,161,38.89,478,373,78.03,475,352,74.11,74,14.77,78.03,37.89,80.0,68.11,24.285091,94.216412,2025-03-31
MAN-TEN-01-037,Manipur,Tengnoupal,Tengnoupal,Tengnoupal Local Council Group 08,Tengnoupal Demo Village 037,2396,500,493,466,233,50.00,361,274,75.90,403,294,72.95,401,305,76.06,45,9.13,67.95,70.9,54.0,74.06,24.228497,94.124063,2025-03-31
MAN-TEN-01-038,Manipur,Tengnoupal,Tengnoupal,Tengnoupal Local Council Group 08,Tengnoupal Demo Village 038,464,117,91,76,67,88.16,84,64,76.19,80,68,85.00,85,35,41.18,3,3.30,81.0,73.19,91.16,43.18,24.344567,94.239117,2025-03-31
MAN-TEN-01-039,Manipur,Tengnoupal,Tengnoupal,Tengnoupal Local Council Group 08,Tengnoupal Demo Village 039,3689,653,421,329,105,31.91,376,184,48.94,351,123,35.04,414,178,43.00,98,23.28,37.04,47.94,30.91,39.0,24.214392,94.210477,2025-03-31
MAN-TEN-01-040,Manipur,Tengnoupal,Tengnoupal,Tengnoupal Local Council Group 08,Tengnoupal Demo Village 040,1531,295,249,191,145,75.92,204,167,81.86,179,129,72.07,239,165,69.04,86,34.54,76.07,86.86,72.92,69.04,24.178258,94.188486,2025-03-31
MAN-TEN-01-041,Manipur,Tengnoupal,Tengnoupal,Tengnoupal Local Council Group 09,Tengnoupal Demo Village 041,510,86,60,58,41,70.69,54,44,81.48,53,32,60.38,53,38,71.70,2,3.33,84.38,99.0,86.69,91.7,24.225889,94.10484,2025-03-31
MAN-TEN-01-042,Manipur,Tengnoupal,Tengnoupal,Tengnoupal Local Council Group 09,Tengnoupal Demo Village 042,2738,709,698,613,570,92.99,585,199,34.02,509,478,93.91,674,317,47.03,140,20.06,88.91,39.02,95.99,52.03,24.235191,94.055384,2025-03-31
MAN-TEN-02-001,Manipur,Tengnoupal,Moreh,Moreh Local Council Group 01,Moreh Demo Village 001,2546,514,379,275,248,90.18,275,192,69.82,278,220,79.14,341,242,70.97,29,7.65,78.14,70.82,86.18,68.97,24.270487,94.221306,2025-03-31
MAN-TEN-02-002,Manipur,Tengnoupal,Moreh,Moreh Local Council Group 01,Moreh Demo Village 002,696,132,115,101,65,64.36,109,56,51.38,98,69,70.41,102,53,51.96,8,6.96,68.41,56.38,65.36,51.96,24.224274,94.041132,2025-03-31
MAN-TEN-02-003,Manipur,Tengnoupal,Moreh,Moreh Local Council Group 01,Moreh Demo Village 003,3417,664,434,350,318,90.86,394,327,82.99,317,288,90.85,328,305,92.99,7,1.61,86.85,76.99,85.86,95.99,24.163633,94.10225,2025-03-31
MAN-TEN-02-004,Manipur,Tengnoupal,Moreh,Moreh Local Council Group 01,Moreh Demo Village 004,4698,780,561,535,444,82.99,521,448,85.99,406,378,93.10,503,412,81.91,53,9.45,93.1,80.99,78.99,76.91,24.335221,94.190135,2025-03-31
MAN-TEN-02-005,Manipur,Tengnoupal,Moreh,Moreh Local Council Group 01,Moreh Demo Village 005,366,88,70,58,53,91.38,65,51,78.46,69,28,40.58,56,49,87.50,9,12.86,37.58,75.46,95.38,86.5,24.318742,94.217999,2025-03-31
MAN-TEN-02-006,Manipur,Tengnoupal,Moreh,Moreh Local Council Group 02,Moreh Demo Village 006,2163,518,509,449,409,91.09,477,176,36.90,413,326,78.93,496,397,80.04,46,9.04,73.93,33.9,86.09,77.04,24.220553,94.105404,2025-03-31
MAN-TEN-02-007,Manipur,Tengnoupal,Moreh,Moreh Local Council Group 02,Moreh Demo Village 007,3137,627,580,508,152,29.92,502,427,85.06,419,293,69.93,503,362,71.97,24,4.14,63.93,86.06,29.92,72.97,24.31608,94.094633,2025-03-31
MAN-TEN-02-008,Manipur,Tengnoupal,Moreh,Moreh Local Council Group 02,Moreh Demo Village 008,961,225,160,153,133,86.93,142,111,78.17,158,122,77.22,131,38,29.01,10,6.25,79.22,72.17,82.93,31.01,24.290888,94.076872,2025-03-31
MAN-TEN-02-009,Manipur,Tengnoupal,Moreh,Moreh Local Council Group 02,Moreh Demo Village 009,2411,452,348,322,113,35.09,320,118,36.88,297,113,38.05,271,141,52.03,101,29.02,39.05,30.88,32.09,50.03,24.224961,94.063993,2025-03-31
MAN-TEN-02-010,Manipur,Tengnoupal,Moreh,Moreh Local Council Group 02,Moreh Demo Village 010,4068,749,562,453,412,90.95,523,471,90.06,516,351,68.02,437,393,89.93,140,24.91,74.02,86.06,87.95,95.93,24.354035,94.236635,2025-03-31
MAN-TEN-02-011,Manipur,Tengnoupal,Moreh,Moreh Local Council Group 03,Moreh Demo Village 011,1107,207,171,136,107,78.68,158,98,62.03,153,104,67.97,149,125,83.89,11,6.43,91.97,78.03,99.0,99.0,24.336189,94.222847,2025-03-31
MAN-TEN-02-012,Manipur,Tengnoupal,Moreh,Moreh Local Council Group 03,Moreh Demo Village 012,359,88,69,53,48,90.57,60,27,45.00,54,49,90.74,69,34,49.28,3,4.35,92.74,39.0,95.57,51.28,24.15189,94.168693,2025-03-31
MAN-TEN-02-013,Manipur,Tengnoupal,Moreh,Moreh Local Council Group 03,Moreh Demo Village 013,1265,215,167,141,118,83.69,166,118,71.08,135,116,85.93,140,102,72.86,29,17.37,91.93,71.08,88.69,68.86,24.219909,94.097284,2025-03-31
MAN-TEN-02-014,Manipur,Tengnoupal,Moreh,Moreh Local Council Group 03,Moreh Demo Village 014,2010,519,382,326,183,56.13,350,224,64.00,362,206,56.91,365,219,60.00,35,9.16,58.91,70.0,57.13,59.0,24.265736,94.153369,2025-03-31
MAN-TEN-02-015,Manipur,Tengnoupal,Moreh,Moreh Local Council Group 03,Moreh Demo Village 015,2933,560,404,317,263,82.97,375,341,90.93,365,266,72.88,336,309,91.96,33,8.17,69.88,86.93,81.97,95.96,24.353615,94.134243,2025-03-31
MAN-TEN-02-016,Manipur,Tengnoupal,Moreh,Moreh Local Council Group 04,Moreh Demo Village 016,2527,428,354,309,297,96.12,318,299,94.03,272,234,86.03,319,303,94.98,52,14.69,81.03,91.03,95.12,90.98,24.348878,94.147606,2025-03-31
MAN-TEN-02-017,Manipur,Tengnoupal,Moreh,Moreh Local Council Group 04,Moreh Demo Village 017,920,192,125,115,95,82.61,92,71,77.17,100,41,41.00,98,81,82.65,18,14.40,47.0,74.17,78.61,78.65,24.148567,94.037461,2025-03-31
MAN-TEN-02-018,Manipur,Tengnoupal,Moreh,Moreh Local Council Group 04,Moreh Demo Village 018,524,131,94,73,60,82.19,73,36,49.32,78,67,85.90,92,79,85.87,18,19.15,90.9,45.32,88.19,80.87,24.339177,94.200531,2025-03-31
MAN-TEN-02-019,Manipur,Tengnoupal,Moreh,Moreh Local Council Group 04,Moreh Demo Village 019,3101,523,511,434,204,47.00,470,338,71.91,487,414,85.01,382,313,81.94,33,6.46,86.01,75.91,44.0,81.94,24.149783,94.118454,2025-03-31
MAN-TEN-02-020,Manipur,Tengnoupal,Moreh,Moreh Local Council Group 04,Moreh Demo Village 020,2578,584,569,455,410,90.11,456,410,89.91,515,360,69.90,558,195,34.95,111,19.51,70.9,87.91,85.11,30.95,24.300193,94.046981,2025-03-31
MAN-TEN-02-021,Manipur,Tengnoupal,Moreh,Moreh Local Council Group 05,Moreh Demo Village 021,2669,540,433,349,185,53.01,429,197,45.92,313,128,40.89,376,214,56.91,130,30.02,45.89,42.92,48.01,55.91,24.177947,94.158333,2025-03-31
MAN-TEN-02-022,Manipur,Tengnoupal,Moreh,Moreh Local Council Group 05,Moreh Demo Village 022,4386,780,511,379,288,75.99,379,280,73.88,506,430,84.98,419,314,74.94,168,32.88,80.98,67.88,71.99,72.94,24.340155,94.105063,2025-03-31
MAN-TEN-02-023,Manipur,Tengnoupal,Moreh,Moreh Local Council Group 05,Moreh Demo Village 023,2369,475,463,365,230,63.01,394,236,59.90,337,209,62.02,346,263,76.01,8,1.73,76.02,75.9,80.01,99.0,24.27004,94.048628,2025-03-31
MAN-TEN-02-024,Manipur,Tengnoupal,Moreh,Moreh Local Council Group 05,Moreh Demo Village 024,2121,414,271,224,199,88.84,195,68,34.87,254,226,88.98,263,129,49.05,45,16.61,93.98,30.87,82.84,55.05,24.345302,94.113213,2025-03-31
MAN-TEN-02-025,Manipur,Tengnoupal,Moreh,Moreh Local Council Group 05,Moreh Demo Village 025,1037,199,155,124,87,70.16,133,112,84.21,123,89,72.36,145,129,88.97,7,4.52,74.36,79.21,64.16,85.97,24.218223,94.098227,2025-03-31
MAN-TEN-02-026,Manipur,Tengnoupal,Moreh,Moreh Local Council Group 06,Moreh Demo Village 026,4171,773,678,596,274,45.97,529,365,69.00,517,331,64.02,620,372,60.00,121,17.85,67.02,75.0,48.97,54.0,24.202919,94.158643,2025-03-31
MAN-TEN-02-027,Manipur,Tengnoupal,Moreh,Moreh Local Council Group 06,Moreh Demo Village 027,1329,354,230,209,192,91.87,214,158,73.83,228,182,79.82,223,174,78.03,38,16.52,85.82,75.83,93.87,82.03,24.18215,94.266539,2025-03-31
MAN-TEN-02-028,Manipur,Tengnoupal,Moreh,Moreh Local Council Group 06,Moreh Demo Village 028,2609,673,624,552,491,88.95,605,538,88.93,484,436,90.08,501,411,82.04,88,14.10,89.08,85.93,83.95,80.04,24.314743,94.0563,2025-03-31
MAN-TEN-02-029,Manipur,Tengnoupal,Moreh,Moreh Local Council Group 06,Moreh Demo Village 029,1240,324,211,210,183,87.14,186,169,90.86,186,93,50.00,176,139,78.98,20,9.48,53.0,88.86,81.14,81.98,24.224698,94.144737,2025-03-31
MAN-TEN-02-030,Manipur,Tengnoupal,Moreh,Moreh Local Council Group 06,Moreh Demo Village 030,823,143,138,117,88,75.21,118,51,43.22,103,84,81.55,138,98,71.01,18,13.04,85.55,44.22,71.21,66.01,24.164505,94.145454,2025-03-31
MAN-TEN-02-031,Manipur,Tengnoupal,Moreh,Moreh Local Council Group 07,Moreh Demo Village 031,1146,230,209,195,78,40.00,180,155,86.11,165,116,70.30,204,175,85.78,10,4.78,70.3,80.11,37.0,83.78,24.30338,94.215337,2025-03-31
MAN-TEN-02-032,Manipur,Tengnoupal,Moreh,Moreh Local Council Group 07,Moreh Demo Village 032,1511,278,202,156,117,75.00,165,127,76.97,200,176,88.00,161,58,36.02,29,14.36,86.0,74.97,75.0,42.02,24.260694,94.198373,2025-03-31
MAN-TEN-02-033,Manipur,Tengnoupal,Moreh,Moreh Local Council Group 07,Moreh Demo Village 033,1554,419,395,303,136,44.88,287,121,42.16,305,116,38.03,286,126,44.06,130,32.91,44.03,38.16,38.88,46.06,24.161572,94.23976,2025-03-31
MAN-TEN-02-034,Manipur,Tengnoupal,Moreh,Moreh Local Council Group 07,Moreh Demo Village 034,3954,651,510,474,417,87.97,464,329,70.91,432,320,74.07,470,400,85.11,129,25.29,77.07,73.91,90.97,83.11,24.150913,94.03016,2025-03-31
MAN-TEN-02-035,Manipur,Tengnoupal,Moreh,Moreh Local Council Group 07,Moreh Demo Village 035,1433,359,252,247,165,66.80,181,129,71.27,236,144,61.02,251,166,66.14,39,15.48,91.02,99.0,84.8,80.14,24.18032,94.174474,2025-03-31
MAN-TEN-02-036,Manipur,Tengnoupal,Moreh,Moreh Local Council Group 08,Moreh Demo Village 036,2055,541,390,295,260,88.14,351,151,43.02,338,304,89.94,389,183,47.04,66,16.92,91.94,49.02,92.14,50.04,24.327808,94.09961,2025-03-31
MAN-TEN-02-037,Manipur,Tengnoupal,Moreh,Moreh Local Council Group 08,Moreh Demo Village 037,4364,770,563,510,439,86.08,552,508,92.03,517,455,88.01,447,393,87.92,33,5.86,82.01,93.03,83.08,91.92,24.20178,94.264194,2025-03-31
MAN-TEN-02-038,Manipur,Tengnoupal,Moreh,Moreh Local Council Group 08,Moreh Demo Village 038,1122,273,186,169,96,56.80,146,92,63.01,142,82,57.75,174,125,71.84,30,16.13,60.75,67.01,57.8,71.84,24.245201,94.103501,2025-03-31
MAN-TEN-02-039,Manipur,Tengnoupal,Moreh,Moreh Local Council Group 08,Moreh Demo Village 039,1809,417,416,336,296,88.10,407,330,81.08,329,290,88.15,381,267,70.08,34,8.17,82.15,76.08,94.1,71.08,24.216894,94.156408,2025-03-31
MAN-TEN-02-040,Manipur,Tengnoupal,Moreh,Moreh Local Council Group 08,Moreh Demo Village 040,3439,600,441,384,346,90.10,339,322,94.99,379,352,92.88,374,340,90.91,29,6.58,92.88,91.99,87.1,89.91,24.271444,94.24455,2025-03-31
MAN-TEN-02-041,Manipur,Tengnoupal,Moreh,Moreh Local Council Group 09,Moreh Demo Village 041,1661,433,371,370,311,84.05,272,220,80.88,314,116,36.94,294,265,90.14,17,4.58,38.94,74.88,83.05,90.14,24.321753,94.189776,2025-03-31
MAN-TEN-02-042,Manipur,Tengnoupal,Moreh,Moreh Local Council Group 09,Moreh Demo Village 042,2649,616,478,413,293,70.94,418,180,43.06,389,288,74.04,467,416,89.08,81,16.95,70.04,39.06,76.94,87.08,24.346993,94.228269,2025-03-31
MAN-TEN-03-001,Manipur,Tengnoupal,Machi,Machi Local Council Group 01,Machi Demo Village 001,1754,353,348,259,93,35.91,253,197,77.87,296,249,84.12,256,184,71.88,66,18.97,90.12,72.87,40.91,69.88,24.268624,94.137303,2025-03-31
MAN-TEN-03-002,Manipur,Tengnoupal,Machi,Machi Local Council Group 01,Machi Demo Village 002,1049,182,153,141,127,90.07,151,128,84.77,125,96,76.80,115,54,46.96,27,17.65,74.8,86.77,90.07,44.96,24.326743,94.032327,2025-03-31
MAN-TEN-03-003,Manipur,Tengnoupal,Machi,Machi Local Council Group 01,Machi Demo Village 003,2510,483,301,279,86,30.82,291,96,32.99,251,108,43.03,241,118,48.96,66,21.93,37.03,36.99,25.82,51.96,24.234788,94.097621,2025-03-31
MAN-TEN-03-004,Manipur,Tengnoupal,Machi,Machi Local Council Group 01,Machi Demo Village 004,1129,280,200,177,131,74.01,196,155,79.08,158,107,67.72,188,147,78.19,65,32.50,71.72,79.08,69.01,76.19,24.171096,94.103664,2025-03-31
MAN-TEN-03-005,Manipur,Tengnoupal,Machi,Machi Local Council Group 01,Machi Demo Village 005,1387,238,195,191,126,65.97,176,116,65.91,181,130,71.82,170,131,77.06,9,4.62,93.82,80.91,94.97,96.06,24.180118,94.174513,2025-03-31
MAN-TEN-03-006,Manipur,Tengnoupal,Machi,Machi Local Council Group 02,Machi Demo Village 006,2720,596,413,330,290,87.88,370,141,38.11,301,253,84.05,376,165,43.88,68,16.46,84.05,43.11,83.88,39.88,24.266077,94.110763,2025-03-31
MAN-TEN-03-007,Manipur,Tengnoupal,Machi,Machi Local Council Group 02,Machi Demo Village 007,3705,699,679,630,567,90.00,670,596,88.96,566,492,86.93,597,490,82.08,36,5.30,84.93,93.96,90.0,80.08,24.144722,94.140604,2025-03-31
MAN-TEN-03-008,Manipur,Tengnoupal,Machi,Machi Local Council Group 02,Machi Demo Village 008,371,92,87,66,50,75.76,80,58,72.50,65,49,75.38,77,44,57.14,11,12.64,81.38,68.5,71.76,59.14,24.357327,94.140035,2025-03-31
MAN-TEN-03-009,Manipur,Tengnoupal,Machi,Machi Local Council Group 02,Machi Demo Village 009,3868,722,457,442,367,83.03,438,407,92.92,331,291,87.92,413,318,77.00,42,9.19,81.92,96.92,83.03,78.0,24.233219,94.247675,2025-03-31
MAN-TEN-03-010,Manipur,Tengnoupal,Machi,Machi Local Council Group 02,Machi Demo Village 010,1847,463,401,293,264,90.10,346,315,91.04,378,359,94.97,366,329,89.89,10,2.49,90.97,87.04,88.1,84.89,24.339029,94.065181,2025-03-31
MAN-TEN-03-011,Manipur,Tengnoupal,Machi,Machi Local Council Group 03,Machi Demo Village 011,965,163,156,118,104,88.14,125,106,84.80,151,56,37.09,118,88,74.58,16,10.26,39.09,88.8,94.14,72.58,24.282544,94.068642,2025-03-31
MAN-TEN-03-012,Manipur,Tengnoupal,Machi,Machi Local Council Group 03,Machi Demo Village 012,2850,679,553,521,365,70.06,452,208,46.02,455,410,90.11,401,317,79.05,74,13.38,89.11,48.02,66.06,80.05,24.258767,94.220607,2025-03-31
MAN-TEN-03-013,Manipur,Tengnoupal,Machi,Machi Local Council Group 03,Machi Demo Village 013,3648,654,433,361,148,41.00,366,285,77.87,407,301,73.96,383,299,78.07,53,12.24,72.96,80.87,45.0,73.07,24.276515,94.202832,2025-03-31
MAN-TEN-03-014,Manipur,Tengnoupal,Machi,Machi Local Council Group 03,Machi Demo Village 014,914,224,180,133,120,90.23,135,119,88.15,158,142,89.87,143,41,28.67,6,3.33,89.87,94.15,86.23,28.67,24.27938,94.129524,2025-03-31
MAN-TEN-03-015,Manipur,Tengnoupal,Machi,Machi Local Council Group 03,Machi Demo Village 015,3673,632,529,385,131,34.03,396,206,52.02,426,158,37.09,439,176,40.09,165,31.19,39.09,53.02,32.03,44.09,24.152832,94.083425,2025-03-31
MAN-TEN-03-016,Manipur,Tengnoupal,Machi,Machi Local Council Group 04,Machi Demo Village 016,2374,558,537,508,381,75.00,451,325,72.06,449,328,73.05,492,418,84.96,187,34.82,74.05,76.06,74.0,88.96,24.146308,94.181469,2025-03-31
MAN-TEN-03-017,Manipur,Tengnoupal,Machi,Machi Local Council Group 04,Machi Demo Village 017,832,139,106,88,57,64.77,77,54,70.13,93,71,76.34,106,86,81.13,15,14.15,99.0,84.13,86.77,99.0,24.283682,94.143478,2025-03-31
MAN-TEN-03-018,Manipur,Tengnoupal,Machi,Machi Local Council Group 04,Machi Demo Village 018,3148,519,448,385,362,94.03,362,177,48.90,347,337,97.12,338,159,47.04,79,17.63,96.12,49.9,89.03,51.04,24.293966,94.170216,2025-03-31
MAN-TEN-03-019,Manipur,Tengnoupal,Machi,Machi Local Council Group 04,Machi Demo Village 019,1310,280,279,222,182,81.98,273,257,94.14,204,182,89.22,227,186,81.94,35,12.54,85.22,94.14,82.98,87.94,24.283092,94.136394,2025-03-31
MAN-TEN-03-020,Manipur,Tengnoupal,Machi,Machi Local Council Group 04,Machi Demo Village 020,1551,403,307,285,182,63.86,248,124,50.00,270,135,50.00,295,209,70.85,16,5.21,53.0,56.0,68.86,71.85,24.295268,94.05645,2025-03-31
MAN-TEN-03-021,Manipur,Tengnoupal,Machi,Machi Local Council Group 05,Machi Demo Village 021,1683,361,349,263,226,85.93,265,204,76.98,329,293,89.06,265,207,78.11,46,13.18,91.06,80.98,89.93,77.11,24.232322,94.215239,2025-03-31
MAN-TEN-03-022,Manipur,Tengnoupal,Machi,Machi Local Council Group 05,Machi Demo Village 022,2247,422,380,297,252,84.85,324,311,95.99,377,309,81.96,315,265,84.13,53,13.95,78.96,95.99,81.85,81.13,24.326748,94.201448,2025-03-31
MAN-TEN-03-023,Manipur,Tengnoupal,Machi,Machi Local Council Group 05,Machi Demo Village 023,1248,206,184,145,130,89.66,134,110,82.09,176,83,47.16,135,109,80.74,28,15.22,53.16,88.09,87.66,85.74,24.322623,94.127702,2025-03-31
MAN-TEN-03-024,Manipur,Tengnoupal,Machi,Machi Local Council Group 05,Machi Demo Village 024,1453,304,228,195,136,69.74,213,77,36.15,193,164,84.97,220,163,74.09,42,18.42,86.97,39.15,66.74,77.09,24.301177,94.213424,2025-03-31
MAN-TEN-03-025,Manipur,Tengnoupal,Machi,Machi Local Council Group 05,Machi Demo Village 025,1625,315,287,240,101,42.08,216,168,77.78,287,210,73.17,277,230,83.03,4,1.39,68.17,82.78,38.08,80.03,24.325657,94.062011,2025-03-31
MAN-TEN-03-026,Manipur,Tengnoupal,Machi,Machi Local Council Group 06,Machi Demo Village 026,2203,550,372,271,214,78.97,281,253,90.04,342,267,78.07,333,153,45.95,50,13.44,79.07,96.04,83.97,51.95,24.189593,94.084254,2025-03-31
MAN-TEN-03-027,Manipur,Tengnoupal,Machi,Machi Local Council Group 06,Machi Demo Village 027,1890,334,222,161,85,52.80,178,77,43.26,208,98,47.12,171,62,36.26,61,27.48,44.12,37.26,56.8,42.26,24.244499,94.152105,2025-03-31
MAN-TEN-03-028,Manipur,Tengnoupal,Machi,Machi Local Council Group 06,Machi Demo Village 028,1129,230,176,157,116,73.89,131,111,84.73,173,147,84.97,132,117,88.64,65,36.93,80.97,85.73,68.89,90.64,24.35331,94.227296,2025-03-31
MAN-TEN-03-029,Manipur,Tengnoupal,Machi,Machi Local Council Group 06,Machi Demo Village 029,3119,534,398,396,281,70.96,296,243,82.09,305,201,65.90,380,239,62.89,72,18.09,93.9,96.09,89.96,86.89,24.178604,94.164531,2025-03-31
MAN-TEN-03-030,Manipur,Tengnoupal,Machi,Machi Local Council Group 06,Machi Demo Village 030,1780,480,450,404,396,98.02,449,171,38.08,383,372,97.13,424,220,51.89,86,19.11,95.13,42.08,96.02,56.89,24.352297,94.145758,2025-03-31
MAN-TEN-03-031,Manipur,Tengnoupal,Machi,Machi Local Council Group 07,Machi Demo Village 031,3676,608,545,413,355,85.96,434,352,81.11,413,388,93.95,484,378,78.10,73,13.39,97.95,84.11,85.96,81.1,24.248417,94.132674,2025-03-31
MAN-TEN-03-032,Manipur,Tengnoupal,Machi,Machi Local Council Group 07,Machi Demo Village 032,1473,316,241,193,100,51.81,179,125,69.83,211,152,72.04,188,103,54.79,23,9.54,75.04,72.83,56.81,52.79,24.299198,94.257342,2025-03-31
MAN-TEN-03-033,Manipur,Tengnoupal,Machi,Machi Local Council Group 07,Machi Demo Village 033,3184,553,497,375,338,90.13,441,379,85.94,401,333,83.04,358,322,89.94,84,16.90,87.04,91.94,85.13,86.94,24.310677,94.268885,2025-03-31
MAN-TEN-03-034,Manipur,Tengnoupal,Machi,Machi Local Council Group 07,Machi Demo Village 034,2464,513,326,279,237,84.95,312,284,91.03,271,244,90.04,290,244,84.14,29,8.90,89.04,87.03,84.95,83.14,24.312883,94.037637,2025-03-31
MAN-TEN-03-035,Manipur,Tengnoupal,Machi,Machi Local Council Group 07,Machi Demo Village 035,2828,512,471,344,289,84.01,461,369,80.04,459,202,44.01,441,344,78.00,15,3.18,40.01,80.04,85.01,76.0,24.312895,94.046156,2025-03-31
MAN-TEN-03-036,Manipur,Tengnoupal,Machi,Machi Local Council Group 08,Machi Demo Village 036,3523,707,640,583,525,90.05,552,199,36.05,523,366,69.98,508,376,74.02,7,1.09,74.98,42.05,88.05,71.02,24.296618,94.172402,2025-03-31
MAN-TEN-03-037,Manipur,Tengnoupal,Machi,Machi Local Council Group 08,Machi Demo Village 037,1308,241,185,159,60,37.74,157,129,82.17,143,100,69.93,168,133,79.17,16,8.65,67.93,77.17,35.74,80.17,24.355926,94.046068,2025-03-31
MAN-TEN-03-038,Manipur,Tengnoupal,Machi,Machi Local Council Group 08,Machi Demo Village 038,2540,472,425,332,282,84.94,423,376,88.89,388,345,88.92,396,158,39.90,77,18.12,93.92,87.89,89.94,36.9,24.316121,94.140177,2025-03-31
MAN-TEN-03-039,Manipur,Tengnoupal,Machi,Machi Local Council Group 08,Machi Demo Village 039,2533,512,430,322,155,48.14,425,204,48.00,345,159,46.09,387,170,43.93,122,28.37,42.09,50.0,49.14,42.93,24.230578,94.078924,2025-03-31
MAN-TEN-03-040,Manipur,Tengnoupal,Machi,Machi Local Council Group 08,Machi Demo Village 040,2775,548,531,480,394,82.08,526,358,68.06,522,402,77.01,487,370,75.98,181,34.09,75.01,68.06,84.08,70.98,24.14899,94.141746,2025-03-31
MAN-TEN-03-041,Manipur,Tengnoupal,Machi,Machi Local Council Group 09,Machi Demo Village 041,2593,492,381,364,298,81.87,367,235,64.03,344,210,61.05,351,221,62.96,58,15.22,86.05,94.03,99.0,91.96,24.183854,94.267355,2025-03-31
MAN-THO-01-001,Manipur,Thoubal,Thoubal,Thoubal Local Council Group 01,Thoubal Demo Village 001,3344,751,497,401,345,86.03,454,381,83.92,451,316,70.07,431,340,78.89,139,27.97,73.07,81.92,84.03,81.89,24.58245,93.953903,2025-03-31
MAN-THO-01-002,Manipur,Thoubal,Thoubal,Thoubal Local Council Group 01,Thoubal Demo Village 002,1935,508,449,404,311,76.98,443,368,83.07,428,351,82.01,360,259,71.94,67,14.92,99.0,99.0,97.98,99.0,24.655171,93.919218,2025-03-31
MAN-THO-01-003,Manipur,Thoubal,Thoubal,Thoubal Local Council Group 01,Thoubal Demo Village 003,1542,296,197,181,159,87.85,154,60,38.96,170,165,97.06,174,61,35.06,18,9.14,99.0,33.96,88.85,29.06,24.592808,94.113867,2025-03-31
MAN-THO-01-004,Manipur,Thoubal,Thoubal,Thoubal Local Council Group 01,Thoubal Demo Village 004,303,63,51,51,35,68.63,42,32,76.19,42,34,80.95,38,33,86.84,2,3.92,79.95,77.19,64.63,86.84,24.549119,94.103818,2025-03-31
MAN-THO-01-005,Manipur,Thoubal,Thoubal,Thoubal Local Council Group 01,Thoubal Demo Village 005,3018,530,488,430,198,46.05,482,227,47.10,429,236,55.01,442,292,66.06,30,6.15,57.01,41.1,42.05,65.06,24.523918,94.092196,2025-03-31
MAN-THO-01-006,Manipur,Thoubal,Thoubal,Thoubal Local Council Group 02,Thoubal Demo Village 006,962,191,180,138,119,86.23,151,116,76.82,157,138,87.90,145,129,88.97,12,6.67,90.9,74.82,87.23,93.97,24.613714,94.116411,2025-03-31
MAN-THO-01-007,Manipur,Thoubal,Thoubal,Thoubal Local Council Group 02,Thoubal Demo Village 007,538,101,88,78,64,82.05,88,75,85.23,81,75,92.59,79,77,97.47,2,2.27,90.59,80.23,81.05,93.47,24.588904,93.92482,2025-03-31
MAN-THO-01-008,Manipur,Thoubal,Thoubal,Thoubal Local Council Group 02,Thoubal Demo Village 008,2114,475,449,441,313,70.98,336,265,78.87,398,195,48.99,390,308,78.97,45,10.02,42.99,73.87,67.98,82.97,24.69681,94.044138,2025-03-31
MAN-THO-01-009,Manipur,Thoubal,Thoubal,Thoubal Local Council Group 02,Thoubal Demo Village 009,2650,498,434,353,318,90.08,401,180,44.89,313,282,90.10,331,242,73.11,65,14.98,85.1,46.89,84.08,75.11,24.529027,93.938101,2025-03-31
MAN-THO-01-010,Manipur,Thoubal,Thoubal,Thoubal Local Council Group 02,Thoubal Demo Village 010,1872,375,250,234,84,35.90,224,186,83.04,192,156,81.25,218,196,89.91,34,13.60,79.25,86.04,39.9,91.91,24.628236,93.904611,2025-03-31
MAN-THO-01-011,Manipur,Thoubal,Thoubal,Thoubal Local Council Group 03,Thoubal Demo Village 011,3597,633,490,467,378,80.94,356,267,75.00,410,312,76.10,390,109,27.95,31,6.33,76.1,76.0,77.94,25.95,24.566836,94.024369,2025-03-31
MAN-THO-01-012,Manipur,Thoubal,Thoubal,Thoubal Local Council Group 03,Thoubal Demo Village 012,1823,406,253,197,110,55.84,221,73,33.03,225,99,44.00,233,77,33.05,56,22.13,46.0,34.03,57.84,35.05,24.663166,93.947474,2025-03-31
MAN-THO-01-013,Manipur,Thoubal,Thoubal,Thoubal Local Council Group 03,Thoubal Demo Village 013,350,66,50,36,31,86.11,41,37,90.24,43,38,88.37,47,32,68.09,20,40.00,82.37,95.24,84.11,67.09,24.543647,93.963781,2025-03-31
MAN-THO-01-014,Manipur,Thoubal,Thoubal,Thoubal Local Council Group 03,Thoubal Demo Village 014,1583,270,254,247,198,80.16,250,185,74.00,199,137,68.84,199,119,59.80,44,17.32,93.84,99.0,99.0,77.8,24.559686,93.938756,2025-03-31
MAN-THO-01-015,Manipur,Thoubal,Thoubal,Thoubal Local Council Group 03,Thoubal Demo Village 015,2044,516,399,350,340,97.14,358,115,32.12,316,265,83.86,339,115,33.92,32,8.02,84.86,38.12,91.14,27.92,24.653878,94.045741,2025-03-31
MAN-THO-01-016,Manipur,Thoubal,Thoubal,Thoubal Local Council Group 04,Thoubal Demo Village 016,1677,320,293,282,228,80.85,229,190,82.97,245,194,79.18,268,204,76.12,13,4.44,75.18,88.97,80.85,70.12,24.533915,94.007712,2025-03-31
MAN-THO-01-017,Manipur,Thoubal,Thoubal,Thoubal Local Council Group 04,Thoubal Demo Village 017,215,53,33,31,22,70.97,31,19,61.29,29,19,65.52,33,18,54.55,3,9.09,62.52,57.29,69.97,51.55,24.539848,94.05386,2025-03-31
MAN-THO-01-018,Manipur,Thoubal,Thoubal,Thoubal Local Council Group 04,Thoubal Demo Village 018,2614,560,387,385,277,71.95,362,250,69.06,303,282,93.07,345,273,79.13,45,11.63,95.07,74.06,65.95,78.13,24.530061,93.900585,2025-03-31
MAN-THO-01-019,Manipur,Thoubal,Thoubal,Thoubal Local Council Group 04,Thoubal Demo Village 019,1424,384,339,246,231,93.90,244,217,88.93,267,222,83.15,334,321,96.11,32,9.44,81.15,83.93,93.9,92.11,24.637915,94.029964,2025-03-31
MAN-THO-01-020,Manipur,Thoubal,Thoubal,Thoubal Local Council Group 04,Thoubal Demo Village 020,2752,457,423,313,285,91.05,418,293,70.10,334,144,43.11,338,247,73.08,63,14.89,38.11,74.1,88.05,77.08,24.669644,93.910372,2025-03-31
MAN-THO-01-021,Manipur,Thoubal,Thoubal,Thoubal Local Council Group 05,Thoubal Demo Village 021,3519,685,460,457,379,82.93,459,179,39.00,341,266,78.01,432,337,78.01,34,7.39,78.01,35.0,88.93,82.01,24.598111,93.92457,2025-03-31
MAN-THO-01-022,Manipur,Thoubal,Thoubal,Thoubal Local Council Group 05,Thoubal Demo Village 022,386,81,73,56,26,46.43,73,61,83.56,67,58,86.57,59,44,74.58,1,1.37,86.57,77.56,45.43,71.58,24.67333,93.903112,2025-03-31
MAN-THO-01-023,Manipur,Thoubal,Thoubal,Thoubal Local Council Group 05,Thoubal Demo Village 023,4291,772,768,602,488,81.06,712,541,75.98,705,522,74.04,756,355,46.96,46,5.99,78.04,79.98,85.06,43.96,24.646087,93.931035,2025-03-31
MAN-THO-01-024,Manipur,Thoubal,Thoubal,Thoubal Local Council Group 05,Thoubal Demo Village 024,2443,461,378,337,182,54.01,371,126,33.96,352,158,44.89,273,117,42.86,126,33.33,39.89,35.96,53.01,43.86,24.613404,93.934543,2025-03-31
MAN-THO-01-025,Manipur,Thoubal,Thoubal,Thoubal Local Council Group 05,Thoubal Demo Village 025,2469,458,400,309,235,76.05,288,262,90.97,328,246,75.00,304,264,86.84,105,26.25,74.0,96.97,82.05,88.84,24.554633,94.113088,2025-03-31
MAN-THO-02-001,Manipur,Thoubal,Lilong,Lilong Local Council Group 01,Lilong Demo Village 001,1524,325,241,195,138,70.77,229,181,79.04,183,130,71.04,213,151,70.89,39,16.18,90.04,99.0,90.77,93.89,24.659159,94.053592,2025-03-31
MAN-THO-02-002,Manipur,Thoubal,Lilong,Lilong Local Council Group 01,Lilong Demo Village 002,3917,736,518,509,458,89.98,432,156,36.11,431,405,93.97,413,202,48.91,89,17.18,87.97,33.11,84.98,42.91,24.70682,94.00935,2025-03-31
MAN-THO-02-003,Manipur,Thoubal,Lilong,Lilong Local Council Group 01,Lilong Demo Village 003,1989,342,282,248,213,85.89,223,167,74.89,230,172,74.78,247,207,83.81,36,12.77,69.78,78.89,83.89,80.81,24.729823,93.995425,2025-03-31
MAN-THO-02-004,Manipur,Thoubal,Lilong,Lilong Local Council Group 01,Lilong Demo Village 004,541,122,116,107,72,67.29,99,67,67.68,109,68,62.39,113,77,68.14,15,12.93,62.39,69.68,66.29,68.14,24.618292,94.012104,2025-03-31
MAN-THO-02-005,Manipur,Thoubal,Lilong,Lilong Local Council Group 01,Lilong Demo Village 005,964,203,170,136,99,72.79,154,139,90.26,127,88,69.29,157,111,70.70,34,20.00,69.29,95.26,67.79,74.7,24.561073,93.955439,2025-03-31
MAN-THO-02-006,Manipur,Thoubal,Lilong,Lilong Local Council Group 02,Lilong Demo Village 006,3165,724,580,487,453,93.02,519,477,91.91,420,382,90.95,534,438,82.02,77,13.28,90.95,87.91,92.02,82.02,24.716231,94.092076,2025-03-31
MAN-THO-02-007,Manipur,Thoubal,Lilong,Lilong Local Council Group 02,Lilong Demo Village 007,2584,445,376,326,228,69.94,335,251,74.93,334,137,41.02,290,255,87.93,61,16.22,43.02,73.93,66.94,88.93,24.727658,94.050388,2025-03-31
MAN-THO-02-008,Manipur,Thoubal,Lilong,Lilong Local Council Group 02,Lilong Demo Village 008,1860,390,307,283,209,73.85,268,94,35.07,275,248,90.18,261,227,86.97,26,8.47,87.18,40.07,74.85,86.97,24.572118,93.928039,2025-03-31
MAN-THO-02-009,Manipur,Thoubal,Lilong,Lilong Local Council Group 02,Lilong Demo Village 009,3128,518,349,296,139,46.96,264,195,73.86,306,220,71.90,265,231,87.17,24,6.88,65.9,68.86,41.96,92.17,24.649352,94.029098,2025-03-31
MAN-THO-02-010,Manipur,Thoubal,Lilong,Lilong Local Council Group 02,Lilong Demo Village 010,1239,242,193,165,139,84.24,160,112,70.00,157,118,75.16,142,50,35.21,33,17.10,75.16,71.0,79.24,29.21,24.539358,93.976359,2025-03-31
MAN-THO-02-011,Manipur,Thoubal,Lilong,Lilong Local Council Group 03,Lilong Demo Village 011,2000,393,251,224,69,30.80,242,104,42.98,183,57,31.15,222,95,42.79,54,21.51,30.15,40.98,26.8,45.79,24.581372,93.921268,2025-03-31
MAN-THO-02-012,Manipur,Thoubal,Lilong,Lilong Local Council Group 03,Lilong Demo Village 012,347,66,65,61,51,83.61,50,42,84.00,48,43,89.58,52,43,82.69,26,40.00,84.58,83.0,82.61,77.69,24.539833,94.003525,2025-03-31
MAN-THO-02-013,Manipur,Thoubal,Lilong,Lilong Local Council Group 03,Lilong Demo Village 013,878,156,100,100,67,67.00,89,73,82.02,99,68,68.69,82,65,79.27,9,9.00,93.69,99.0,83.0,99.0,24.576139,94.108275,2025-03-31
MAN-THO-02-014,Manipur,Thoubal,Lilong,Lilong Local Council Group 03,Lilong Demo Village 014,2759,531,489,386,374,96.89,443,164,37.02,401,357,89.03,455,200,43.96,78,15.95,84.03,38.02,93.89,41.96,24.710411,93.952939,2025-03-31
MAN-THO-02-015,Manipur,Thoubal,Lilong,Lilong Local Council Group 03,Lilong Demo Village 015,2012,492,382,367,279,76.02,287,253,88.15,356,278,78.09,321,244,76.01,64,16.75,75.09,91.15,82.02,77.01,24.684481,93.982358,2025-03-31
MAN-THO-02-016,Manipur,Thoubal,Lilong,Lilong Local Council Group 04,Lilong Demo Village 016,968,247,169,123,90,73.17,140,70,50.00,159,87,54.72,140,80,57.14,4,2.37,55.72,48.0,67.17,54.14,24.580094,93.958904,2025-03-31
MAN-THO-02-017,Manipur,Thoubal,Lilong,Lilong Local Council Group 04,Lilong Demo Village 017,4250,773,757,565,525,92.92,682,573,84.02,653,607,92.96,562,478,85.05,112,14.80,91.96,80.02,88.92,85.05,24.635303,94.083856,2025-03-31
MAN-THO-02-018,Manipur,Thoubal,Lilong,Lilong Local Council Group 04,Lilong Demo Village 018,464,88,76,55,46,83.64,64,57,89.06,65,55,84.62,61,56,91.80,10,13.16,80.62,84.06,79.64,86.8,24.571632,93.959019,2025-03-31
MAN-THO-02-019,Manipur,Thoubal,Lilong,Lilong Local Council Group 04,Lilong Demo Village 019,1388,257,219,198,166,83.84,211,171,81.04,189,60,31.75,210,183,87.14,9,4.11,28.75,77.04,81.84,86.14,24.728735,94.051526,2025-03-31
MAN-THO-02-020,Manipur,Thoubal,Lilong,Lilong Local Council Group 04,Lilong Demo Village 020,1883,431,407,316,243,76.90,345,107,31.01,295,233,78.98,370,300,81.08,44,10.81,81.98,32.01,72.9,75.08,24.561841,94.128474,2025-03-31
MAN-THO-02-021,Manipur,Thoubal,Lilong,Lilong Local Council Group 05,Lilong Demo Village 021,2446,644,475,346,149,43.06,417,304,72.90,457,366,80.09,396,321,81.06,90,18.95,75.09,69.9,37.06,85.06,24.601985,93.998076,2025-03-31
MAN-THO-02-022,Manipur,Thoubal,Lilong,Lilong Local Council Group 05,Lilong Demo Village 022,817,147,130,96,80,83.33,123,89,72.36,110,84,76.36,100,43,43.00,4,3.08,73.36,72.36,80.33,46.0,24.643397,93.954673,2025-03-31
MAN-THO-02-023,Manipur,Thoubal,Lilong,Lilong Local Council Group 05,Lilong Demo Village 023,251,43,33,28,10,35.71,29,10,34.48,32,16,50.00,33,14,42.42,7,21.21,48.0,32.48,36.71,38.42,24.53102,94.074304,2025-03-31
MAN-THO-02-024,Manipur,Thoubal,Lilong,Lilong Local Council Group 05,Lilong Demo Village 024,651,115,114,93,67,72.04,83,66,79.52,85,70,82.35,111,80,72.07,31,27.19,78.35,79.52,74.04,75.07,24.57979,94.058841,2025-03-31
MAN-THO-02-025,Manipur,Thoubal,Lilong,Lilong Local Council Group 05,Lilong Demo Village 025,4004,731,613,473,378,79.92,585,427,72.99,588,370,62.93,519,311,59.92,122,19.90,86.93,99.0,99.0,80.92,24.612538,94.046916,2025-03-31
MAN-THO-03-001,Manipur,Thoubal,Wangjing,Wangjing Local Council Group 01,Wangjing Demo Village 001,1321,273,252,200,192,96.00,239,112,46.86,251,213,84.86,242,82,33.88,40,15.87,90.86,44.86,91.0,34.88,24.654413,94.066778,2025-03-31
MAN-THO-03-002,Manipur,Thoubal,Wangjing,Wangjing Local Council Group 01,Wangjing Demo Village 002,2097,459,316,228,214,93.86,245,206,84.08,308,243,78.90,247,200,80.97,5,1.58,78.9,85.08,92.86,76.97,24.547423,94.083936,2025-03-31
MAN-THO-03-003,Manipur,Thoubal,Wangjing,Wangjing Local Council Group 01,Wangjing Demo Village 003,3954,650,473,459,266,57.95,412,247,59.95,456,219,48.03,408,282,69.12,73,15.43,53.03,62.95,56.95,64.12,24.653601,94.031849,2025-03-31
MAN-THO-03-004,Manipur,Thoubal,Wangjing,Wangjing Local Council Group 01,Wangjing Demo Village 004,3484,667,590,546,404,73.99,546,453,82.97,540,416,77.04,519,415,79.96,60,10.17,73.04,78.97,67.99,73.96,24.601089,93.978223,2025-03-31
MAN-THO-03-005,Manipur,Thoubal,Wangjing,Wangjing Local Council Group 01,Wangjing Demo Village 005,670,169,105,98,93,94.90,83,77,92.77,99,90,90.91,78,68,87.18,6,5.71,89.91,88.77,93.9,86.18,24.554515,94.122377,2025-03-31
MAN-THO-03-006,Manipur,Thoubal,Wangjing,Wangjing Local Council Group 02,Wangjing Demo Village 006,1391,344,284,223,203,91.03,208,177,85.10,233,107,45.92,277,222,80.14,45,15.85,50.92,79.1,86.03,83.14,24.601708,93.983906,2025-03-31
MAN-THO-03-007,Manipur,Thoubal,Wangjing,Wangjing Local Council Group 02,Wangjing Demo Village 007,2426,493,422,307,264,85.99,409,172,42.05,319,239,74.92,325,257,79.08,20,4.74,71.92,43.05,87.99,83.08,24.711567,93.980631,2025-03-31
MAN-THO-03-008,Manipur,Thoubal,Wangjing,Wangjing Local Council Group 02,Wangjing Demo Village 008,1048,270,192,145,51,35.17,163,132,80.98,140,112,80.00,187,166,88.77,7,3.65,74.0,82.98,35.17,89.77,24.59433,94.052695,2025-03-31
MAN-THO-03-009,Manipur,Thoubal,Wangjing,Wangjing Local Council Group 02,Wangjing Demo Village 009,3875,700,685,546,410,75.09,649,480,73.96,519,384,73.99,557,234,42.01,11,1.61,72.99,77.96,78.09,44.01,24.717056,93.967896,2025-03-31
MAN-THO-03-010,Manipur,Thoubal,Wangjing,Wangjing Local Council Group 02,Wangjing Demo Village 010,3287,639,456,381,171,44.88,346,145,41.91,328,157,47.87,391,117,29.92,126,27.63,46.87,42.91,49.88,29.92,24.582083,93.896279,2025-03-31
MAN-THO-03-011,Manipur,Thoubal,Wangjing,Wangjing Local Council Group 03,Wangjing Demo Village 011,2397,634,626,560,442,78.93,483,328,67.91,622,504,81.03,583,449,77.02,220,35.14,80.03,72.91,81.93,78.02,24.707002,93.997015,2025-03-31
MAN-THO-03-012,Manipur,Thoubal,Wangjing,Wangjing Local Council Group 03,Wangjing Demo Village 012,516,116,97,93,56,60.22,92,77,83.70,80,63,78.75,70,50,71.43,6,6.19,99.0,99.0,88.22,90.43,24.552191,93.969585,2025-03-31
MAN-THO-03-013,Manipur,Thoubal,Wangjing,Wangjing Local Council Group 03,Wangjing Demo Village 013,1695,284,218,160,157,98.13,205,64,31.22,200,188,94.00,157,58,36.94,9,4.13,96.0,35.22,92.13,32.94,24.526548,94.0208,2025-03-31
MAN-THO-03-014,Manipur,Thoubal,Wangjing,Wangjing Local Council Group 03,Wangjing Demo Village 014,507,93,83,77,55,71.43,79,63,79.75,83,66,79.52,73,61,83.56,10,12.05,78.52,74.75,67.43,89.56,24.710663,94.1122,2025-03-31
MAN-THO-03-015,Manipur,Thoubal,Wangjing,Wangjing Local Council Group 03,Wangjing Demo Village 015,701,126,87,75,38,50.67,76,45,59.21,80,39,48.75,85,62,72.94,9,10.34,53.75,55.21,56.67,72.94,24.578949,94.021215,2025-03-31
MAN-THO-03-016,Manipur,Thoubal,Wangjing,Wangjing Local Council Group 04,Wangjing Demo Village 016,1569,389,278,202,190,94.06,261,188,72.03,233,219,93.99,230,182,79.13,31,11.15,91.99,74.03,99.0,84.13,24.696644,93.897614,2025-03-31
MAN-THO-03-017,Manipur,Thoubal,Wangjing,Wangjing Local Council Group 04,Wangjing Demo Village 017,2381,393,383,316,307,97.15,360,310,86.11,289,272,94.12,327,304,92.97,41,10.70,92.12,84.11,97.15,88.97,24.670078,94.01228,2025-03-31
MAN-THO-03-018,Manipur,Thoubal,Wangjing,Wangjing Local Council Group 04,Wangjing Demo Village 018,1422,372,304,300,261,87.00,222,166,74.77,224,72,32.14,265,193,72.83,6,1.97,36.14,77.77,82.0,67.83,24.653215,94.007157,2025-03-31
MAN-THO-03-019,Manipur,Thoubal,Wangjing,Wangjing Local Council Group 04,Wangjing Demo Village 019,2129,419,378,305,253,82.95,291,122,41.92,274,214,78.10,374,266,71.12,68,17.99,74.1,37.92,81.95,68.12,24.586509,94.061746,2025-03-31
MAN-THO-03-020,Manipur,Thoubal,Wangjing,Wangjing Local Council Group 04,Wangjing Demo Village 020,2278,417,322,303,133,43.89,311,239,76.85,260,198,76.15,257,193,75.10,11,3.42,70.15,78.85,38.89,79.1,24.578588,94.05579,2025-03-31
MAN-THO-03-021,Manipur,Thoubal,Wangjing,Wangjing Local Council Group 05,Wangjing Demo Village 021,3165,619,426,417,350,83.93,412,342,83.01,364,306,84.07,362,152,41.99,34,7.98,81.07,79.01,80.93,45.99,24.629434,94.129604,2025-03-31
MAN-THO-03-022,Manipur,Thoubal,Wangjing,Wangjing Local Council Group 05,Wangjing Demo Village 022,299,61,52,40,18,45.00,37,13,35.14,43,23,53.49,52,30,57.69,17,32.69,57.49,37.14,43.0,59.69,24.656443,93.897698,2025-03-31
MAN-THO-03-023,Manipur,Thoubal,Wangjing,Wangjing Local Council Group 05,Wangjing Demo Village 023,3094,703,531,441,353,80.05,398,275,69.10,471,391,83.01,419,348,83.05,194,36.53,84.01,73.1,76.05,86.05,24.680146,93.958945,2025-03-31
MAN-THO-03-024,Manipur,Thoubal,Wangjing,Wangjing Local Council Group 05,Wangjing Demo Village 024,1937,372,253,205,133,64.88,211,158,74.88,250,165,66.00,202,127,62.87,38,15.02,88.0,95.88,88.88,85.87,24.736223,93.995845,2025-03-31
MAN-THO-03-025,Manipur,Thoubal,Wangjing,Wangjing Local Council Group 05,Wangjing Demo Village 025,1771,302,289,210,185,88.10,234,115,49.15,282,254,90.07,256,131,51.17,38,13.15,95.07,43.15,88.1,50.17,24.622661,94.060131,2025-03-31
MAN-THO-04-001,Manipur,Thoubal,Heirok,Heirok Local Council Group 01,Heirok Demo Village 001,2855,536,425,364,331,90.93,381,343,90.03,364,335,92.03,351,309,88.03,28,6.59,94.03,94.03,90.93,92.03,24.732526,93.933947,2025-03-31
MAN-THO-04-002,Manipur,Thoubal,Heirok,Heirok Local Council Group 01,Heirok Demo Village 002,663,135,112,112,65,58.04,93,43,46.24,84,65,77.38,92,50,54.35,13,11.61,74.38,51.24,61.04,60.35,24.68588,93.911262,2025-03-31
MAN-THO-04-003,Manipur,Thoubal,Heirok,Heirok Local Council Group 01,Heirok Demo Village 003,2128,486,432,402,370,92.04,371,275,74.12,345,304,88.12,344,272,79.07,21,4.86,91.12,79.12,88.04,83.07,24.614419,93.99729,2025-03-31
MAN-THO-04-004,Manipur,Thoubal,Heirok,Heirok Local Council Group 01,Heirok Demo Village 004,1544,363,273,236,210,88.98,235,200,85.11,218,205,94.04,264,256,96.97,53,19.41,93.04,80.11,85.98,94.97,24.58609,94.075618,2025-03-31
MAN-THO-04-005,Manipur,Thoubal,Heirok,Heirok Local Council Group 01,Heirok Demo Village 005,1874,438,342,253,223,88.14,328,272,82.93,281,115,40.93,247,195,78.95,11,3.22,37.93,77.93,87.14,74.95,24.56255,93.909108,2025-03-31
MAN-THO-04-006,Manipur,Thoubal,Heirok,Heirok Local Council Group 02,Heirok Demo Village 006,2121,391,285,275,212,77.09,227,86,37.89,226,190,84.07,243,214,88.07,8,2.81,83.07,31.89,74.09,86.07,24.643348,94.122452,2025-03-31
MAN-THO-04-007,Manipur,Thoubal,Heirok,Heirok Local Council Group 02,Heirok Demo Village 007,2203,568,375,309,90,29.13,367,334,91.01,336,259,77.08,340,309,90.88,23,6.13,83.08,97.01,33.13,84.88,24.548821,93.99432,2025-03-31
MAN-THO-04-008,Manipur,Thoubal,Heirok,Heirok Local Council Group 02,Heirok Demo Village 008,3043,665,437,398,330,82.91,325,270,83.08,391,325,83.12,347,125,36.02,43,9.84,84.12,85.08,76.91,30.02,24.7204,94.086109,2025-03-31
MAN-THO-04-009,Manipur,Thoubal,Heirok,Heirok Local Council Group 02,Heirok Demo Village 009,2477,449,347,258,142,55.04,325,169,52.00,253,119,47.04,282,149,52.84,99,28.53,46.04,57.0,52.04,46.84,24.721893,94.082064,2025-03-31
MAN-THO-04-010,Manipur,Thoubal,Heirok,Heirok Local Council Group 02,Heirok Demo Village 010,316,66,60,55,43,78.18,47,35,74.47,49,35,71.43,58,41,70.69,15,25.00,66.43,76.47,80.18,69.69,24.684329,94.088461,2025-03-31
MAN-THO-04-011,Manipur,Thoubal,Heirok,Heirok Local Council Group 03,Heirok Demo Village 011,3550,588,369,295,209,70.85,352,232,65.91,319,230,72.10,288,228,79.17,65,17.62,94.1,86.91,96.85,99.0,24.693248,94.120447,2025-03-31
MAN-THO-04-012,Manipur,Thoubal,Heirok,Heirok Local Council Group 03,Heirok Demo Village 012,2231,593,428,313,288,92.01,356,153,42.98,319,300,94.04,341,160,46.92,6,1.40,95.04,47.98,95.01,49.92,24.685884,94.020181,2025-03-31
MAN-THO-04-013,Manipur,Thoubal,Heirok,Heirok Local Council Group 03,Heirok Demo Village 013,926,166,141,133,96,72.18,135,99,73.33,128,110,85.94,120,102,85.00,23,16.31,80.94,69.33,66.18,88.0,24.588868,94.024068,2025-03-31
MAN-THO-04-014,Manipur,Thoubal,Heirok,Heirok Local Council Group 03,Heirok Demo Village 014,1887,316,206,205,146,71.22,160,123,76.88,206,99,48.06,188,137,72.87,4,1.94,48.06,74.88,67.22,67.87,24.702559,93.991194,2025-03-31
MAN-THO-04-015,Manipur,Thoubal,Heirok,Heirok Local Council Group 03,Heirok Demo Village 015,3365,590,585,562,416,74.02,547,476,87.02,556,473,85.07,429,369,86.01,23,3.93,87.07,82.02,69.02,88.01,24.556225,93.992856,2025-03-31
MAN-THO-04-016,Manipur,Thoubal,Heirok,Heirok Local Council Group 04,Heirok Demo Village 016,2601,453,306,283,246,86.93,305,296,97.05,280,246,87.86,272,250,91.91,26,8.50,82.86,96.05,81.93,89.91,24.646994,94.071849,2025-03-31
MAN-THO-04-017,Manipur,Thoubal,Heirok,Heirok Local Council Group 04,Heirok Demo Village 017,2941,562,413,340,286,84.12,335,291,86.87,387,170,43.93,385,270,70.13,45,10.90,47.93,86.87,80.12,71.13,24.638535,93.941559,2025-03-31
MAN-THO-04-018,Manipur,Thoubal,Heirok,Heirok Local Council Group 04,Heirok Demo Village 018,1256,210,176,134,106,79.10,163,55,33.74,163,122,74.85,156,112,71.79,31,17.61,68.85,29.74,83.1,77.79,24.643839,94.021739,2025-03-31
MAN-THO-04-019,Manipur,Thoubal,Heirok,Heirok Local Council Group 04,Heirok Demo Village 019,2496,439,402,310,133,42.90,345,310,89.86,348,303,87.07,299,260,86.96,39,9.70,91.07,86.86,39.9,86.96,24.627833,94.024409,2025-03-31
MAN-THO-04-020,Manipur,Thoubal,Heirok,Heirok Local Council Group 04,Heirok Demo Village 020,1068,218,185,170,153,90.00,141,110,78.01,142,118,83.10,178,77,43.26,28,15.14,89.1,82.01,90.0,41.26,24.672206,94.005703,2025-03-31
MAN-THO-04-021,Manipur,Thoubal,Heirok,Heirok Local Council Group 05,Heirok Demo Village 021,3259,541,424,365,193,52.88,411,181,44.04,328,180,54.88,321,100,31.15,86,20.28,53.88,49.04,47.88,27.15,24.58241,93.953649,2025-03-31
MAN-THO-04-022,Manipur,Thoubal,Heirok,Heirok Local Council Group 05,Heirok Demo Village 022,3140,641,478,456,397,87.06,416,337,81.01,399,271,67.92,477,425,89.10,117,24.48,73.92,84.01,86.06,84.1,24.568863,93.987692,2025-03-31
MAN-THO-04-023,Manipur,Thoubal,Heirok,Heirok Local Council Group 05,Heirok Demo Village 023,2579,497,370,311,261,83.92,310,232,74.84,285,219,76.84,302,230,76.16,37,10.00,99.0,92.84,99.0,98.16,24.580096,93.911684,2025-03-31
MAN-THO-04-024,Manipur,Thoubal,Heirok,Heirok Local Council Group 05,Heirok Demo Village 024,1586,296,279,245,228,93.06,251,120,47.81,243,211,86.83,232,97,41.81,52,18.64,89.83,47.81,97.06,43.81,24.715591,94.051916,2025-03-31
MAN-THO-04-025,Manipur,Thoubal,Heirok,Heirok Local Council Group 05,Heirok Demo Village 025,982,196,193,176,160,90.91,190,142,74.74,175,122,69.71,168,155,92.26,37,19.17,64.71,78.74,96.91,91.26,24.622745,93.926997,2025-03-31
MAN-THO-05-001,Manipur,Thoubal,Yairipok,Yairipok Local Council Group 01,Yairipok Demo Village 001,2029,365,234,192,106,55.21,228,128,56.14,198,133,67.17,196,90,45.92,27,11.54,68.17,52.14,57.21,43.92,24.620112,93.971706,2025-03-31
MAN-THO-05-002,Manipur,Thoubal,Yairipok,Yairipok Local Council Group 01,Yairipok Demo Village 002,1861,361,242,206,181,87.86,208,183,87.98,231,192,83.12,208,175,84.13,37,15.29,88.12,87.98,87.86,89.13,24.649641,94.070637,2025-03-31
MAN-THO-05-003,Manipur,Thoubal,Yairipok,Yairipok Local Council Group 01,Yairipok Demo Village 003,1604,396,255,245,225,91.84,251,216,86.06,190,184,96.84,227,200,88.11,3,1.18,95.84,86.06,89.84,87.11,24.602617,93.900587,2025-03-31
MAN-THO-05-004,Manipur,Thoubal,Yairipok,Yairipok Local Council Group 01,Yairipok Demo Village 004,2628,571,483,429,305,71.10,363,301,82.92,362,123,33.98,443,310,69.98,31,6.42,31.98,88.92,65.1,72.98,24.72376,94.062201,2025-03-31
MAN-THO-05-005,Manipur,Thoubal,Yairipok,Yairipok Local Council Group 01,Yairipok Demo Village 005,3104,636,517,377,343,90.98,483,227,47.00,420,361,85.95,403,343,85.11,16,3.09,87.95,53.0,91.98,85.11,24.562836,93.97668,2025-03-31
MAN-THO-05-006,Manipur,Thoubal,Yairipok,Yairipok Local Council Group 02,Yairipok Demo Village 006,3206,571,438,402,161,40.05,409,352,86.06,420,361,85.95,369,328,88.89,25,5.71,79.95,84.06,35.05,93.89,24.668777,93.944236,2025-03-31
MAN-THO-05-007,Manipur,Thoubal,Yairipok,Yairipok Local Council Group 02,Yairipok Demo Village 007,2995,647,611,598,532,88.96,504,428,84.92,471,405,85.99,509,199,39.10,87,14.24,87.99,82.92,94.96,42.1,24.618881,93.928743,2025-03-31
MAN-THO-05-008,Manipur,Thoubal,Yairipok,Yairipok Local Council Group 02,Yairipok Demo Village 008,1774,378,377,283,119,42.05,322,158,49.07,315,113,35.87,353,201,56.94,119,31.56,38.87,43.07,39.05,56.94,24.717864,93.926288,2025-03-31
MAN-THO-05-009,Manipur,Thoubal,Yairipok,Yairipok Local Council Group 02,Yairipok Demo Village 009,3383,696,615,547,416,76.05,508,427,84.06,559,509,91.06,520,400,76.92,254,41.30,92.06,84.06,77.05,72.92,24.625321,94.122707,2025-03-31
MAN-THO-05-010,Manipur,Thoubal,Yairipok,Yairipok Local Council Group 02,Yairipok Demo Village 010,2541,474,400,393,326,82.95,347,291,83.86,388,268,69.07,302,208,68.87,25,6.25,83.07,99.0,97.95,90.87,24.600597,93.92996,2025-03-31
MAN-THO-05-011,Manipur,Thoubal,Yairipok,Yairipok Local Council Group 03,Yairipok Demo Village 011,526,139,117,114,108,94.74,104,46,44.23,114,111,97.37,105,36,34.29,11,9.40,99.0,45.23,90.74,29.29,24.587589,94.046304,2025-03-31
MAN-THO-05-012,Manipur,Thoubal,Yairipok,Yairipok Local Council Group 03,Yairipok Demo Village 012,695,125,119,119,105,88.24,94,69,73.40,111,100,90.09,119,83,69.75,18,15.13,96.09,79.4,89.24,74.75,24.588634,93.950999,2025-03-31
MAN-THO-05-013,Manipur,Thoubal,Yairipok,Yairipok Local Council Group 03,Yairipok Demo Village 013,560,93,82,75,53,70.67,74,48,64.86,71,51,71.83,63,37,58.73,7,8.54,68.83,62.86,76.67,55.73,24.662494,94.07996,2025-03-31
MAN-THO-05-014,Manipur,Thoubal,Yairipok,Yairipok Local Council Group 03,Yairipok Demo Village 014,3821,730,722,708,552,77.97,721,663,91.96,715,615,86.01,532,463,87.03,59,8.17,91.01,91.96,75.97,82.03,24.607817,93.901593,2025-03-31
MAN-THO-05-015,Manipur,Thoubal,Yairipok,Yairipok Local Council Group 03,Yairipok Demo Village 015,2841,550,417,397,373,93.95,391,360,92.07,345,307,88.99,340,309,90.88,83,19.90,84.99,91.07,92.95,86.88,24.551623,94.033303,2025-03-31
MAN-THO-05-016,Manipur,Thoubal,Yairipok,Yairipok Local Council Group 04,Yairipok Demo Village 016,1102,186,171,132,100,75.76,130,118,90.77,134,42,31.34,129,114,88.37,33,19.30,30.34,94.77,71.76,82.37,24.646005,93.907875,2025-03-31
MAN-THO-05-017,Manipur,Thoubal,Yairipok,Yairipok Local Council Group 04,Yairipok Demo Village 017,2488,616,613,565,514,90.97,537,252,46.93,599,443,73.96,525,441,84.00,64,10.44,69.96,50.93,92.97,81.0,24.581589,94.015596,2025-03-31
MAN-THO-05-018,Manipur,Thoubal,Yairipok,Yairipok Local Council Group 04,Yairipok Demo Village 018,1310,306,248,180,56,31.11,180,133,73.89,218,161,73.85,225,164,72.89,7,2.82,73.85,75.89,28.11,67.89,24.592353,93.893226,2025-03-31
MAN-THO-05-019,Manipur,Thoubal,Yairipok,Yairipok Local Council Group 04,Yairipok Demo Village 019,3001,520,413,409,352,86.06,358,297,82.96,393,279,70.99,378,193,51.06,48,11.62,70.99,79.96,92.06,50.06,24.648741,94.084701,2025-03-31
MAN-THO-05-020,Manipur,Thoubal,Yairipok,Yairipok Local Council Group 04,Yairipok Demo Village 020,1463,247,193,149,74,49.66,163,86,52.76,150,76,50.67,153,54,35.29,43,22.28,54.67,50.76,45.66,29.29,24.613141,93.891296,2025-03-31
MAN-THO-05-021,Manipur,Thoubal,Yairipok,Yairipok Local Council Group 05,Yairipok Demo Village 021,3852,773,505,367,257,70.03,409,348,85.09,482,390,80.91,470,428,91.06,154,30.50,74.91,80.09,66.03,92.06,24.580479,94.123083,2025-03-31
MAN-THO-05-022,Manipur,Thoubal,Yairipok,Yairipok Local Council Group 05,Yairipok Demo Village 022,1217,326,202,182,111,60.99,180,131,72.78,201,147,73.13,148,96,64.86,16,7.92,89.13,93.78,87.99,85.86,24.687651,94.081777,2025-03-31
MAN-THO-05-023,Manipur,Thoubal,Yairipok,Yairipok Local Council Group 05,Yairipok Demo Village 023,2418,584,560,486,442,90.95,497,184,37.02,528,502,95.08,413,206,49.88,108,19.29,92.08,36.02,89.95,45.88,24.59663,94.112467,2025-03-31
MAN-THO-05-024,Manipur,Thoubal,Yairipok,Yairipok Local Council Group 05,Yairipok Demo Village 024,1111,217,157,118,104,88.14,114,105,92.11,115,85,73.91,133,110,82.71,27,17.20,77.91,96.11,93.14,82.71,24.604845,93.925589,2025-03-31
MAN-THO-05-025,Manipur,Thoubal,Yairipok,Yairipok Local Council Group 05,Yairipok Demo Village 025,2416,468,331,284,190,66.90,327,193,59.02,324,194,59.88,292,169,57.88,8,2.42,64.88,65.02,72.9,52.88,24.608264,93.925055,2025-03-31
MAN-UKH-01-001,Manipur,Ukhrul,Ukhrul,Ukhrul Local Council Group 01,Ukhrul Demo Village 001,2680,509,492,492,413,83.94,456,374,82.02,357,325,91.04,461,401,86.98,25,5.08,94.04,76.02,85.94,86.98,25.161283,94.406839,2025-03-31
MAN-UKH-01-002,Manipur,Ukhrul,Ukhrul,Ukhrul Local Council Group 01,Ukhrul Demo Village 002,4019,752,697,531,271,51.04,623,336,53.93,543,407,74.95,646,394,60.99,80,11.48,72.95,58.93,52.04,61.99,25.038825,94.392304,2025-03-31
MAN-UKH-01-003,Manipur,Ukhrul,Ukhrul,Ukhrul Local Council Group 01,Ukhrul Demo Village 003,3847,642,603,544,435,79.96,447,416,93.06,531,499,93.97,594,535,90.07,56,9.29,95.97,97.06,76.96,92.07,25.133523,94.244426,2025-03-31
MAN-UKH-01-004,Manipur,Ukhrul,Ukhrul,Ukhrul Local Council Group 01,Ukhrul Demo Village 004,2691,445,409,297,252,84.85,381,354,92.91,311,295,94.86,325,286,88.00,54,13.20,93.86,92.91,82.85,88.0,25.160573,94.297086,2025-03-31
MAN-UKH-01-005,Manipur,Ukhrul,Ukhrul,Ukhrul Local Council Group 01,Ukhrul Demo Village 005,3816,720,494,443,399,90.07,363,323,88.98,390,140,35.90,462,379,82.03,65,13.16,41.9,83.98,93.07,87.03,25.201437,94.250452,2025-03-31
MAN-UKH-01-006,Manipur,Ukhrul,Ukhrul,Ukhrul Local Council Group 02,Ukhrul Demo Village 006,696,120,92,69,53,76.81,81,24,29.63,91,64,70.33,66,48,72.73,3,3.26,74.33,33.63,70.81,77.73,25.208262,94.432519,2025-03-31
MAN-UKH-01-007,Manipur,Ukhrul,Ukhrul,Ukhrul Local Council Group 02,Ukhrul Demo Village 007,4688,773,758,590,295,50.00,613,472,77.00,749,532,71.03,716,594,82.96,144,19.00,65.03,77.0,47.0,85.96,25.084003,94.430532,2025-03-31
MAN-UKH-01-008,Manipur,Ukhrul,Ukhrul,Ukhrul Local Council Group 02,Ukhrul Demo Village 008,3607,641,633,496,362,72.98,525,467,88.95,504,393,77.98,473,132,27.91,75,11.85,74.98,87.95,74.98,21.91,25.066723,94.2547,2025-03-31
MAN-UKH-01-009,Manipur,Ukhrul,Ukhrul,Ukhrul Local Council Group 02,Ukhrul Demo Village 009,487,131,123,123,65,52.85,116,52,44.83,102,48,47.06,91,28,30.77,24,19.51,45.06,40.83,53.85,26.77,25.22848,94.313053,2025-03-31
MAN-UKH-01-010,Manipur,Ukhrul,Ukhrul,Ukhrul Local Council Group 02,Ukhrul Demo Village 010,724,133,108,101,79,78.22,78,58,74.36,102,74,72.55,100,81,81.00,31,28.70,73.55,72.36,72.22,83.0,25.077957,94.346348,2025-03-31
MAN-UKH-01-011,Manipur,Ukhrul,Ukhrul,Ukhrul Local Council Group 03,Ukhrul Demo Village 011,1884,335,235,194,134,69.07,210,134,63.81,223,138,61.88,170,128,75.29,41,17.45,79.88,91.81,92.07,89.29,25.046305,94.415104,2025-03-31
MAN-UKH-01-012,Manipur,Ukhrul,Ukhrul,Ukhrul Local Council Group 03,Ukhrul Demo Village 012,834,169,157,137,134,97.81,118,41,34.75,139,124,89.21,118,48,40.68,12,7.64,87.21,34.75,96.81,37.68,25.132757,94.37079,2025-03-31
MAN-UKH-01-013,Manipur,Ukhrul,Ukhrul,Ukhrul Local Council Group 03,Ukhrul Demo Village 013,2821,496,380,358,286,79.89,346,294,84.97,311,283,91.00,297,205,69.02,43,11.32,89.0,84.97,85.89,68.02,25.173637,94.459222,2025-03-31
MAN-UKH-01-014,Manipur,Ukhrul,Ukhrul,Ukhrul Local Council Group 03,Ukhrul Demo Village 014,228,52,42,35,23,65.71,30,14,46.67,35,21,60.00,42,29,69.05,6,14.29,55.0,45.67,62.71,64.05,25.011573,94.272147,2025-03-31
MAN-UKH-01-015,Manipur,Ukhrul,Ukhrul,Ukhrul Local Council Group 03,Ukhrul Demo Village 015,811,179,159,147,118,80.27,159,148,93.08,149,127,85.23,142,131,92.25,9,5.66,79.23,98.08,77.27,96.25,25.019508,94.409532,2025-03-31
MAN-UKH-01-016,Manipur,Ukhrul,Ukhrul,Ukhrul Local Council Group 04,Ukhrul Demo Village 016,1578,356,303,236,205,86.86,265,231,87.17,261,243,93.10,239,210,87.87,29,9.57,93.1,85.17,86.86,86.87,25.054053,94.388003,2025-03-31
MAN-UKH-01-017,Manipur,Ukhrul,Ukhrul,Ukhrul Local Council Group 04,Ukhrul Demo Village 017,1413,266,184,146,112,76.71,160,125,78.13,178,62,34.83,164,144,87.80,27,14.67,34.83,80.13,76.71,93.8,25.109633,94.294538,2025-03-31
MAN-UKH-01-018,Manipur,Ukhrul,Ukhrul,Ukhrul Local Council Group 04,Ukhrul Demo Village 018,243,51,35,29,26,89.66,31,13,41.94,29,23,79.31,32,28,87.50,6,17.14,82.31,36.94,85.66,87.5,25.055199,94.453181,2025-03-31
MAN-UKH-01-019,Manipur,Ukhrul,Ukhrul,Ukhrul Local Council Group 04,Ukhrul Demo Village 019,3123,699,517,475,185,38.95,373,302,80.97,379,345,91.03,412,321,77.91,15,2.90,94.03,84.97,33.95,77.91,25.217728,94.27295,2025-03-31
MAN-UKH-01-020,Manipur,Ukhrul,Ukhrul,Ukhrul Local Council Group 04,Ukhrul Demo Village 020,399,68,57,44,34,77.27,54,46,85.19,56,46,82.14,54,22,40.74,1,1.75,77.14,85.19,72.27,36.74,25.159023,94.424752,2025-03-31
MAN-UKH-01-021,Manipur,Ukhrul,Ukhrul,Ukhrul Local Council Group 05,Ukhrul Demo Village 021,2157,405,291,233,107,45.92,225,83,36.89,273,117,42.86,285,103,36.14,74,25.43,45.86,30.89,44.92,31.14,25.081563,94.464267,2025-03-31
MAN-UKH-01-022,Manipur,Ukhrul,Ukhrul,Ukhrul Local Council Group 05,Ukhrul Demo Village 022,2865,564,369,295,233,78.98,278,206,74.10,354,266,75.14,293,211,72.01,99,26.83,70.14,76.1,76.98,66.01,25.139619,94.336494,2025-03-31
MAN-UKH-01-023,Manipur,Ukhrul,Ukhrul,Ukhrul Local Council Group 05,Ukhrul Demo Village 023,2474,485,329,261,170,65.13,328,213,64.94,289,243,84.08,257,203,78.99,47,14.29,99.0,89.94,85.13,99.0,25.079885,94.399558,2025-03-31
MAN-UKH-01-024,Manipur,Ukhrul,Ukhrul,Ukhrul Local Council Group 05,Ukhrul Demo Village 024,458,91,69,58,55,94.83,66,27,40.91,61,57,93.44,51,26,50.98,3,4.35,93.44,44.91,88.83,52.98,25.148274,94.433435,2025-03-31
MAN-UKH-01-025,Manipur,Ukhrul,Ukhrul,Ukhrul Local Council Group 05,Ukhrul Demo Village 025,3317,627,510,461,364,78.96,438,368,84.02,498,374,75.10,393,350,89.06,50,9.80,71.1,89.02,84.96,91.06,25.153122,94.357519,2025-03-31
MAN-UKH-01-026,Manipur,Ukhrul,Ukhrul,Ukhrul Local Council Group 06,Ukhrul Demo Village 026,2974,532,341,316,164,51.90,334,240,71.86,302,172,56.95,269,172,63.94,47,13.78,55.95,72.86,51.9,58.94,25.038181,94.36802,2025-03-31
MAN-UKH-01-027,Manipur,Ukhrul,Ukhrul,Ukhrul Local Council Group 06,Ukhrul Demo Village 027,1167,200,141,114,79,69.30,107,88,82.24,129,94,72.87,140,116,82.86,22,15.60,68.87,86.24,63.3,83.86,25.10213,94.285266,2025-03-31
MAN-UKH-01-028,Manipur,Ukhrul,Ukhrul,Ukhrul Local Council Group 06,Ukhrul Demo Village 028,1567,259,199,164,148,90.24,147,143,97.28,155,140,90.32,175,161,92.00,19,9.55,89.32,94.28,90.24,91.0,25.025132,94.347883,2025-03-31
MAN-UKH-01-029,Manipur,Ukhrul,Ukhrul,Ukhrul Local Council Group 06,Ukhrul Demo Village 029,2449,559,383,378,340,89.95,324,253,78.09,371,148,39.89,281,230,81.85,55,14.36,45.89,79.09,83.95,86.85,25.134513,94.328664,2025-03-31
MAN-UKH-01-030,Manipur,Ukhrul,Ukhrul,Ukhrul Local Council Group 06,Ukhrul Demo Village 030,814,134,104,78,55,70.51,103,49,47.57,84,73,86.90,101,73,72.28,10,9.62,92.9,48.57,71.51,73.28,25.052883,94.324659,2025-03-31
MAN-UKH-01-031,Manipur,Ukhrul,Ukhrul,Ukhrul Local Council Group 07,Ukhrul Demo Village 031,1149,238,169,159,78,49.06,155,118,76.13,168,129,76.79,158,141,89.24,7,4.14,73.79,70.13,43.06,92.24,25.030997,94.471166,2025-03-31
MAN-UKH-01-032,Manipur,Ukhrul,Ukhrul,Ukhrul Local Council Group 07,Ukhrul Demo Village 032,3175,540,344,303,218,71.95,327,255,77.98,288,248,86.11,339,105,30.97,48,13.95,89.11,74.98,69.95,31.97,25.047118,94.345159,2025-03-31
MAN-UKH-02-001,Manipur,Ukhrul,Chingai,Chingai Local Council Group 01,Chingai Demo Village 001,3060,667,517,480,192,40.00,429,142,33.10,450,238,52.89,466,256,54.94,158,30.56,50.89,31.1,46.0,49.94,25.061319,94.338739,2025-03-31
MAN-UKH-02-002,Manipur,Ukhrul,Chingai,Chingai Local Council Group 01,Chingai Demo Village 002,2928,624,391,358,290,81.01,342,236,69.01,383,295,77.02,361,253,70.08,117,29.92,80.02,74.01,85.01,76.08,25.076621,94.305446,2025-03-31
MAN-UKH-02-003,Manipur,Ukhrul,Chingai,Chingai Local Council Group 01,Chingai Demo Village 003,1632,403,315,266,202,75.94,238,183,76.89,258,157,60.85,290,177,61.03,6,1.90,85.85,99.0,99.0,83.03,25.226741,94.330088,2025-03-31
MAN-UKH-02-004,Manipur,Ukhrul,Chingai,Chingai Local Council Group 01,Chingai Demo Village 004,2990,634,622,516,459,88.95,603,253,41.96,487,472,96.92,471,170,36.09,122,19.61,98.92,37.96,91.95,39.09,25.216795,94.447875,2025-03-31
MAN-UKH-02-005,Manipur,Ukhrul,Chingai,Chingai Local Council Group 01,Chingai Demo Village 005,1461,321,221,181,132,72.93,167,124,74.25,201,139,69.15,190,141,74.21,39,17.65,74.15,68.25,73.93,73.21,25.146475,94.380082,2025-03-31
MAN-UKH-02-006,Manipur,Ukhrul,Chingai,Chingai Local Council Group 02,Chingai Demo Village 006,916,220,194,162,97,59.88,171,84,49.12,161,103,63.98,189,98,51.85,15,7.73,60.98,55.12,65.88,52.85,25.092344,94.277795,2025-03-31
MAN-UKH-02-007,Manipur,Ukhrul,Chingai,Chingai Local Council Group 02,Chingai Demo Village 007,2375,629,592,456,415,91.01,524,393,75.00,585,410,70.09,571,474,83.01,50,8.45,75.09,80.0,93.01,77.01,25.09325,94.349899,2025-03-31
MAN-UKH-02-008,Manipur,Ukhrul,Chingai,Chingai Local Council Group 02,Chingai Demo Village 008,1060,215,157,128,113,88.28,155,132,85.16,143,137,95.80,136,122,89.71,15,9.55,92.8,85.16,85.28,89.71,25.16108,94.360739,2025-03-31
MAN-UKH-02-009,Manipur,Ukhrul,Chingai,Chingai Local Council Group 02,Chingai Demo Village 009,2410,423,406,329,293,89.06,317,247,77.92,333,147,44.14,355,277,78.03,17,4.19,38.14,83.92,84.06,80.03,25.087464,94.452381,2025-03-31
MAN-UKH-02-010,Manipur,Ukhrul,Chingai,Chingai Local Council Group 02,Chingai Demo Village 010,3855,691,602,572,515,90.03,463,218,47.08,518,388,74.90,550,490,89.09,91,15.12,74.9,50.08,84.03,91.09,25.152034,94.401798,2025-03-31
MAN-UKH-02-011,Manipur,Ukhrul,Chingai,Chingai Local Council Group 03,Chingai Demo Village 011,842,143,139,129,36,27.91,128,100,78.13,128,99,77.34,132,117,88.64,13,9.35,78.34,80.13,27.91,90.64,25.055435,94.454692,2025-03-31
MAN-UKH-02-012,Manipur,Ukhrul,Chingai,Chingai Local Council Group 03,Chingai Demo Village 012,3836,705,443,341,273,80.06,339,237,69.91,330,248,75.15,361,177,49.03,13,2.93,75.15,68.91,77.06,54.03,25.102924,94.323079,2025-03-31
MAN-UKH-02-013,Manipur,Ukhrul,Chingai,Chingai Local Council Group 03,Chingai Demo Village 013,2703,619,555,550,170,30.91,519,254,48.94,541,179,33.09,461,143,31.02,102,18.38,34.09,52.94,26.91,35.02,25.093599,94.289733,2025-03-31
MAN-UKH-02-014,Manipur,Ukhrul,Chingai,Chingai Local Council Group 03,Chingai Demo Village 014,2024,459,428,353,318,90.08,365,274,75.07,332,242,72.89,314,273,86.94,122,28.50,76.89,71.07,94.08,81.94,25.069519,94.278085,2025-03-31
MAN-UKH-02-015,Manipur,Ukhrul,Chingai,Chingai Local Council Group 03,Chingai Demo Village 015,2478,609,461,461,350,75.92,399,255,63.91,366,242,66.12,460,331,71.96,59,12.80,82.12,93.91,91.92,94.96,25.147128,94.285413,2025-03-31
MAN-UKH-02-016,Manipur,Ukhrul,Chingai,Chingai Local Council Group 04,Chingai Demo Village 016,1398,331,329,253,225,88.93,253,121,47.83,322,306,95.03,295,121,41.02,14,4.26,91.03,53.83,87.93,36.02,25.223199,94.440522,2025-03-31
MAN-UKH-02-017,Manipur,Ukhrul,Chingai,Chingai Local Council Group 04,Chingai Demo Village 017,3045,732,717,641,468,73.01,577,537,93.07,523,450,86.04,670,570,85.07,12,1.67,92.04,94.07,77.01,87.07,25.153411,94.461195,2025-03-31
MAN-UKH-02-018,Manipur,Ukhrul,Chingai,Chingai Local Council Group 04,Chingai Demo Village 018,1521,363,257,227,152,66.96,219,116,52.97,212,136,64.15,223,112,50.22,10,3.89,62.15,48.97,65.96,48.22,25.207595,94.404646,2025-03-31
MAN-UKH-02-019,Manipur,Ukhrul,Chingai,Chingai Local Council Group 04,Chingai Demo Village 019,2147,447,389,297,208,70.03,371,341,91.91,366,289,78.96,385,312,81.04,13,3.34,82.96,97.91,66.03,84.04,25.096149,94.354781,2025-03-31
MAN-UKH-02-020,Manipur,Ukhrul,Chingai,Chingai Local Council Group 04,Chingai Demo Village 020,2557,626,503,418,401,95.93,491,447,91.04,442,367,83.03,399,331,82.96,89,17.69,81.03,91.04,93.93,81.96,25.147826,94.310821,2025-03-31
MAN-UKH-02-021,Manipur,Ukhrul,Chingai,Chingai Local Council Group 05,Chingai Demo Village 021,2301,390,293,277,233,84.12,285,237,83.16,214,62,28.97,226,188,83.19,54,18.43,34.97,89.16,80.12,81.19,25.088817,94.25755,2025-03-31
MAN-UKH-02-022,Manipur,Ukhrul,Chingai,Chingai Local Council Group 05,Chingai Demo Village 022,1767,382,358,293,220,75.09,335,100,29.85,265,220,83.02,306,245,80.07,25,6.98,77.02,24.85,79.09,83.07,25.041694,94.365182,2025-03-31
MAN-UKH-02-023,Manipur,Ukhrul,Chingai,Chingai Local Council Group 05,Chingai Demo Village 023,1630,432,375,279,100,35.84,347,250,72.05,346,273,78.90,293,226,77.13,12,3.20,84.9,69.05,31.84,73.13,25.019402,94.477235,2025-03-31
MAN-UKH-02-024,Manipur,Ukhrul,Chingai,Chingai Local Council Group 05,Chingai Demo Village 024,3359,666,582,483,348,72.05,488,400,81.97,548,466,85.04,447,192,42.95,10,1.72,88.04,75.97,70.05,40.95,25.088516,94.308796,2025-03-31
MAN-UKH-02-025,Manipur,Ukhrul,Chingai,Chingai Local Council Group 05,Chingai Demo Village 025,3147,588,444,356,167,46.91,388,155,39.95,392,172,43.88,371,134,36.12,89,20.05,41.88,43.95,50.91,39.12,25.046,94.471508,2025-03-31
MAN-UKH-02-026,Manipur,Ukhrul,Chingai,Chingai Local Council Group 06,Chingai Demo Village 026,3241,714,689,512,389,75.98,570,473,82.98,655,544,83.05,507,451,88.95,265,38.46,88.05,87.98,69.98,90.95,25.199026,94.407423,2025-03-31
MAN-UKH-02-027,Manipur,Ukhrul,Chingai,Chingai Local Council Group 06,Chingai Demo Village 027,2652,592,555,549,329,59.93,522,318,60.92,503,392,77.93,477,334,70.02,52,9.37,99.0,85.92,89.93,98.02,25.022483,94.439952,2025-03-31
MAN-UKH-02-028,Manipur,Ukhrul,Chingai,Chingai Local Council Group 06,Chingai Demo Village 028,2832,749,745,672,632,94.05,634,298,47.00,624,530,84.94,605,200,33.06,148,19.87,84.94,47.0,99.0,31.06,25.199466,94.360883,2025-03-31
MAN-UKH-02-029,Manipur,Ukhrul,Chingai,Chingai Local Council Group 06,Chingai Demo Village 029,704,190,132,112,88,78.57,97,77,79.38,102,76,74.51,106,89,83.96,19,14.39,70.51,76.38,80.57,80.96,25.179782,94.449185,2025-03-31
MAN-UKH-02-030,Manipur,Ukhrul,Chingai,Chingai Local Council Group 06,Chingai Demo Village 030,1495,284,211,181,114,62.98,207,157,75.85,165,102,61.82,201,139,69.15,33,15.64,60.82,69.85,67.98,69.15,25.214197,94.415427,2025-03-31
MAN-UKH-02-031,Manipur,Ukhrul,Chingai,Chingai Local Council Group 07,Chingai Demo Village 031,3517,651,412,365,252,69.04,374,258,68.98,336,299,88.99,409,380,92.91,75,18.20,94.99,69.98,71.04,91.91,25.080842,94.254272,2025-03-31
MAN-UKH-03-001,Manipur,Ukhrul,Litan,Litan Local Council Group 01,Litan Demo Village 001,3132,594,496,368,305,82.88,477,425,89.10,395,328,83.04,466,429,92.06,62,12.50,82.04,89.1,82.88,88.06,25.063324,94.416777,2025-03-31
MAN-UKH-03-002,Manipur,Ukhrul,Litan,Litan Local Council Group 01,Litan Demo Village 002,1986,412,336,247,225,91.09,260,218,83.85,336,134,39.88,312,237,75.96,6,1.79,41.88,87.85,91.09,77.96,25.012922,94.466186,2025-03-31
MAN-UKH-03-003,Manipur,Ukhrul,Litan,Litan Local Council Group 01,Litan Demo Village 003,4118,718,693,634,450,70.98,678,278,41.00,669,562,84.01,672,585,87.05,51,7.36,79.01,38.0,74.98,86.05,25.134392,94.330924,2025-03-31
MAN-UKH-03-004,Manipur,Ukhrul,Litan,Litan Local Council Group 01,Litan Demo Village 004,2356,440,397,387,178,45.99,363,330,90.91,341,246,72.14,322,274,85.09,26,6.55,67.14,93.91,44.99,91.09,25.171474,94.354881,2025-03-31
MAN-UKH-03-005,Manipur,Ukhrul,Litan,Litan Local Council Group 01,Litan Demo Village 005,598,109,89,77,66,85.71,69,61,88.41,75,60,80.00,89,41,46.07,15,16.85,78.0,84.41,85.71,49.07,25.053817,94.362194,2025-03-31
MAN-UKH-03-006,Manipur,Ukhrul,Litan,Litan Local Council Group 02,Litan Demo Village 006,424,81,76,62,28,45.16,71,25,35.21,62,21,33.87,55,24,43.64,18,23.68,31.87,31.21,45.16,37.64,25.067915,94.466602,2025-03-31
MAN-UKH-03-007,Manipur,Ukhrul,Litan,Litan Local Council Group 02,Litan Demo Village 007,3417,663,547,504,343,68.06,430,370,86.05,464,394,84.91,469,389,82.94,209,38.21,83.91,84.05,62.06,81.94,25.04518,94.422237,2025-03-31
MAN-UKH-03-008,Manipur,Ukhrul,Litan,Litan Local Council Group 02,Litan Demo Village 008,480,128,101,91,62,68.13,80,66,82.50,78,66,84.62,100,72,72.00,7,6.93,99.0,99.0,86.13,96.0,25.19216,94.435524,2025-03-31
MAN-UKH-03-009,Manipur,Ukhrul,Litan,Litan Local Council Group 02,Litan Demo Village 009,320,58,43,41,39,95.12,40,18,45.00,35,31,88.57,38,16,42.11,2,4.65,91.57,47.0,99.0,41.11,25.215381,94.359645,2025-03-31
MAN-UKH-03-010,Manipur,Ukhrul,Litan,Litan Local Council Group 02,Litan Demo Village 010,2972,652,407,331,252,76.13,340,275,80.88,363,312,85.95,355,263,74.08,76,18.67,87.95,84.88,70.13,74.08,25.225459,94.38455,2025-03-31
MAN-UKH-03-011,Manipur,Ukhrul,Litan,Litan Local Council Group 03,Litan Demo Village 011,1382,245,158,150,99,66.00,148,101,68.24,114,83,72.81,132,102,77.27,9,5.70,66.81,67.24,60.0,82.27,25.057003,94.473969,2025-03-31
MAN-UKH-03-012,Manipur,Ukhrul,Litan,Litan Local Council Group 03,Litan Demo Village 012,2154,516,398,317,276,87.07,298,218,73.15,385,270,70.13,387,329,85.01,27,6.78,71.13,71.15,84.07,85.01,25.20149,94.267807,2025-03-31
MAN-UKH-03-013,Manipur,Ukhrul,Litan,Litan Local Council Group 03,Litan Demo Village 013,1570,305,197,173,168,97.11,178,162,91.01,177,147,83.05,147,128,87.07,22,11.17,80.05,88.01,92.11,85.07,25.207309,94.461414,2025-03-31
MAN-UKH-03-014,Manipur,Ukhrul,Litan,Litan Local Council Group 03,Litan Demo Village 014,901,219,198,184,132,71.74,172,141,81.98,161,77,47.83,155,115,74.19,31,15.66,52.83,86.98,66.74,78.19,25.132095,94.286527,2025-03-31
MAN-UKH-03-015,Manipur,Ukhrul,Litan,Litan Local Council Group 03,Litan Demo Village 015,1521,275,208,157,137,87.26,174,89,51.15,171,125,73.10,193,135,69.95,34,16.35,74.1,48.15,88.26,70.95,25.08306,94.399105,2025-03-31
MAN-UKH-03-016,Manipur,Ukhrul,Litan,Litan Local Council Group 04,Litan Demo Village 016,3743,731,701,674,283,41.99,518,388,74.90,602,536,89.04,562,433,77.05,87,12.41,95.04,73.9,36.99,83.05,25.078837,94.427607,2025-03-31
MAN-UKH-03-017,Manipur,Ukhrul,Litan,Litan Local Council Group 04,Litan Demo Village 017,3272,610,390,339,292,86.14,370,285,77.03,350,276,78.86,282,107,37.94,53,13.59,83.86,73.03,85.14,38.94,25.148087,94.291328,2025-03-31
MAN-UKH-03-018,Manipur,Ukhrul,Litan,Litan Local Council Group 04,Litan Demo Village 018,1909,447,444,429,197,45.92,413,231,55.93,373,209,56.03,433,169,39.03,83,18.69,60.03,49.93,39.92,38.03,25.045047,94.248244,2025-03-31
MAN-UKH-03-019,Manipur,Ukhrul,Litan,Litan Local Council Group 04,Litan Demo Village 019,779,172,157,157,130,82.80,120,86,71.67,118,94,79.66,156,126,80.77,60,38.22,82.66,65.67,88.8,85.77,25.103764,94.385363,2025-03-31
MAN-UKH-03-020,Manipur,Ukhrul,Litan,Litan Local Council Group 04,Litan Demo Village 020,1719,400,270,221,183,82.81,226,183,80.97,228,187,82.02,198,121,61.11,15,5.56,99.0,99.0,96.81,85.11,25.073503,94.429659,2025-03-31
MAN-UKH-03-021,Manipur,Ukhrul,Litan,Litan Local Council Group 05,Litan Demo Village 021,1383,370,287,232,216,93.10,218,100,45.87,255,240,94.12,282,130,46.10,21,7.32,98.12,41.87,91.1,49.1,25.018406,94.395129,2025-03-31
MAN-UKH-03-022,Manipur,Ukhrul,Litan,Litan Local Council Group 05,Litan Demo Village 022,1335,299,234,205,193,94.15,217,180,82.95,205,174,84.88,212,197,92.92,4,1.71,90.88,77.95,94.15,98.92,25.097597,94.274639,2025-03-31
MAN-UKH-03-023,Manipur,Ukhrul,Litan,Litan Local Council Group 05,Litan Demo Village 023,3873,780,711,607,437,71.99,676,507,75.00,607,279,45.96,647,453,70.02,56,7.88,49.96,73.0,66.99,70.02,25.137859,94.344836,2025-03-31
MAN-UKH-03-024,Manipur,Ukhrul,Litan,Litan Local Council Group 05,Litan Demo Village 024,790,208,189,159,149,93.71,176,121,68.75,163,150,92.02,172,151,87.79,34,17.99,92.02,66.75,94.71,84.79,25.124118,94.350975,2025-03-31
MAN-UKH-03-025,Manipur,Ukhrul,Litan,Litan Local Council Group 05,Litan Demo Village 025,2278,591,403,347,288,83.00,318,283,88.99,338,284,84.02,362,315,87.02,56,13.90,80.02,86.99,78.0,84.02,25.066609,94.313142,2025-03-31
MAN-UKH-03-026,Manipur,Ukhrul,Litan,Litan Local Council Group 06,Litan Demo Village 026,967,202,188,169,120,71.01,135,117,86.67,174,59,33.91,137,101,73.72,10,5.32,37.91,92.67,66.01,73.72,25.161931,94.453751,2025-03-31
MAN-UKH-03-027,Manipur,Ukhrul,Litan,Litan Local Council Group 06,Litan Demo Village 027,875,231,173,129,115,89.15,150,63,42.00,156,115,73.72,127,102,80.31,26,15.03,76.72,37.0,94.15,86.31,25.138956,94.362021,2025-03-31
MAN-UKH-03-028,Manipur,Ukhrul,Litan,Litan Local Council Group 06,Litan Demo Village 028,2997,570,362,338,112,33.14,335,261,77.91,280,202,72.14,273,213,78.02,9,2.49,67.14,75.91,33.14,82.02,25.192647,94.451772,2025-03-31
MAN-UKH-03-029,Manipur,Ukhrul,Litan,Litan Local Council Group 06,Litan Demo Village 029,1191,207,165,157,127,80.89,158,144,91.14,125,109,87.20,161,48,29.81,21,12.73,84.2,96.14,74.89,25.81,25.176247,94.400036,2025-03-31
MAN-UKH-03-030,Manipur,Ukhrul,Litan,Litan Local Council Group 06,Litan Demo Village 030,4121,693,467,401,140,34.91,340,143,42.06,452,176,38.94,436,170,38.99,136,29.12,43.94,38.06,31.91,36.99,25.17387,94.370058,2025-03-31
MAN-UKH-03-031,Manipur,Ukhrul,Litan,Litan Local Council Group 07,Litan Demo Village 031,2157,395,257,211,146,69.19,199,167,83.92,249,169,67.87,257,177,68.87,86,33.46,68.87,87.92,75.19,68.87,25.034173,94.300925,2025-03-31
MAN-UKH-04-001,Manipur,Ukhrul,Jessami,Jessami Local Council Group 01,Jessami Demo Village 001,4061,676,421,348,209,60.06,311,243,78.14,366,231,63.11,334,200,59.88,83,19.71,87.11,99.0,80.06,85.88,25.208582,94.252906,2025-03-31
MAN-UKH-04-002,Manipur,Ukhrul,Jessami,Jessami Local Council Group 01,Jessami Demo Village 002,3390,705,464,334,304,91.02,336,134,39.88,392,380,96.94,442,221,50.00,29,6.25,95.94,38.88,85.02,52.0,25.016428,94.338435,2025-03-31
MAN-UKH-04-003,Manipur,Ukhrul,Jessami,Jessami Local Council Group 01,Jessami Demo Village 003,657,114,99,72,50,69.44,87,75,86.21,93,87,93.55,72,65,90.28,6,6.06,91.55,92.21,71.44,86.28,25.20228,94.283028,2025-03-31
MAN-UKH-04-004,Manipur,Ukhrul,Jessami,Jessami Local Council Group 01,Jessami Demo Village 004,1622,277,236,188,122,64.89,208,135,64.90,181,107,59.12,210,139,66.19,33,13.98,65.12,58.9,68.89,61.19,25.171821,94.306559,2025-03-31
MAN-UKH-04-005,Manipur,Ukhrul,Jessami,Jessami Local Council Group 01,Jessami Demo Village 005,2768,586,476,438,385,87.90,473,331,69.98,425,353,83.06,464,357,76.94,52,10.92,87.06,64.98,83.9,73.94,25.140734,94.325923,2025-03-31
MAN-UKH-04-006,Manipur,Ukhrul,Jessami,Jessami Local Council Group 02,Jessami Demo Village 006,2524,415,319,300,276,92.00,255,235,92.16,272,250,91.91,261,235,90.04,57,17.87,88.91,89.16,91.0,89.04,25.174994,94.460899,2025-03-31
MAN-UKH-04-007,Manipur,Ukhrul,Jessami,Jessami Local Council Group 02,Jessami Demo Village 007,2837,583,431,369,314,85.09,326,254,77.91,316,101,31.96,419,335,79.95,41,9.51,28.96,72.91,79.09,75.95,25.133627,94.418447,2025-03-31
MAN-UKH-04-008,Manipur,Ukhrul,Jessami,Jessami Local Council Group 02,Jessami Demo Village 008,2331,574,494,473,402,84.99,449,130,28.95,467,350,74.95,452,402,88.94,96,19.43,74.95,31.95,90.99,92.94,25.184986,94.332945,2025-03-31
MAN-UKH-04-009,Manipur,Ukhrul,Jessami,Jessami Local Council Group 02,Jessami Demo Village 009,1833,310,237,233,65,27.90,209,176,84.21,193,164,84.97,171,123,71.93,34,14.35,87.97,84.21,28.9,66.93,25.103932,94.29399,2025-03-31
MAN-UKH-04-010,Manipur,Ukhrul,Jessami,Jessami Local Council Group 02,Jessami Demo Village 010,2158,430,311,269,194,72.12,302,263,87.09,309,238,77.02,311,115,36.98,40,12.86,81.02,88.09,74.12,35.98,25.085513,94.387484,2025-03-31
MAN-UKH-04-011,Manipur,Ukhrul,Jessami,Jessami Local Council Group 03,Jessami Demo Village 011,2159,518,484,361,144,39.89,390,187,47.95,479,206,43.01,360,180,50.00,95,19.63,46.01,45.95,39.89,56.0,25.08159,94.288083,2025-03-31
MAN-UKH-04-012,Manipur,Ukhrul,Jessami,Jessami Local Council Group 03,Jessami Demo Village 012,298,68,53,50,42,84.00,38,30,78.95,45,40,88.89,45,36,80.00,13,24.53,91.89,73.95,80.0,74.0,25.103541,94.303493,2025-03-31
MAN-UKH-04-013,Manipur,Ukhrul,Jessami,Jessami Local Council Group 03,Jessami Demo Village 013,4268,740,521,386,305,79.02,400,316,79.00,426,332,77.93,414,269,64.98,22,4.22,96.93,93.0,99.0,94.98,25.035812,94.35634,2025-03-31
MAN-UKH-04-014,Manipur,Ukhrul,Jessami,Jessami Local Council Group 03,Jessami Demo Village 014,3782,758,624,502,487,97.01,466,224,48.07,462,420,90.91,593,196,33.05,114,18.27,85.91,47.07,99.0,27.05,25.029887,94.422837,2025-03-31
MAN-UKH-04-015,Manipur,Ukhrul,Jessami,Jessami Local Council Group 03,Jessami Demo Village 015,2111,408,299,259,243,93.82,256,218,85.16,231,203,87.88,289,266,92.04,18,6.02,86.88,83.16,90.82,97.04,25.089161,94.413983,2025-03-31
MAN-UKH-04-016,Manipur,Ukhrul,Jessami,Jessami Local Council Group 04,Jessami Demo Village 016,3967,744,679,594,368,61.95,500,245,49.00,567,352,62.08,609,463,76.03,134,19.73,56.08,47.0,60.95,78.03,25.107293,94.309577,2025-03-31
MAN-UKH-04-017,Manipur,Ukhrul,Jessami,Jessami Local Council Group 04,Jessami Demo Village 017,2059,487,333,260,229,88.08,312,278,89.10,332,299,90.06,332,266,80.12,59,17.72,91.06,84.1,89.08,85.12,25.12818,94.271027,2025-03-31
MAN-UKH-04-018,Manipur,Ukhrul,Jessami,Jessami Local Council Group 04,Jessami Demo Village 018,4226,696,542,507,431,85.01,471,391,83.01,528,438,82.95,527,490,92.98,51,9.41,77.95,81.01,83.01,87.98,25.152294,94.454269,2025-03-31
MAN-UKH-04-019,Manipur,Ukhrul,Jessami,Jessami Local Council Group 04,Jessami Demo Village 019,2158,463,322,249,194,77.91,255,227,89.02,279,106,37.99,322,258,80.12,64,19.88,36.99,84.02,73.91,85.12,25.127754,94.261073,2025-03-31
MAN-UKH-04-020,Manipur,Ukhrul,Jessami,Jessami Local Council Group 04,Jessami Demo Village 020,1786,375,321,253,210,83.00,260,96,36.92,256,179,69.92,279,237,84.95,33,10.28,66.92,31.92,86.0,83.95,25.150829,94.422051,2025-03-31
MAN-UKH-04-021,Manipur,Ukhrul,Jessami,Jessami Local Council Group 05,Jessami Demo Village 021,1286,246,160,149,54,36.24,126,92,73.02,136,99,72.79,132,108,81.82,19,11.88,71.79,73.02,34.24,82.82,25.01905,94.338325,2025-03-31
MAN-UKH-04-022,Manipur,Ukhrul,Jessami,Jessami Local Council Group 05,Jessami Demo Village 022,1429,239,215,166,144,86.75,175,124,70.86,194,147,75.77,208,83,39.90,37,17.21,76.77,68.86,83.75,39.9,25.113566,94.453702,2025-03-31
MAN-UKH-04-023,Manipur,Ukhrul,Jessami,Jessami Local Council Group 05,Jessami Demo Village 023,3809,724,724,701,358,51.07,715,250,34.97,632,190,30.06,614,215,35.02,189,26.10,24.06,31.97,48.07,34.02,25.13638,94.325407,2025-03-31
MAN-UKH-04-024,Manipur,Ukhrul,Jessami,Jessami Local Council Group 05,Jessami Demo Village 024,2067,350,296,229,183,79.91,220,165,75.00,270,208,77.04,225,173,76.89,72,24.32,75.04,79.0,77.91,78.89,25.041111,94.401419,2025-03-31
MAN-UKH-04-025,Manipur,Ukhrul,Jessami,Jessami Local Council Group 05,Jessami Demo Village 025,1836,306,260,259,202,77.99,188,141,75.00,248,186,75.00,243,199,81.89,12,4.62,96.0,99.0,91.99,97.89,25.099326,94.306674,2025-03-31
MAN-UKH-04-026,Manipur,Ukhrul,Jessami,Jessami Local Council Group 06,Jessami Demo Village 026,3561,676,528,480,446,92.92,474,204,43.04,432,393,90.97,382,138,36.13,22,4.17,86.97,43.04,92.92,42.13,25.098846,94.416978,2025-03-31
MAN-UKH-04-027,Manipur,Ukhrul,Jessami,Jessami Local Council Group 06,Jessami Demo Village 027,3869,660,492,463,333,71.92,386,290,75.13,412,367,89.08,365,281,76.99,74,15.04,93.08,69.13,73.92,78.99,25.043574,94.293216,2025-03-31
MAN-UKH-04-028,Manipur,Ukhrul,Jessami,Jessami Local Council Group 06,Jessami Demo Village 028,2829,702,445,348,184,52.87,351,270,76.92,334,170,50.90,396,285,71.97,69,15.51,53.9,77.92,47.87,77.97,25.164953,94.456954,2025-03-31
MAN-UKH-04-029,Manipur,Ukhrul,Jessami,Jessami Local Council Group 06,Jessami Demo Village 029,1801,436,355,279,259,92.83,291,212,72.85,335,238,71.04,261,245,93.87,42,11.83,71.04,72.85,96.83,93.87,25.14726,94.407034,2025-03-31
MAN-UKH-04-030,Manipur,Ukhrul,Jessami,Jessami Local Council Group 06,Jessami Demo Village 030,3253,591,583,505,419,82.97,534,470,88.01,548,455,83.03,545,447,82.02,60,10.29,79.03,86.01,79.97,77.02,25.196278,94.301592,2025-03-31
MAN-UKH-04-031,Manipur,Ukhrul,Jessami,Jessami Local Council Group 07,Jessami Demo Village 031,3220,571,371,292,260,89.04,367,294,80.11,271,136,50.18,278,242,87.05,55,14.82,47.18,78.11,85.04,85.05,25.035118,94.454143,2025-03-31
